Using pre-set license
Built from '2022.3/staging' branch; Version is '2022.3.45f1 (a13dfa44d684) revision 10567162'; Using compiler version '192829333'; Build Type 'Release'
OS: 'Windows 10  (10.0.19045) 64bit Professional' Language: 'cs' Physical Memory: 16307 MB
BatchMode: 1, IsHumanControllingUs: 0, StartBugReporterOnCrash: 0, Is64bit: 1, IsPro: 1

COMMAND LINE ARGUMENTS:
C:\Program Files\Unity\Hub\Editor\2022.3.45f1\Editor\Unity.exe
-adb2
-batchMode
-noUpm
-name
AssetImportWorker11
-projectPath
C:/Users/voky/AgainstTheSlimeStorm/Against the slime storm
-logFile
Logs/AssetImportWorker11.log
-srvPort
57713
Successfully changed project path to: C:/Users/voky/AgainstTheSlimeStorm/Against the slime storm
C:/Users/voky/AgainstTheSlimeStorm/Against the slime storm
[UnityMemory] Configuration Parameters - Can be set up in boot.config
    "memorysetup-bucket-allocator-granularity=16"
    "memorysetup-bucket-allocator-bucket-count=8"
    "memorysetup-bucket-allocator-block-size=33554432"
    "memorysetup-bucket-allocator-block-count=8"
    "memorysetup-main-allocator-block-size=16777216"
    "memorysetup-thread-allocator-block-size=16777216"
    "memorysetup-gfx-main-allocator-block-size=16777216"
    "memorysetup-gfx-thread-allocator-block-size=16777216"
    "memorysetup-cache-allocator-block-size=4194304"
    "memorysetup-typetree-allocator-block-size=2097152"
    "memorysetup-profiler-bucket-allocator-granularity=16"
    "memorysetup-profiler-bucket-allocator-bucket-count=8"
    "memorysetup-profiler-bucket-allocator-block-size=33554432"
    "memorysetup-profiler-bucket-allocator-block-count=8"
    "memorysetup-profiler-allocator-block-size=16777216"
    "memorysetup-profiler-editor-allocator-block-size=1048576"
    "memorysetup-temp-allocator-size-main=16777216"
    "memorysetup-job-temp-allocator-block-size=2097152"
    "memorysetup-job-temp-allocator-block-size-background=1048576"
    "memorysetup-job-temp-allocator-reduction-small-platforms=262144"
    "memorysetup-allocator-temp-initial-block-size-main=262144"
    "memorysetup-allocator-temp-initial-block-size-worker=262144"
    "memorysetup-temp-allocator-size-background-worker=32768"
    "memorysetup-temp-allocator-size-job-worker=262144"
    "memorysetup-temp-allocator-size-preload-manager=33554432"
    "memorysetup-temp-allocator-size-nav-mesh-worker=65536"
    "memorysetup-temp-allocator-size-audio-worker=65536"
    "memorysetup-temp-allocator-size-cloud-worker=32768"
    "memorysetup-temp-allocator-size-gi-baking-worker=262144"
    "memorysetup-temp-allocator-size-gfx=262144"
Player connection [23824]  Target information:

Player connection [23824]  * "[IP] 192.168.100.2 [Port] 0 [Flags] 2 [Guid] 2633909168 [EditorId] 2633909168 [Version] 1048832 [Id] WindowsEditor(7,DESKTOP-V7SGJ0O) [Debug] 1 [PackageName] WindowsEditor [ProjectName] Editor" 

Player connection [23824]  * "[IP] 26.131.182.46 [Port] 0 [Flags] 2 [Guid] 2633909168 [EditorId] 2633909168 [Version] 1048832 [Id] WindowsEditor(7,DESKTOP-V7SGJ0O) [Debug] 1 [PackageName] WindowsEditor [ProjectName] Editor" 

Player connection [23824] Host joined multi-casting on [225.0.0.222:54997]...
Player connection [23824] Host joined alternative multi-casting on [225.0.0.222:34997]...
[PhysX] Initialized MultithreadedTaskDispatcher with 12 workers.
Refreshing native plugins compatible for Editor in 8.77 ms, found 3 plugins.
Preloading 0 native plugins for Editor in 0.00 ms.
Initialize engine version: 2022.3.45f1 (a13dfa44d684)
[Subsystems] Discovering subsystems at path C:/Program Files/Unity/Hub/Editor/2022.3.45f1/Editor/Data/Resources/UnitySubsystems
[Subsystems] Discovering subsystems at path C:/Users/voky/AgainstTheSlimeStorm/Against the slime storm/Assets
GfxDevice: creating device client; threaded=0; jobified=0
Direct3D:
    Version:  Direct3D 11.0 [level 11.1]
    Renderer: Radeon RX 570 Series (ID=0x67df)
    Vendor:   ATI
    VRAM:     4074 MB
    Driver:   31.0.21916.2
Initialize mono
Mono path[0] = 'C:/Program Files/Unity/Hub/Editor/2022.3.45f1/Editor/Data/Managed'
Mono path[1] = 'C:/Program Files/Unity/Hub/Editor/2022.3.45f1/Editor/Data/MonoBleedingEdge/lib/mono/unityjit-win32'
Mono config path = 'C:/Program Files/Unity/Hub/Editor/2022.3.45f1/Editor/Data/MonoBleedingEdge/etc'
Using monoOptions --debugger-agent=transport=dt_socket,embedding=1,server=y,suspend=n,address=127.0.0.1:56924
Begin MonoManager ReloadAssembly
Registering precompiled unity dll's ...
Register platform support module: C:/Program Files/Unity/Hub/Editor/2022.3.45f1/Editor/Data/PlaybackEngines/WebGLSupport/UnityEditor.WebGL.Extensions.dll
Register platform support module: C:/Program Files/Unity/Hub/Editor/2022.3.45f1/Editor/Data/PlaybackEngines/WindowsStandaloneSupport/UnityEditor.WindowsStandalone.Extensions.dll
Registered in 0.009534 seconds.
- Loaded All Assemblies, in  0.383 seconds
Native extension for WindowsStandalone target not found
Native extension for WebGL target not found
Mono: successfully reloaded assembly
- Finished resetting the current domain, in  0.256 seconds
Domain Reload Profiling: 637ms
	BeginReloadAssembly (136ms)
		ExecutionOrderSort (0ms)
		DisableScriptedObjects (0ms)
		BackupInstance (0ms)
		ReleaseScriptingObjects (0ms)
		CreateAndSetChildDomain (1ms)
	RebuildCommonClasses (34ms)
	RebuildNativeTypeToScriptingClass (12ms)
	initialDomainReloadingComplete (58ms)
	LoadAllAssembliesAndSetupDomain (141ms)
		LoadAssemblies (134ms)
		RebuildTransferFunctionScriptingTraits (0ms)
		AnalyzeDomain (139ms)
			TypeCache.Refresh (138ms)
				TypeCache.ScanAssembly (125ms)
			ScanForSourceGeneratedMonoScriptInfo (0ms)
			ResolveRequiredComponents (0ms)
	FinalizeReload (256ms)
		ReleaseScriptCaches (0ms)
		RebuildScriptCaches (0ms)
		SetupLoadedEditorAssemblies (211ms)
			LogAssemblyErrors (0ms)
			InitializePlatformSupportModulesInManaged (11ms)
			SetLoadedEditorAssemblies (5ms)
			RefreshPlugins (0ms)
			BeforeProcessingInitializeOnLoad (2ms)
			ProcessInitializeOnLoadAttributes (150ms)
			ProcessInitializeOnLoadMethodAttributes (44ms)
			AfterProcessingInitializeOnLoad (0ms)
			EditorAssembliesLoaded (0ms)
		ExecutionOrderSort2 (0ms)
		AwakeInstancesAfterBackupRestoration (0ms)
========================================================================
Worker process is ready to serve import requests
Caller must complete domain reload
Begin MonoManager ReloadAssembly
- Loaded All Assemblies, in  0.601 seconds
Native extension for WindowsStandalone target not found
Native extension for WebGL target not found
Package Manager log level set to [2]
[Package Manager] Server::EnsureServerProcessIsRunning -- launch failed, reason: Unity was launched with the -noUpm command-line argument
[Package Manager] UpmClient::Send -- Unable to send message (not connected to UPM process).
[Package Manager] Cannot connect to Unity Package Manager local server
Mono: successfully reloaded assembly
- Finished resetting the current domain, in  0.572 seconds
Domain Reload Profiling: 1171ms
	BeginReloadAssembly (136ms)
		ExecutionOrderSort (0ms)
		DisableScriptedObjects (5ms)
		BackupInstance (0ms)
		ReleaseScriptingObjects (0ms)
		CreateAndSetChildDomain (20ms)
	RebuildCommonClasses (32ms)
	RebuildNativeTypeToScriptingClass (11ms)
	initialDomainReloadingComplete (39ms)
	LoadAllAssembliesAndSetupDomain (381ms)
		LoadAssemblies (267ms)
		RebuildTransferFunctionScriptingTraits (0ms)
		AnalyzeDomain (191ms)
			TypeCache.Refresh (169ms)
				TypeCache.ScanAssembly (155ms)
			ScanForSourceGeneratedMonoScriptInfo (15ms)
			ResolveRequiredComponents (6ms)
	FinalizeReload (572ms)
		ReleaseScriptCaches (0ms)
		RebuildScriptCaches (0ms)
		SetupLoadedEditorAssemblies (451ms)
			LogAssemblyErrors (0ms)
			InitializePlatformSupportModulesInManaged (9ms)
			SetLoadedEditorAssemblies (3ms)
			RefreshPlugins (0ms)
			BeforeProcessingInitializeOnLoad (56ms)
			ProcessInitializeOnLoadAttributes (356ms)
			ProcessInitializeOnLoadMethodAttributes (20ms)
			AfterProcessingInitializeOnLoad (7ms)
			EditorAssembliesLoaded (0ms)
		ExecutionOrderSort2 (0ms)
		AwakeInstancesAfterBackupRestoration (6ms)
Launched and connected shader compiler UnityShaderCompiler.exe after 0.04 seconds
Refreshing native plugins compatible for Editor in 3.02 ms, found 3 plugins.
Preloading 0 native plugins for Editor in 0.00 ms.
Unloading 3147 Unused Serialized files (Serialized files now loaded: 0)
Unloading 19 unused Assets / (54.8 KB). Loaded Objects now: 3637.
Memory consumption went from 134.1 MB to 134.0 MB.
Total: 2.861800 ms (FindLiveObjects: 0.308400 ms CreateObjectMapping: 0.078200 ms MarkObjects: 2.374600 ms  DeleteObjects: 0.098700 ms)

AssetImportParameters requested are different than current active one (requested -> active):
  custom:container-demuxer-ogg: 62fdf1f143b41e24485cea50d1cbac27 -> 
  custom:video-decoder-ogg-theora: a1e56fd34408186e4bbccfd4996cb3dc -> 
  custom:framework-win-MediaFoundation: 216162199b28c13a410421893ffa2e32 -> 
  custom:CustomObjectIndexerAttribute: 9a22284fe3817be447336de3de66b15e -> 
  custom:scripting/monoscript/fileName/Readme.cs: 5aedf578fb2663036982fb7b05aaf325 -> 
  custom:container-demuxer-webm: 4f35f7cbe854078d1ac9338744f61a02 -> 
  custom:container-muxer-webm: aa71ff27fc2769a1b78a27578f13a17b -> 
  custom:scripting/monoscript/fileName/ReadmeEditor.cs: ff7ced1e41c1b99ddf5dfefc88f6bd50 -> 
  custom:video-decoder-webm-vp8: 9c59270c3fd7afecdb556c50c9e8de78 -> 
  custom:SearchIndexIgnoredProperties: e643bd26f0fe6173181afceb89e7c659 -> 
  custom:AudioImporter_EditorPlatform: d09bf68614088b80899f8185d706f6e7 -> 
  custom:video-encoder-webm-vp8: eb34c28f22e8b96e1ab97ce403110664 -> 
  custom:audio-decoder-ogg-vorbis: bf7c407c2cedff20999df2af8eb42d56 -> 
  custom:audio-encoder-webm-vorbis: bf7c407c2cedff20999df2af8eb42d56 -> 
  custom:scripting/monoscript/fileName/WaterReflection.cs: f1c57f2ce2c094032b710e8e5eb21bd7 -> 
========================================================================
Received Import Request.
  Time since last request: 4922.965943 seconds.
  path: Assets/FantasyEnvironments/Environments/FBX/Bush1.fbx
  artifactKey: Guid(f93e6482cb24f0c4494510d08f0b66e3) Importer(815301076,1909f56bfc062723c751e8b465ee728b)
Start importing Assets/FantasyEnvironments/Environments/FBX/Bush1.fbx using Guid(f93e6482cb24f0c4494510d08f0b66e3) Importer(815301076,1909f56bfc062723c751e8b465ee728b) [PhysX] Initialized MultithreadedTaskDispatcher with 12 workers.
[PhysX] Initialized MultithreadedTaskDispatcher with 12 workers.
[PhysX] Initialized MultithreadedTaskDispatcher with 12 workers.
 -> (artifact id: '8e33c55be9b3b04c86c5e842747bd411') in 0.137041 seconds
Number of updated asset objects reloaded before import = 0
Number of asset objects unloaded after import = 9
========================================================================
Received Import Request.
  Time since last request: 0.000023 seconds.
  path: Assets/FantasyEnvironments/Environments/FBX/Flower8.fbx
  artifactKey: Guid(08cc5c2c7dd9b644d8fa3ece3231d75b) Importer(815301076,1909f56bfc062723c751e8b465ee728b)
Start importing Assets/FantasyEnvironments/Environments/FBX/Flower8.fbx using Guid(08cc5c2c7dd9b644d8fa3ece3231d75b) Importer(815301076,1909f56bfc062723c751e8b465ee728b) [PhysX] Initialized MultithreadedTaskDispatcher with 12 workers.
[PhysX] Initialized MultithreadedTaskDispatcher with 12 workers.
[PhysX] Initialized MultithreadedTaskDispatcher with 12 workers.
 -> (artifact id: '9a5344ec9c2f261d3380837a8ca113e2') in 0.022684 seconds
Number of updated asset objects reloaded before import = 0
Number of asset objects unloaded after import = 9
========================================================================
Received Import Request.
  Time since last request: 0.000039 seconds.
  path: Assets/FantasyEnvironments/Environments/FBX/Flower1.fbx
  artifactKey: Guid(d9b2cda8a1e050e478497f2213c37e99) Importer(815301076,1909f56bfc062723c751e8b465ee728b)
Start importing Assets/FantasyEnvironments/Environments/FBX/Flower1.fbx using Guid(d9b2cda8a1e050e478497f2213c37e99) Importer(815301076,1909f56bfc062723c751e8b465ee728b) [PhysX] Initialized MultithreadedTaskDispatcher with 12 workers.
[PhysX] Initialized MultithreadedTaskDispatcher with 12 workers.
[PhysX] Initialized MultithreadedTaskDispatcher with 12 workers.
 -> (artifact id: 'fdc515d33ea0d811f8b60c7733276eac') in 0.020128 seconds
Number of updated asset objects reloaded before import = 0
Number of asset objects unloaded after import = 9
========================================================================
Received Import Request.
  Time since last request: 0.000035 seconds.
  path: Assets/FantasyEnvironments/Environments/FBX/Plant4.FBX
  artifactKey: Guid(c4f88f3124028474187279adb2980734) Importer(815301076,1909f56bfc062723c751e8b465ee728b)
Start importing Assets/FantasyEnvironments/Environments/FBX/Plant4.FBX using Guid(c4f88f3124028474187279adb2980734) Importer(815301076,1909f56bfc062723c751e8b465ee728b) [PhysX] Initialized MultithreadedTaskDispatcher with 12 workers.
[PhysX] Initialized MultithreadedTaskDispatcher with 12 workers.
[PhysX] Initialized MultithreadedTaskDispatcher with 12 workers.
 -> (artifact id: 'f727ae390d5d9f7fe8baaf4fd9fff879') in 0.022238 seconds
Number of updated asset objects reloaded before import = 0
Number of asset objects unloaded after import = 9
========================================================================
Received Import Request.
  Time since last request: 0.000020 seconds.
  path: Assets/FantasyEnvironments/Environments/FBX/Plant5.FBX
  artifactKey: Guid(db55fe2c4aef2744baea55a654b94016) Importer(815301076,1909f56bfc062723c751e8b465ee728b)
Start importing Assets/FantasyEnvironments/Environments/FBX/Plant5.FBX using Guid(db55fe2c4aef2744baea55a654b94016) Importer(815301076,1909f56bfc062723c751e8b465ee728b) [PhysX] Initialized MultithreadedTaskDispatcher with 12 workers.
[PhysX] Initialized MultithreadedTaskDispatcher with 12 workers.
[PhysX] Initialized MultithreadedTaskDispatcher with 12 workers.
 -> (artifact id: '58dce248630b64f2784bbd3aa7fc2d2b') in 0.021937 seconds
Number of updated asset objects reloaded before import = 0
Number of asset objects unloaded after import = 9
========================================================================
Received Import Request.
  Time since last request: 0.000018 seconds.
  path: Assets/FantasyEnvironments/Environments/FBX/Fern3.fbx
  artifactKey: Guid(844781fe3db822648b51a53b3ac4cf6d) Importer(815301076,1909f56bfc062723c751e8b465ee728b)
Start importing Assets/FantasyEnvironments/Environments/FBX/Fern3.fbx using Guid(844781fe3db822648b51a53b3ac4cf6d) Importer(815301076,1909f56bfc062723c751e8b465ee728b) [PhysX] Initialized MultithreadedTaskDispatcher with 12 workers.
[PhysX] Initialized MultithreadedTaskDispatcher with 12 workers.
[PhysX] Initialized MultithreadedTaskDispatcher with 12 workers.
 -> (artifact id: '557720fcab92629f6291c12c4ff4178d') in 0.021250 seconds
Number of updated asset objects reloaded before import = 0
Number of asset objects unloaded after import = 9
========================================================================
Received Import Request.
  Time since last request: 1.330601 seconds.
  path: Assets/FantasyEnvironments/Environments/Materials/Plant.mat
  artifactKey: Guid(7805f02cde847fa488989988fbc3d7eb) Importer(815301076,1909f56bfc062723c751e8b465ee728b)
Start importing Assets/FantasyEnvironments/Environments/Materials/Plant.mat using Guid(7805f02cde847fa488989988fbc3d7eb) Importer(815301076,1909f56bfc062723c751e8b465ee728b) [PhysX] Initialized MultithreadedTaskDispatcher with 12 workers.
[PhysX] Initialized MultithreadedTaskDispatcher with 12 workers.
 -> (artifact id: '134363e7d989efed82b31f76c178a4f2') in 0.028556 seconds
Number of updated asset objects reloaded before import = 0
Number of asset objects unloaded after import = 2
========================================================================
Received Import Request.
  Time since last request: 20.085780 seconds.
  path: Assets/FantasyEnvironments/Environments/Textures/Plant 1.tga
  artifactKey: Guid(df100adad7b77c046a723bd6f76372c7) Importer(815301076,1909f56bfc062723c751e8b465ee728b)
Start importing Assets/FantasyEnvironments/Environments/Textures/Plant 1.tga using Guid(df100adad7b77c046a723bd6f76372c7) Importer(815301076,1909f56bfc062723c751e8b465ee728b) [PhysX] Initialized MultithreadedTaskDispatcher with 12 workers.
[PhysX] Initialized MultithreadedTaskDispatcher with 12 workers.
 -> (artifact id: '57856e9d26c4949b2d2ae1653e47c754') in 0.028114 seconds
Number of updated asset objects reloaded before import = 0
Number of asset objects unloaded after import = 2
========================================================================
Received Import Request.
  Time since last request: 5.277493 seconds.
  path: Assets/FantasyEnvironments/Environments/TerrainLayers/layer_ground_road.terrainlayer
  artifactKey: Guid(44c91ff670f3f3a4baa73d3d6b595aa3) Importer(815301076,1909f56bfc062723c751e8b465ee728b)
Start importing Assets/FantasyEnvironments/Environments/TerrainLayers/layer_ground_road.terrainlayer using Guid(44c91ff670f3f3a4baa73d3d6b595aa3) Importer(815301076,1909f56bfc062723c751e8b465ee728b) [PhysX] Initialized MultithreadedTaskDispatcher with 12 workers.
 -> (artifact id: '48aface296a637d8867a95be3ed704f3') in 0.018868 seconds
Number of updated asset objects reloaded before import = 0
Number of asset objects unloaded after import = 2
========================================================================
Received Import Request.
  Time since last request: 1.136663 seconds.
  path: Assets/FantasyEnvironments/Environments/Materials/Plant.mat
  artifactKey: Guid(7805f02cde847fa488989988fbc3d7eb) Importer(815301076,1909f56bfc062723c751e8b465ee728b)
Start importing Assets/FantasyEnvironments/Environments/Materials/Plant.mat using Guid(7805f02cde847fa488989988fbc3d7eb) Importer(815301076,1909f56bfc062723c751e8b465ee728b) [PhysX] Initialized MultithreadedTaskDispatcher with 12 workers.
[PhysX] Initialized MultithreadedTaskDispatcher with 12 workers.
 -> (artifact id: 'c584e4de3b1545f557961df065d9f3aa') in 0.033027 seconds
Number of updated asset objects reloaded before import = 0
Number of asset objects unloaded after import = 1
========================================================================
Received Import Request.
  Time since last request: 6.364618 seconds.
  path: Assets/FantasyEnvironments/Environments/FBX/Bush1.fbx
  artifactKey: Guid(f93e6482cb24f0c4494510d08f0b66e3) Importer(815301076,1909f56bfc062723c751e8b465ee728b)
Start importing Assets/FantasyEnvironments/Environments/FBX/Bush1.fbx using Guid(f93e6482cb24f0c4494510d08f0b66e3) Importer(815301076,1909f56bfc062723c751e8b465ee728b) [PhysX] Initialized MultithreadedTaskDispatcher with 12 workers.
[PhysX] Initialized MultithreadedTaskDispatcher with 12 workers.
[PhysX] Initialized MultithreadedTaskDispatcher with 12 workers.
 -> (artifact id: 'd19017b1aaa5b73688f18aa94dd2dfbd') in 0.016176 seconds
Number of updated asset objects reloaded before import = 0
Number of asset objects unloaded after import = 7
========================================================================
Received Import Request.
  Time since last request: 0.000018 seconds.
  path: Assets/FantasyEnvironments/Environments/FBX/Plant1.fbx
  artifactKey: Guid(108b6bb4445826d4ba4f563d544c68f2) Importer(815301076,1909f56bfc062723c751e8b465ee728b)
Start importing Assets/FantasyEnvironments/Environments/FBX/Plant1.fbx using Guid(108b6bb4445826d4ba4f563d544c68f2) Importer(815301076,1909f56bfc062723c751e8b465ee728b) [PhysX] Initialized MultithreadedTaskDispatcher with 12 workers.
[PhysX] Initialized MultithreadedTaskDispatcher with 12 workers.
[PhysX] Initialized MultithreadedTaskDispatcher with 12 workers.
 -> (artifact id: '4d78bd31e6f1661d22ebb32c58a54bfe') in 0.018609 seconds
Number of updated asset objects reloaded before import = 0
Number of asset objects unloaded after import = 7
========================================================================
Received Import Request.
  Time since last request: 0.000016 seconds.
  path: Assets/FantasyEnvironments/Environments/FBX/Stone3.fbx
  artifactKey: Guid(40f8bd6a7a4fd0546babb86424cedae4) Importer(815301076,1909f56bfc062723c751e8b465ee728b)
Start importing Assets/FantasyEnvironments/Environments/FBX/Stone3.fbx using Guid(40f8bd6a7a4fd0546babb86424cedae4) Importer(815301076,1909f56bfc062723c751e8b465ee728b) [PhysX] Initialized MultithreadedTaskDispatcher with 12 workers.
[PhysX] Initialized MultithreadedTaskDispatcher with 12 workers.
[PhysX] Initialized MultithreadedTaskDispatcher with 12 workers.
[PhysX] Initialized MultithreadedTaskDispatcher with 12 workers.
[PhysX] Initialized MultithreadedTaskDispatcher with 12 workers.
[PhysX] Initialized MultithreadedTaskDispatcher with 12 workers.
[PhysX] Initialized MultithreadedTaskDispatcher with 12 workers.
[PhysX] Initialized MultithreadedTaskDispatcher with 12 workers.
 -> (artifact id: '9192a672284b3b748a38678bf4cdb44e') in 0.036276 seconds
Number of updated asset objects reloaded before import = 0
Number of asset objects unloaded after import = 20
========================================================================
Received Import Request.
  Time since last request: 0.000016 seconds.
  path: Assets/FantasyEnvironments/Environments/FBX/Rock3.fbx
  artifactKey: Guid(d4b241c485632de4681f506d0b31c588) Importer(815301076,1909f56bfc062723c751e8b465ee728b)
Start importing Assets/FantasyEnvironments/Environments/FBX/Rock3.fbx using Guid(d4b241c485632de4681f506d0b31c588) Importer(815301076,1909f56bfc062723c751e8b465ee728b) [PhysX] Initialized MultithreadedTaskDispatcher with 12 workers.
[PhysX] Initialized MultithreadedTaskDispatcher with 12 workers.
[PhysX] Initialized MultithreadedTaskDispatcher with 12 workers.
 -> (artifact id: 'f909cd7e2f3bec0a440e01442e1fe985') in 0.014830 seconds
Number of updated asset objects reloaded before import = 0
Number of asset objects unloaded after import = 8
========================================================================
Received Import Request.
  Time since last request: 0.000017 seconds.
  path: Assets/FantasyEnvironments/Environments/FBX/Flower5.fbx
  artifactKey: Guid(80d8360431edd3348ab6965deb624c9a) Importer(815301076,1909f56bfc062723c751e8b465ee728b)
Start importing Assets/FantasyEnvironments/Environments/FBX/Flower5.fbx using Guid(80d8360431edd3348ab6965deb624c9a) Importer(815301076,1909f56bfc062723c751e8b465ee728b) [PhysX] Initialized MultithreadedTaskDispatcher with 12 workers.
[PhysX] Initialized MultithreadedTaskDispatcher with 12 workers.
[PhysX] Initialized MultithreadedTaskDispatcher with 12 workers.
 -> (artifact id: '4b7fd2ec8940328e1775208c4628a168') in 0.015488 seconds
Number of updated asset objects reloaded before import = 0
Number of asset objects unloaded after import = 7
========================================================================
Received Import Request.
  Time since last request: 0.000016 seconds.
  path: Assets/FantasyEnvironments/Environments/FBX/Mushroom5.fbx
  artifactKey: Guid(42f444b29b33b59438c6975013d78d82) Importer(815301076,1909f56bfc062723c751e8b465ee728b)
Start importing Assets/FantasyEnvironments/Environments/FBX/Mushroom5.fbx using Guid(42f444b29b33b59438c6975013d78d82) Importer(815301076,1909f56bfc062723c751e8b465ee728b) [PhysX] Initialized MultithreadedTaskDispatcher with 12 workers.
[PhysX] Initialized MultithreadedTaskDispatcher with 12 workers.
[PhysX] Initialized MultithreadedTaskDispatcher with 12 workers.
 -> (artifact id: '8d425bb938ae24a65e5ed83557b6f8e6') in 0.016920 seconds
Number of updated asset objects reloaded before import = 0
Number of asset objects unloaded after import = 7
========================================================================
Received Import Request.
  Time since last request: 0.000025 seconds.
  path: Assets/FantasyEnvironments/Environments/FBX/Flower8.fbx
  artifactKey: Guid(08cc5c2c7dd9b644d8fa3ece3231d75b) Importer(815301076,1909f56bfc062723c751e8b465ee728b)
Start importing Assets/FantasyEnvironments/Environments/FBX/Flower8.fbx using Guid(08cc5c2c7dd9b644d8fa3ece3231d75b) Importer(815301076,1909f56bfc062723c751e8b465ee728b) [PhysX] Initialized MultithreadedTaskDispatcher with 12 workers.
[PhysX] Initialized MultithreadedTaskDispatcher with 12 workers.
[PhysX] Initialized MultithreadedTaskDispatcher with 12 workers.
 -> (artifact id: 'b1eeb755d93fe63942a2f68bf5af4a9d') in 0.017006 seconds
Number of updated asset objects reloaded before import = 0
Number of asset objects unloaded after import = 7
========================================================================
Received Import Request.
  Time since last request: 0.000019 seconds.
  path: Assets/FantasyEnvironments/Environments/FBX/Flower9.fbx
  artifactKey: Guid(49c71e5f6d76be64bbe1ea89f3483c38) Importer(815301076,1909f56bfc062723c751e8b465ee728b)
Start importing Assets/FantasyEnvironments/Environments/FBX/Flower9.fbx using Guid(49c71e5f6d76be64bbe1ea89f3483c38) Importer(815301076,1909f56bfc062723c751e8b465ee728b) [PhysX] Initialized MultithreadedTaskDispatcher with 12 workers.
[PhysX] Initialized MultithreadedTaskDispatcher with 12 workers.
[PhysX] Initialized MultithreadedTaskDispatcher with 12 workers.
 -> (artifact id: 'e8d6f485b91a07a65de404ea8dd60b14') in 0.015032 seconds
Number of updated asset objects reloaded before import = 0
Number of asset objects unloaded after import = 7
========================================================================
Received Import Request.
  Time since last request: 0.000041 seconds.
  path: Assets/FantasyEnvironments/Environments/FBX/Plant4.FBX
  artifactKey: Guid(c4f88f3124028474187279adb2980734) Importer(815301076,1909f56bfc062723c751e8b465ee728b)
Start importing Assets/FantasyEnvironments/Environments/FBX/Plant4.FBX using Guid(c4f88f3124028474187279adb2980734) Importer(815301076,1909f56bfc062723c751e8b465ee728b) [PhysX] Initialized MultithreadedTaskDispatcher with 12 workers.
[PhysX] Initialized MultithreadedTaskDispatcher with 12 workers.
[PhysX] Initialized MultithreadedTaskDispatcher with 12 workers.
 -> (artifact id: '79e9b0ee9474947f4c114ee9647890d7') in 0.015719 seconds
Number of updated asset objects reloaded before import = 0
Number of asset objects unloaded after import = 7
========================================================================
Received Import Request.
  Time since last request: 0.000022 seconds.
  path: Assets/FantasyEnvironments/Environments/FBX/Stone2.fbx
  artifactKey: Guid(193d92fc48f3f1e40b415f21fc05d5a4) Importer(815301076,1909f56bfc062723c751e8b465ee728b)
Start importing Assets/FantasyEnvironments/Environments/FBX/Stone2.fbx using Guid(193d92fc48f3f1e40b415f21fc05d5a4) Importer(815301076,1909f56bfc062723c751e8b465ee728b) [PhysX] Initialized MultithreadedTaskDispatcher with 12 workers.
[PhysX] Initialized MultithreadedTaskDispatcher with 12 workers.
[PhysX] Initialized MultithreadedTaskDispatcher with 12 workers.
[PhysX] Initialized MultithreadedTaskDispatcher with 12 workers.
[PhysX] Initialized MultithreadedTaskDispatcher with 12 workers.
[PhysX] Initialized MultithreadedTaskDispatcher with 12 workers.
[PhysX] Initialized MultithreadedTaskDispatcher with 12 workers.
[PhysX] Initialized MultithreadedTaskDispatcher with 12 workers.
 -> (artifact id: '7c728ead39dd95d233bc64644081140b') in 0.034507 seconds
Number of updated asset objects reloaded before import = 0
Number of asset objects unloaded after import = 20
========================================================================
Received Import Request.
  Time since last request: 0.000016 seconds.
  path: Assets/FantasyEnvironments/Environments/FBX/Mushroom4.FBX
  artifactKey: Guid(5d978cdd2d3ac934ba544d84793e2ec2) Importer(815301076,1909f56bfc062723c751e8b465ee728b)
Start importing Assets/FantasyEnvironments/Environments/FBX/Mushroom4.FBX using Guid(5d978cdd2d3ac934ba544d84793e2ec2) Importer(815301076,1909f56bfc062723c751e8b465ee728b) [PhysX] Initialized MultithreadedTaskDispatcher with 12 workers.
[PhysX] Initialized MultithreadedTaskDispatcher with 12 workers.
[PhysX] Initialized MultithreadedTaskDispatcher with 12 workers.
 -> (artifact id: '117ed49699b8d0393a0d524777f06cb0') in 0.014557 seconds
Number of updated asset objects reloaded before import = 0
Number of asset objects unloaded after import = 7
========================================================================
Received Import Request.
  Time since last request: 5.912784 seconds.
  path: Assets/FantasyEnvironments/Environments/Ambient-Occlusion-Trees/Materials/Birch_bark.mat
  artifactKey: Guid(7ed001e11f025264c8b5dfc5b0702319) Importer(815301076,1909f56bfc062723c751e8b465ee728b)
Start importing Assets/FantasyEnvironments/Environments/Ambient-Occlusion-Trees/Materials/Birch_bark.mat using Guid(7ed001e11f025264c8b5dfc5b0702319) Importer(815301076,1909f56bfc062723c751e8b465ee728b) [PhysX] Initialized MultithreadedTaskDispatcher with 12 workers.
[PhysX] Initialized MultithreadedTaskDispatcher with 12 workers.
 -> (artifact id: '13e4ef46cd1f7f2e11be81cffc79810d') in 0.016753 seconds
Number of updated asset objects reloaded before import = 0
Number of asset objects unloaded after import = 2
========================================================================
Received Import Request.
  Time since last request: 0.000016 seconds.
  path: Assets/FantasyEnvironments/Environments/Ambient-Occlusion-Trees/Materials/Oak_leaves.mat
  artifactKey: Guid(f0fc4479c6cf20c41a330110c6260929) Importer(815301076,1909f56bfc062723c751e8b465ee728b)
Start importing Assets/FantasyEnvironments/Environments/Ambient-Occlusion-Trees/Materials/Oak_leaves.mat using Guid(f0fc4479c6cf20c41a330110c6260929) Importer(815301076,1909f56bfc062723c751e8b465ee728b) [PhysX] Initialized MultithreadedTaskDispatcher with 12 workers.
[PhysX] Initialized MultithreadedTaskDispatcher with 12 workers.
 -> (artifact id: '3dcfca94da86d2d2af4f0f02997cea92') in 0.014312 seconds
Number of updated asset objects reloaded before import = 0
Number of asset objects unloaded after import = 2
========================================================================
Received Import Request.
  Time since last request: 0.000025 seconds.
  path: Assets/FantasyEnvironments/Environments/Ambient-Occlusion-Trees/Materials/Willow_leaves.mat
  artifactKey: Guid(97b0db431770d9e459321d4a036c72d9) Importer(815301076,1909f56bfc062723c751e8b465ee728b)
Start importing Assets/FantasyEnvironments/Environments/Ambient-Occlusion-Trees/Materials/Willow_leaves.mat using Guid(97b0db431770d9e459321d4a036c72d9) Importer(815301076,1909f56bfc062723c751e8b465ee728b) [PhysX] Initialized MultithreadedTaskDispatcher with 12 workers.
[PhysX] Initialized MultithreadedTaskDispatcher with 12 workers.
 -> (artifact id: 'f749f154c2ff6a0dbdeff0a09569c845') in 0.015001 seconds
Number of updated asset objects reloaded before import = 0
Number of asset objects unloaded after import = 2
========================================================================
Received Import Request.
  Time since last request: 0.000022 seconds.
  path: Assets/FantasyEnvironments/Environments/Ambient-Occlusion-Trees/Materials/Pine_leaves.mat
  artifactKey: Guid(b09e7c2aeb26bb84cbfa0586ec3c5bbb) Importer(815301076,1909f56bfc062723c751e8b465ee728b)
Start importing Assets/FantasyEnvironments/Environments/Ambient-Occlusion-Trees/Materials/Pine_leaves.mat using Guid(b09e7c2aeb26bb84cbfa0586ec3c5bbb) Importer(815301076,1909f56bfc062723c751e8b465ee728b) [PhysX] Initialized MultithreadedTaskDispatcher with 12 workers.
[PhysX] Initialized MultithreadedTaskDispatcher with 12 workers.
 -> (artifact id: '191aaaa5e68a848338ec99e711ad825e') in 0.014012 seconds
Number of updated asset objects reloaded before import = 0
Number of asset objects unloaded after import = 2
========================================================================
Received Import Request.
  Time since last request: 0.000024 seconds.
  path: Assets/FantasyEnvironments/Environments/Ambient-Occlusion-Trees/Materials/Tree_bark2.mat
  artifactKey: Guid(e307ecc0c4c82b740b3b129cca74dd1a) Importer(815301076,1909f56bfc062723c751e8b465ee728b)
Start importing Assets/FantasyEnvironments/Environments/Ambient-Occlusion-Trees/Materials/Tree_bark2.mat using Guid(e307ecc0c4c82b740b3b129cca74dd1a) Importer(815301076,1909f56bfc062723c751e8b465ee728b) [PhysX] Initialized MultithreadedTaskDispatcher with 12 workers.
[PhysX] Initialized MultithreadedTaskDispatcher with 12 workers.
 -> (artifact id: '1c6ccb302496463c6f0f7e9e61ee8077') in 0.013218 seconds
Number of updated asset objects reloaded before import = 0
Number of asset objects unloaded after import = 2
========================================================================
Received Import Request.
  Time since last request: 0.421474 seconds.
  path: Assets/FantasyEnvironments/Environments/Ambient-Occlusion-Trees/Prefabs/Birch_tree1.prefab
  artifactKey: Guid(47356d574ebc3a545bfaef26eb02a2ea) Importer(815301076,1909f56bfc062723c751e8b465ee728b)
Start importing Assets/FantasyEnvironments/Environments/Ambient-Occlusion-Trees/Prefabs/Birch_tree1.prefab using Guid(47356d574ebc3a545bfaef26eb02a2ea) Importer(815301076,1909f56bfc062723c751e8b465ee728b) [PhysX] Initialized MultithreadedTaskDispatcher with 12 workers.
[PhysX] Initialized MultithreadedTaskDispatcher with 12 workers.
 -> (artifact id: '71e254519f5f1509430708cd6d8d5dbc') in 0.017372 seconds
Number of updated asset objects reloaded before import = 0
Number of asset objects unloaded after import = 12
========================================================================
Received Import Request.
  Time since last request: 0.000022 seconds.
  path: Assets/FantasyEnvironments/Environments/Ambient-Occlusion-Trees/Prefabs/Willow_tree1.prefab
  artifactKey: Guid(76ca9846e495a3a42a47f16f51d18fb0) Importer(815301076,1909f56bfc062723c751e8b465ee728b)
Start importing Assets/FantasyEnvironments/Environments/Ambient-Occlusion-Trees/Prefabs/Willow_tree1.prefab using Guid(76ca9846e495a3a42a47f16f51d18fb0) Importer(815301076,1909f56bfc062723c751e8b465ee728b) [PhysX] Initialized MultithreadedTaskDispatcher with 12 workers.
[PhysX] Initialized MultithreadedTaskDispatcher with 12 workers.
 -> (artifact id: '912d97b4166df6f5d0051c90f2244213') in 0.016658 seconds
Number of updated asset objects reloaded before import = 0
Number of asset objects unloaded after import = 12
========================================================================
Received Import Request.
  Time since last request: 0.000017 seconds.
  path: Assets/FantasyEnvironments/Environments/Ambient-Occlusion-Trees/Prefabs/Oak_tree2.prefab
  artifactKey: Guid(97c810fbbe2577a45863f4be151b599b) Importer(815301076,1909f56bfc062723c751e8b465ee728b)
Start importing Assets/FantasyEnvironments/Environments/Ambient-Occlusion-Trees/Prefabs/Oak_tree2.prefab using Guid(97c810fbbe2577a45863f4be151b599b) Importer(815301076,1909f56bfc062723c751e8b465ee728b) [PhysX] Initialized MultithreadedTaskDispatcher with 12 workers.
[PhysX] Initialized MultithreadedTaskDispatcher with 12 workers.
 -> (artifact id: 'b69a8c62ce887359370e6cdc1f23bdc0') in 0.018650 seconds
Number of updated asset objects reloaded before import = 0
Number of asset objects unloaded after import = 12
========================================================================
Received Import Request.
  Time since last request: 0.000024 seconds.
  path: Assets/FantasyEnvironments/Environments/Ambient-Occlusion-Trees/Prefabs/Oak_tree3.prefab
  artifactKey: Guid(deb3021f729059242af2e33c46ab5dfb) Importer(815301076,1909f56bfc062723c751e8b465ee728b)
Start importing Assets/FantasyEnvironments/Environments/Ambient-Occlusion-Trees/Prefabs/Oak_tree3.prefab using Guid(deb3021f729059242af2e33c46ab5dfb) Importer(815301076,1909f56bfc062723c751e8b465ee728b) [PhysX] Initialized MultithreadedTaskDispatcher with 12 workers.
[PhysX] Initialized MultithreadedTaskDispatcher with 12 workers.
 -> (artifact id: 'd0949e543c485b56b0ba812da48d3f9b') in 0.015882 seconds
Number of updated asset objects reloaded before import = 0
Number of asset objects unloaded after import = 12
========================================================================
Received Import Request.
  Time since last request: 0.000021 seconds.
  path: Assets/FantasyEnvironments/Environments/Ambient-Occlusion-Trees/Prefabs/Deciduous_tree4.prefab
  artifactKey: Guid(31503e1a3ea2c3049b62e31c4c6c9397) Importer(815301076,1909f56bfc062723c751e8b465ee728b)
Start importing Assets/FantasyEnvironments/Environments/Ambient-Occlusion-Trees/Prefabs/Deciduous_tree4.prefab using Guid(31503e1a3ea2c3049b62e31c4c6c9397) Importer(815301076,1909f56bfc062723c751e8b465ee728b) [PhysX] Initialized MultithreadedTaskDispatcher with 12 workers.
[PhysX] Initialized MultithreadedTaskDispatcher with 12 workers.
 -> (artifact id: '2968ad842a72d284ac997d5ba4704a59') in 0.016854 seconds
Number of updated asset objects reloaded before import = 0
Number of asset objects unloaded after import = 12
========================================================================
Received Import Request.
  Time since last request: 0.000035 seconds.
  path: Assets/FantasyEnvironments/Environments/Ambient-Occlusion-Trees/Prefabs/Pine_tree2.prefab
  artifactKey: Guid(f86a19e11c6b9734ba52832ec45ee16f) Importer(815301076,1909f56bfc062723c751e8b465ee728b)
Start importing Assets/FantasyEnvironments/Environments/Ambient-Occlusion-Trees/Prefabs/Pine_tree2.prefab using Guid(f86a19e11c6b9734ba52832ec45ee16f) Importer(815301076,1909f56bfc062723c751e8b465ee728b) [PhysX] Initialized MultithreadedTaskDispatcher with 12 workers.
[PhysX] Initialized MultithreadedTaskDispatcher with 12 workers.
 -> (artifact id: '749ac8dd326c3f75b60e011384ab5d7b') in 0.015596 seconds
Number of updated asset objects reloaded before import = 0
Number of asset objects unloaded after import = 12
========================================================================
Received Import Request.
  Time since last request: 16.703648 seconds.
  path: Assets/Fantasy Skybox FREE/Scenes/TerrainDirt.terrainlayer
  artifactKey: Guid(d62e27a62f70e074eba77bbd9259e732) Importer(815301076,1909f56bfc062723c751e8b465ee728b)
Start importing Assets/Fantasy Skybox FREE/Scenes/TerrainDirt.terrainlayer using Guid(d62e27a62f70e074eba77bbd9259e732) Importer(815301076,1909f56bfc062723c751e8b465ee728b) [PhysX] Initialized MultithreadedTaskDispatcher with 12 workers.
 -> (artifact id: 'f8d238ecdbeee152d27ce564dc952e04') in 0.016181 seconds
Number of updated asset objects reloaded before import = 0
Number of asset objects unloaded after import = 4
========================================================================
Received Import Request.
  Time since last request: 151.328451 seconds.
  path: Assets/New Terrain.asset
  artifactKey: Guid(4ebc34af6f00ca04d9b0f849e72bc5a2) Importer(815301076,1909f56bfc062723c751e8b465ee728b)
Start importing Assets/New Terrain.asset using Guid(4ebc34af6f00ca04d9b0f849e72bc5a2) Importer(815301076,1909f56bfc062723c751e8b465ee728b) [PhysX] Initialized MultithreadedTaskDispatcher with 12 workers.
[PhysX] Initialized MultithreadedTaskDispatcher with 12 workers.
 -> (artifact id: '0ba3d0fdb336f561e7df94ca52ddeee6') in 0.017074 seconds
Number of updated asset objects reloaded before import = 0
Number of asset objects unloaded after import = 3
========================================================================
Received Import Request.
  Time since last request: 2.084226 seconds.
  path: Assets/FantasyEnvironments/Environments
  artifactKey: Guid(b65037222b1418248ad5e3d35bf81d24) Importer(815301076,1909f56bfc062723c751e8b465ee728b)
Start importing Assets/FantasyEnvironments/Environments using Guid(b65037222b1418248ad5e3d35bf81d24) Importer(815301076,1909f56bfc062723c751e8b465ee728b) [PhysX] Initialized MultithreadedTaskDispatcher with 12 workers.
 -> (artifact id: '17ce9ed270a69fbc9d9c88766fa75727') in 0.000487 seconds
Number of updated asset objects reloaded before import = 0
Number of asset objects unloaded after import = 0
========================================================================
Received Import Request.
  Time since last request: 0.843768 seconds.
  path: Assets/FantasyEnvironments/Environments/Textures
  artifactKey: Guid(92bdf72aca8982345bca35908ec88847) Importer(815301076,1909f56bfc062723c751e8b465ee728b)
Start importing Assets/FantasyEnvironments/Environments/Textures using Guid(92bdf72aca8982345bca35908ec88847) Importer(815301076,1909f56bfc062723c751e8b465ee728b) [PhysX] Initialized MultithreadedTaskDispatcher with 12 workers.
 -> (artifact id: 'aa3cc99f5dbf4b6de3283dce7732f124') in 0.000466 seconds
Number of updated asset objects reloaded before import = 0
Number of asset objects unloaded after import = 0
========================================================================
Received Import Request.
  Time since last request: 245.653944 seconds.
  path: Assets/New Terrain.asset
  artifactKey: Guid(4ebc34af6f00ca04d9b0f849e72bc5a2) Importer(815301076,1909f56bfc062723c751e8b465ee728b)
Start importing Assets/New Terrain.asset using Guid(4ebc34af6f00ca04d9b0f849e72bc5a2) Importer(815301076,1909f56bfc062723c751e8b465ee728b) [PhysX] Initialized MultithreadedTaskDispatcher with 12 workers.
[PhysX] Initialized MultithreadedTaskDispatcher with 12 workers.
 -> (artifact id: '8deedbadbbbcb8a12d0c346c87d9f3b7') in 0.019727 seconds
Number of updated asset objects reloaded before import = 0
Number of asset objects unloaded after import = 3
========================================================================
Received Import Request.
  Time since last request: 48.477247 seconds.
  path: Assets/New Terrain.asset
  artifactKey: Guid(4ebc34af6f00ca04d9b0f849e72bc5a2) Importer(815301076,1909f56bfc062723c751e8b465ee728b)
Start importing Assets/New Terrain.asset using Guid(4ebc34af6f00ca04d9b0f849e72bc5a2) Importer(815301076,1909f56bfc062723c751e8b465ee728b) [PhysX] Initialized MultithreadedTaskDispatcher with 12 workers.
[PhysX] Initialized MultithreadedTaskDispatcher with 12 workers.
 -> (artifact id: 'ab430fd2720a33ae8c80eccf2dce6c18') in 0.011418 seconds
Number of updated asset objects reloaded before import = 0
Number of asset objects unloaded after import = 3
========================================================================
Received Import Request.
  Time since last request: 26.368333 seconds.
  path: Assets/FantasyEnvironments/Environments/TerrainLayers/layer_ground_grass.terrainlayer
  artifactKey: Guid(6030d4ecea42c4a4a8df94e0e7854f90) Importer(815301076,1909f56bfc062723c751e8b465ee728b)
Start importing Assets/FantasyEnvironments/Environments/TerrainLayers/layer_ground_grass.terrainlayer using Guid(6030d4ecea42c4a4a8df94e0e7854f90) Importer(815301076,1909f56bfc062723c751e8b465ee728b) [PhysX] Initialized MultithreadedTaskDispatcher with 12 workers.
 -> (artifact id: '6d2bc9d4a273cec9b4b3a8949d4e062d') in 0.011643 seconds
Number of updated asset objects reloaded before import = 0
Number of asset objects unloaded after import = 2
========================================================================
Received Prepare
Caller must complete domain reload
Begin MonoManager ReloadAssembly
- Loaded All Assemblies, in  0.412 seconds
Native extension for WindowsStandalone target not found
Native extension for WebGL target not found
[Package Manager] Server::EnsureServerProcessIsRunning -- launch failed, reason: Unity was launched with the -noUpm command-line argument
[Package Manager] UpmClient::Send -- Unable to send message (not connected to UPM process).
[Package Manager] Cannot connect to Unity Package Manager local server
Mono: successfully reloaded assembly
- Finished resetting the current domain, in  0.965 seconds
Domain Reload Profiling: 1376ms
	BeginReloadAssembly (147ms)
		ExecutionOrderSort (0ms)
		DisableScriptedObjects (5ms)
		BackupInstance (0ms)
		ReleaseScriptingObjects (0ms)
		CreateAndSetChildDomain (36ms)
	RebuildCommonClasses (36ms)
	RebuildNativeTypeToScriptingClass (11ms)
	initialDomainReloadingComplete (28ms)
	LoadAllAssembliesAndSetupDomain (188ms)
		LoadAssemblies (248ms)
		RebuildTransferFunctionScriptingTraits (0ms)
		AnalyzeDomain (16ms)
			TypeCache.Refresh (6ms)
				TypeCache.ScanAssembly (0ms)
			ScanForSourceGeneratedMonoScriptInfo (0ms)
			ResolveRequiredComponents (8ms)
	FinalizeReload (966ms)
		ReleaseScriptCaches (0ms)
		RebuildScriptCaches (0ms)
		SetupLoadedEditorAssemblies (474ms)
			LogAssemblyErrors (0ms)
			InitializePlatformSupportModulesInManaged (8ms)
			SetLoadedEditorAssemblies (3ms)
			RefreshPlugins (0ms)
			BeforeProcessingInitializeOnLoad (60ms)
			ProcessInitializeOnLoadAttributes (373ms)
			ProcessInitializeOnLoadMethodAttributes (22ms)
			AfterProcessingInitializeOnLoad (8ms)
			EditorAssembliesLoaded (0ms)
		ExecutionOrderSort2 (0ms)
		AwakeInstancesAfterBackupRestoration (6ms)
Refreshing native plugins compatible for Editor in 4.25 ms, found 3 plugins.
Preloading 0 native plugins for Editor in 0.00 ms.
Unloading 3126 Unused Serialized files (Serialized files now loaded: 0)
Unloading 14 unused Assets / (28.5 KB). Loaded Objects now: 3691.
Memory consumption went from 134.9 MB to 134.9 MB.
Total: 2.808100 ms (FindLiveObjects: 0.359100 ms CreateObjectMapping: 0.074100 ms MarkObjects: 2.325500 ms  DeleteObjects: 0.047800 ms)

Prepare: number of updated asset objects reloaded= 0
AssetImportParameters requested are different than current active one (requested -> active):
  custom:container-demuxer-ogg: 62fdf1f143b41e24485cea50d1cbac27 -> 
  custom:video-decoder-ogg-theora: a1e56fd34408186e4bbccfd4996cb3dc -> 
  custom:framework-win-MediaFoundation: 216162199b28c13a410421893ffa2e32 -> 
  custom:CustomObjectIndexerAttribute: 9a22284fe3817be447336de3de66b15e -> 
  custom:scripting/monoscript/fileName/Readme.cs: 5aedf578fb2663036982fb7b05aaf325 -> 
  custom:container-demuxer-webm: 4f35f7cbe854078d1ac9338744f61a02 -> 
  custom:container-muxer-webm: aa71ff27fc2769a1b78a27578f13a17b -> 
  custom:scripting/monoscript/fileName/ReadmeEditor.cs: ff7ced1e41c1b99ddf5dfefc88f6bd50 -> 
  custom:video-decoder-webm-vp8: 9c59270c3fd7afecdb556c50c9e8de78 -> 
  custom:SearchIndexIgnoredProperties: e643bd26f0fe6173181afceb89e7c659 -> 
  custom:AudioImporter_EditorPlatform: d09bf68614088b80899f8185d706f6e7 -> 
  custom:video-encoder-webm-vp8: eb34c28f22e8b96e1ab97ce403110664 -> 
  custom:audio-decoder-ogg-vorbis: bf7c407c2cedff20999df2af8eb42d56 -> 
  custom:audio-encoder-webm-vorbis: bf7c407c2cedff20999df2af8eb42d56 -> 
  custom:scripting/monoscript/fileName/WaterReflection.cs: f1c57f2ce2c094032b710e8e5eb21bd7 -> 
========================================================================
Received Prepare
Caller must complete domain reload
Begin MonoManager ReloadAssembly
- Loaded All Assemblies, in  0.422 seconds
Native extension for WindowsStandalone target not found
Native extension for WebGL target not found
[Package Manager] Server::EnsureServerProcessIsRunning -- launch failed, reason: Unity was launched with the -noUpm command-line argument
[Package Manager] UpmClient::Send -- Unable to send message (not connected to UPM process).
[Package Manager] Cannot connect to Unity Package Manager local server
Mono: successfully reloaded assembly
- Finished resetting the current domain, in  1.024 seconds
Domain Reload Profiling: 1443ms
	BeginReloadAssembly (144ms)
		ExecutionOrderSort (0ms)
		DisableScriptedObjects (5ms)
		BackupInstance (0ms)
		ReleaseScriptingObjects (0ms)
		CreateAndSetChildDomain (26ms)
	RebuildCommonClasses (33ms)
	RebuildNativeTypeToScriptingClass (11ms)
	initialDomainReloadingComplete (32ms)
	LoadAllAssembliesAndSetupDomain (200ms)
		LoadAssemblies (266ms)
		RebuildTransferFunctionScriptingTraits (0ms)
		AnalyzeDomain (13ms)
			TypeCache.Refresh (6ms)
				TypeCache.ScanAssembly (0ms)
			ScanForSourceGeneratedMonoScriptInfo (0ms)
			ResolveRequiredComponents (5ms)
	FinalizeReload (1024ms)
		ReleaseScriptCaches (0ms)
		RebuildScriptCaches (0ms)
		SetupLoadedEditorAssemblies (552ms)
			LogAssemblyErrors (0ms)
			InitializePlatformSupportModulesInManaged (8ms)
			SetLoadedEditorAssemblies (3ms)
			RefreshPlugins (0ms)
			BeforeProcessingInitializeOnLoad (62ms)
			ProcessInitializeOnLoadAttributes (348ms)
			ProcessInitializeOnLoadMethodAttributes (122ms)
			AfterProcessingInitializeOnLoad (8ms)
			EditorAssembliesLoaded (0ms)
		ExecutionOrderSort2 (0ms)
		AwakeInstancesAfterBackupRestoration (6ms)
Refreshing native plugins compatible for Editor in 3.11 ms, found 3 plugins.
Preloading 0 native plugins for Editor in 0.00 ms.
Unloading 3127 Unused Serialized files (Serialized files now loaded: 0)
Unloading 14 unused Assets / (28.5 KB). Loaded Objects now: 3694.
Memory consumption went from 135.2 MB to 135.1 MB.
Total: 2.686200 ms (FindLiveObjects: 0.300600 ms CreateObjectMapping: 0.074900 ms MarkObjects: 2.268100 ms  DeleteObjects: 0.041600 ms)

Prepare: number of updated asset objects reloaded= 0
AssetImportParameters requested are different than current active one (requested -> active):
  custom:container-demuxer-ogg: 62fdf1f143b41e24485cea50d1cbac27 -> 
  custom:video-decoder-ogg-theora: a1e56fd34408186e4bbccfd4996cb3dc -> 
  custom:framework-win-MediaFoundation: 216162199b28c13a410421893ffa2e32 -> 
  custom:CustomObjectIndexerAttribute: 9a22284fe3817be447336de3de66b15e -> 
  custom:scripting/monoscript/fileName/Readme.cs: 5aedf578fb2663036982fb7b05aaf325 -> 
  custom:container-demuxer-webm: 4f35f7cbe854078d1ac9338744f61a02 -> 
  custom:container-muxer-webm: aa71ff27fc2769a1b78a27578f13a17b -> 
  custom:scripting/monoscript/fileName/ReadmeEditor.cs: ff7ced1e41c1b99ddf5dfefc88f6bd50 -> 
  custom:video-decoder-webm-vp8: 9c59270c3fd7afecdb556c50c9e8de78 -> 
  custom:SearchIndexIgnoredProperties: e643bd26f0fe6173181afceb89e7c659 -> 
  custom:AudioImporter_EditorPlatform: d09bf68614088b80899f8185d706f6e7 -> 
  custom:video-encoder-webm-vp8: eb34c28f22e8b96e1ab97ce403110664 -> 
  custom:audio-decoder-ogg-vorbis: bf7c407c2cedff20999df2af8eb42d56 -> 
  custom:audio-encoder-webm-vorbis: bf7c407c2cedff20999df2af8eb42d56 -> 
  custom:scripting/monoscript/fileName/WaterReflection.cs: f1c57f2ce2c094032b710e8e5eb21bd7 -> 
========================================================================
Received Import Request.
  Time since last request: 474.834292 seconds.
  path: Assets/Colors/New Material 7.mat
  artifactKey: Guid(44ebb389104b6fe46a97a91fdd8f7a75) Importer(815301076,1909f56bfc062723c751e8b465ee728b)
Start importing Assets/Colors/New Material 7.mat using Guid(44ebb389104b6fe46a97a91fdd8f7a75) Importer(815301076,1909f56bfc062723c751e8b465ee728b) [PhysX] Initialized MultithreadedTaskDispatcher with 12 workers.
[PhysX] Initialized MultithreadedTaskDispatcher with 12 workers.
 -> (artifact id: 'e189afaacc93f73cb3a323d66230b338') in 0.165895 seconds
Number of updated asset objects reloaded before import = 0
Number of asset objects unloaded after import = 1
========================================================================
Received Prepare
Caller must complete domain reload
Begin MonoManager ReloadAssembly
- Loaded All Assemblies, in  0.413 seconds
Native extension for WindowsStandalone target not found
Native extension for WebGL target not found
[Package Manager] Server::EnsureServerProcessIsRunning -- launch failed, reason: Unity was launched with the -noUpm command-line argument
[Package Manager] UpmClient::Send -- Unable to send message (not connected to UPM process).
[Package Manager] Cannot connect to Unity Package Manager local server
Mono: successfully reloaded assembly
- Finished resetting the current domain, in  1.002 seconds
Domain Reload Profiling: 1413ms
	BeginReloadAssembly (140ms)
		ExecutionOrderSort (0ms)
		DisableScriptedObjects (4ms)
		BackupInstance (0ms)
		ReleaseScriptingObjects (0ms)
		CreateAndSetChildDomain (29ms)
	RebuildCommonClasses (40ms)
	RebuildNativeTypeToScriptingClass (15ms)
	initialDomainReloadingComplete (29ms)
	LoadAllAssembliesAndSetupDomain (187ms)
		LoadAssemblies (252ms)
		RebuildTransferFunctionScriptingTraits (0ms)
		AnalyzeDomain (12ms)
			TypeCache.Refresh (5ms)
				TypeCache.ScanAssembly (0ms)
			ScanForSourceGeneratedMonoScriptInfo (0ms)
			ResolveRequiredComponents (6ms)
	FinalizeReload (1003ms)
		ReleaseScriptCaches (0ms)
		RebuildScriptCaches (0ms)
		SetupLoadedEditorAssemblies (546ms)
			LogAssemblyErrors (0ms)
			InitializePlatformSupportModulesInManaged (9ms)
			SetLoadedEditorAssemblies (3ms)
			RefreshPlugins (0ms)
			BeforeProcessingInitializeOnLoad (63ms)
			ProcessInitializeOnLoadAttributes (443ms)
			ProcessInitializeOnLoadMethodAttributes (20ms)
			AfterProcessingInitializeOnLoad (8ms)
			EditorAssembliesLoaded (0ms)
		ExecutionOrderSort2 (0ms)
		AwakeInstancesAfterBackupRestoration (7ms)
Refreshing native plugins compatible for Editor in 3.07 ms, found 3 plugins.
Preloading 0 native plugins for Editor in 0.00 ms.
Unloading 3126 Unused Serialized files (Serialized files now loaded: 0)
Unloading 14 unused Assets / (28.5 KB). Loaded Objects now: 3697.
Memory consumption went from 134.9 MB to 134.9 MB.
Total: 3.996100 ms (FindLiveObjects: 0.440200 ms CreateObjectMapping: 0.296800 ms MarkObjects: 3.170600 ms  DeleteObjects: 0.087200 ms)

Prepare: number of updated asset objects reloaded= 0
AssetImportParameters requested are different than current active one (requested -> active):
  custom:container-demuxer-ogg: 62fdf1f143b41e24485cea50d1cbac27 -> 
  custom:video-decoder-ogg-theora: a1e56fd34408186e4bbccfd4996cb3dc -> 
  custom:framework-win-MediaFoundation: 216162199b28c13a410421893ffa2e32 -> 
  custom:CustomObjectIndexerAttribute: 9a22284fe3817be447336de3de66b15e -> 
  custom:scripting/monoscript/fileName/Readme.cs: 5aedf578fb2663036982fb7b05aaf325 -> 
  custom:container-demuxer-webm: 4f35f7cbe854078d1ac9338744f61a02 -> 
  custom:container-muxer-webm: aa71ff27fc2769a1b78a27578f13a17b -> 
  custom:scripting/monoscript/fileName/ReadmeEditor.cs: ff7ced1e41c1b99ddf5dfefc88f6bd50 -> 
  custom:video-decoder-webm-vp8: 9c59270c3fd7afecdb556c50c9e8de78 -> 
  custom:SearchIndexIgnoredProperties: e643bd26f0fe6173181afceb89e7c659 -> 
  custom:AudioImporter_EditorPlatform: d09bf68614088b80899f8185d706f6e7 -> 
  custom:video-encoder-webm-vp8: eb34c28f22e8b96e1ab97ce403110664 -> 
  custom:audio-decoder-ogg-vorbis: bf7c407c2cedff20999df2af8eb42d56 -> 
  custom:audio-encoder-webm-vorbis: bf7c407c2cedff20999df2af8eb42d56 -> 
  custom:scripting/monoscript/fileName/WaterReflection.cs: f1c57f2ce2c094032b710e8e5eb21bd7 -> 
========================================================================
Received Prepare
Caller must complete domain reload
Begin MonoManager ReloadAssembly
- Loaded All Assemblies, in  0.407 seconds
Native extension for WindowsStandalone target not found
Native extension for WebGL target not found
[Package Manager] Server::EnsureServerProcessIsRunning -- launch failed, reason: Unity was launched with the -noUpm command-line argument
[Package Manager] UpmClient::Send -- Unable to send message (not connected to UPM process).
[Package Manager] Cannot connect to Unity Package Manager local server
Mono: successfully reloaded assembly
- Finished resetting the current domain, in  1.002 seconds
Domain Reload Profiling: 1405ms
	BeginReloadAssembly (144ms)
		ExecutionOrderSort (0ms)
		DisableScriptedObjects (5ms)
		BackupInstance (0ms)
		ReleaseScriptingObjects (0ms)
		CreateAndSetChildDomain (28ms)
	RebuildCommonClasses (32ms)
	RebuildNativeTypeToScriptingClass (11ms)
	initialDomainReloadingComplete (29ms)
	LoadAllAssembliesAndSetupDomain (187ms)
		LoadAssemblies (254ms)
		RebuildTransferFunctionScriptingTraits (0ms)
		AnalyzeDomain (13ms)
			TypeCache.Refresh (6ms)
				TypeCache.ScanAssembly (0ms)
			ScanForSourceGeneratedMonoScriptInfo (0ms)
			ResolveRequiredComponents (6ms)
	FinalizeReload (1002ms)
		ReleaseScriptCaches (0ms)
		RebuildScriptCaches (0ms)
		SetupLoadedEditorAssemblies (551ms)
			LogAssemblyErrors (0ms)
			InitializePlatformSupportModulesInManaged (10ms)
			SetLoadedEditorAssemblies (4ms)
			RefreshPlugins (0ms)
			BeforeProcessingInitializeOnLoad (64ms)
			ProcessInitializeOnLoadAttributes (345ms)
			ProcessInitializeOnLoadMethodAttributes (73ms)
			AfterProcessingInitializeOnLoad (55ms)
			EditorAssembliesLoaded (0ms)
		ExecutionOrderSort2 (0ms)
		AwakeInstancesAfterBackupRestoration (7ms)
Refreshing native plugins compatible for Editor in 3.50 ms, found 3 plugins.
Preloading 0 native plugins for Editor in 0.00 ms.
Unloading 3127 Unused Serialized files (Serialized files now loaded: 0)
Unloading 14 unused Assets / (28.6 KB). Loaded Objects now: 3700.
Memory consumption went from 135.2 MB to 135.1 MB.
Total: 2.795800 ms (FindLiveObjects: 0.356300 ms CreateObjectMapping: 0.085700 ms MarkObjects: 2.311000 ms  DeleteObjects: 0.041500 ms)

Prepare: number of updated asset objects reloaded= 0
AssetImportParameters requested are different than current active one (requested -> active):
  custom:container-demuxer-ogg: 62fdf1f143b41e24485cea50d1cbac27 -> 
  custom:video-decoder-ogg-theora: a1e56fd34408186e4bbccfd4996cb3dc -> 
  custom:framework-win-MediaFoundation: 216162199b28c13a410421893ffa2e32 -> 
  custom:CustomObjectIndexerAttribute: 9a22284fe3817be447336de3de66b15e -> 
  custom:scripting/monoscript/fileName/Readme.cs: 5aedf578fb2663036982fb7b05aaf325 -> 
  custom:container-demuxer-webm: 4f35f7cbe854078d1ac9338744f61a02 -> 
  custom:container-muxer-webm: aa71ff27fc2769a1b78a27578f13a17b -> 
  custom:scripting/monoscript/fileName/ReadmeEditor.cs: ff7ced1e41c1b99ddf5dfefc88f6bd50 -> 
  custom:video-decoder-webm-vp8: 9c59270c3fd7afecdb556c50c9e8de78 -> 
  custom:SearchIndexIgnoredProperties: e643bd26f0fe6173181afceb89e7c659 -> 
  custom:AudioImporter_EditorPlatform: d09bf68614088b80899f8185d706f6e7 -> 
  custom:video-encoder-webm-vp8: eb34c28f22e8b96e1ab97ce403110664 -> 
  custom:audio-decoder-ogg-vorbis: bf7c407c2cedff20999df2af8eb42d56 -> 
  custom:audio-encoder-webm-vorbis: bf7c407c2cedff20999df2af8eb42d56 -> 
  custom:scripting/monoscript/fileName/WaterReflection.cs: f1c57f2ce2c094032b710e8e5eb21bd7 -> 
========================================================================
Received Import Request.
  Time since last request: 162.519693 seconds.
  path: Assets/Colors/New Material.mat
  artifactKey: Guid(45abd46f76d7d5e48a96db8dd00e1f9f) Importer(815301076,1909f56bfc062723c751e8b465ee728b)
Start importing Assets/Colors/New Material.mat using Guid(45abd46f76d7d5e48a96db8dd00e1f9f) Importer(815301076,1909f56bfc062723c751e8b465ee728b) [PhysX] Initialized MultithreadedTaskDispatcher with 12 workers.
[PhysX] Initialized MultithreadedTaskDispatcher with 12 workers.
 -> (artifact id: '4b1522b94c4636689bf6634b3e242bf6') in 0.178971 seconds
Number of updated asset objects reloaded before import = 0
Number of asset objects unloaded after import = 1
========================================================================
Received Import Request.
  Time since last request: 0.000018 seconds.
  path: Assets/Colors/New Material 8.mat
  artifactKey: Guid(0cc591b337e7d0e41bec98619709b497) Importer(815301076,1909f56bfc062723c751e8b465ee728b)
Start importing Assets/Colors/New Material 8.mat using Guid(0cc591b337e7d0e41bec98619709b497) Importer(815301076,1909f56bfc062723c751e8b465ee728b) [PhysX] Initialized MultithreadedTaskDispatcher with 12 workers.
[PhysX] Initialized MultithreadedTaskDispatcher with 12 workers.
 -> (artifact id: '7844e04dc649203a158ff27bfe1ba1ba') in 0.211199 seconds
Number of updated asset objects reloaded before import = 0
Number of asset objects unloaded after import = 1
========================================================================
Received Prepare
Caller must complete domain reload
Begin MonoManager ReloadAssembly
- Loaded All Assemblies, in  0.395 seconds
Native extension for WindowsStandalone target not found
Native extension for WebGL target not found
[Package Manager] Server::EnsureServerProcessIsRunning -- launch failed, reason: Unity was launched with the -noUpm command-line argument
[Package Manager] UpmClient::Send -- Unable to send message (not connected to UPM process).
[Package Manager] Cannot connect to Unity Package Manager local server
Mono: successfully reloaded assembly
- Finished resetting the current domain, in  1.008 seconds
Domain Reload Profiling: 1401ms
	BeginReloadAssembly (141ms)
		ExecutionOrderSort (0ms)
		DisableScriptedObjects (4ms)
		BackupInstance (0ms)
		ReleaseScriptingObjects (0ms)
		CreateAndSetChildDomain (28ms)
	RebuildCommonClasses (32ms)
	RebuildNativeTypeToScriptingClass (11ms)
	initialDomainReloadingComplete (27ms)
	LoadAllAssembliesAndSetupDomain (181ms)
		LoadAssemblies (248ms)
		RebuildTransferFunctionScriptingTraits (0ms)
		AnalyzeDomain (12ms)
			TypeCache.Refresh (5ms)
				TypeCache.ScanAssembly (0ms)
			ScanForSourceGeneratedMonoScriptInfo (0ms)
			ResolveRequiredComponents (6ms)
	FinalizeReload (1009ms)
		ReleaseScriptCaches (0ms)
		RebuildScriptCaches (0ms)
		SetupLoadedEditorAssemblies (565ms)
			LogAssemblyErrors (0ms)
			InitializePlatformSupportModulesInManaged (8ms)
			SetLoadedEditorAssemblies (3ms)
			RefreshPlugins (0ms)
			BeforeProcessingInitializeOnLoad (60ms)
			ProcessInitializeOnLoadAttributes (361ms)
			ProcessInitializeOnLoadMethodAttributes (125ms)
			AfterProcessingInitializeOnLoad (9ms)
			EditorAssembliesLoaded (0ms)
		ExecutionOrderSort2 (0ms)
		AwakeInstancesAfterBackupRestoration (7ms)
Refreshing native plugins compatible for Editor in 4.17 ms, found 3 plugins.
Preloading 0 native plugins for Editor in 0.00 ms.
Unloading 3126 Unused Serialized files (Serialized files now loaded: 0)
Unloading 14 unused Assets / (28.6 KB). Loaded Objects now: 3703.
Memory consumption went from 134.9 MB to 134.9 MB.
Total: 2.826300 ms (FindLiveObjects: 0.319100 ms CreateObjectMapping: 0.075400 ms MarkObjects: 2.387400 ms  DeleteObjects: 0.043500 ms)

Prepare: number of updated asset objects reloaded= 0
AssetImportParameters requested are different than current active one (requested -> active):
  custom:container-demuxer-ogg: 62fdf1f143b41e24485cea50d1cbac27 -> 
  custom:video-decoder-ogg-theora: a1e56fd34408186e4bbccfd4996cb3dc -> 
  custom:framework-win-MediaFoundation: 216162199b28c13a410421893ffa2e32 -> 
  custom:CustomObjectIndexerAttribute: 9a22284fe3817be447336de3de66b15e -> 
  custom:scripting/monoscript/fileName/Readme.cs: 5aedf578fb2663036982fb7b05aaf325 -> 
  custom:container-demuxer-webm: 4f35f7cbe854078d1ac9338744f61a02 -> 
  custom:container-muxer-webm: aa71ff27fc2769a1b78a27578f13a17b -> 
  custom:scripting/monoscript/fileName/ReadmeEditor.cs: ff7ced1e41c1b99ddf5dfefc88f6bd50 -> 
  custom:video-decoder-webm-vp8: 9c59270c3fd7afecdb556c50c9e8de78 -> 
  custom:SearchIndexIgnoredProperties: e643bd26f0fe6173181afceb89e7c659 -> 
  custom:AudioImporter_EditorPlatform: d09bf68614088b80899f8185d706f6e7 -> 
  custom:video-encoder-webm-vp8: eb34c28f22e8b96e1ab97ce403110664 -> 
  custom:audio-decoder-ogg-vorbis: bf7c407c2cedff20999df2af8eb42d56 -> 
  custom:audio-encoder-webm-vorbis: bf7c407c2cedff20999df2af8eb42d56 -> 
  custom:scripting/monoscript/fileName/WaterReflection.cs: f1c57f2ce2c094032b710e8e5eb21bd7 -> 
========================================================================
Received Import Request.
  Time since last request: 249.200121 seconds.
  path: Assets/Colors/New Material.mat
  artifactKey: Guid(45abd46f76d7d5e48a96db8dd00e1f9f) Importer(815301076,1909f56bfc062723c751e8b465ee728b)
Start importing Assets/Colors/New Material.mat using Guid(45abd46f76d7d5e48a96db8dd00e1f9f) Importer(815301076,1909f56bfc062723c751e8b465ee728b) [PhysX] Initialized MultithreadedTaskDispatcher with 12 workers.
[PhysX] Initialized MultithreadedTaskDispatcher with 12 workers.
 -> (artifact id: '7dbe3938c627996b3726ad944e32edaf') in 0.308700 seconds
Number of updated asset objects reloaded before import = 0
Number of asset objects unloaded after import = 1
========================================================================
Received Import Request.
  Time since last request: 408.754804 seconds.
  path: Assets/Colors/grid
  artifactKey: Guid(b87390b28e978a241863dd1eb5fcdfda) Importer(815301076,1909f56bfc062723c751e8b465ee728b)
Start importing Assets/Colors/grid using Guid(b87390b28e978a241863dd1eb5fcdfda) Importer(815301076,1909f56bfc062723c751e8b465ee728b) [PhysX] Initialized MultithreadedTaskDispatcher with 12 workers.
 -> (artifact id: '7f1293d6401ea15e5aa7434738ced5e8') in 0.000489 seconds
Number of updated asset objects reloaded before import = 0
Number of asset objects unloaded after import = 0
========================================================================
Received Import Request.
  Time since last request: 263.767845 seconds.
  path: Assets/New Terrain.asset
  artifactKey: Guid(4ebc34af6f00ca04d9b0f849e72bc5a2) Importer(815301076,1909f56bfc062723c751e8b465ee728b)
Start importing Assets/New Terrain.asset using Guid(4ebc34af6f00ca04d9b0f849e72bc5a2) Importer(815301076,1909f56bfc062723c751e8b465ee728b) [PhysX] Initialized MultithreadedTaskDispatcher with 12 workers.
[PhysX] Initialized MultithreadedTaskDispatcher with 12 workers.
 -> (artifact id: 'dfc5826b3cf72122bc3ffa43770a2180') in 0.021749 seconds
Number of updated asset objects reloaded before import = 0
Number of asset objects unloaded after import = 3
========================================================================
Received Prepare
Caller must complete domain reload
Begin MonoManager ReloadAssembly
- Loaded All Assemblies, in  0.405 seconds
Native extension for WindowsStandalone target not found
Native extension for WebGL target not found
[Package Manager] Server::EnsureServerProcessIsRunning -- launch failed, reason: Unity was launched with the -noUpm command-line argument
[Package Manager] UpmClient::Send -- Unable to send message (not connected to UPM process).
[Package Manager] Cannot connect to Unity Package Manager local server
Mono: successfully reloaded assembly
- Finished resetting the current domain, in  0.989 seconds
Domain Reload Profiling: 1392ms
	BeginReloadAssembly (143ms)
		ExecutionOrderSort (0ms)
		DisableScriptedObjects (4ms)
		BackupInstance (0ms)
		ReleaseScriptingObjects (0ms)
		CreateAndSetChildDomain (29ms)
	RebuildCommonClasses (33ms)
	RebuildNativeTypeToScriptingClass (12ms)
	initialDomainReloadingComplete (27ms)
	LoadAllAssembliesAndSetupDomain (188ms)
		LoadAssemblies (254ms)
		RebuildTransferFunctionScriptingTraits (0ms)
		AnalyzeDomain (13ms)
			TypeCache.Refresh (6ms)
				TypeCache.ScanAssembly (0ms)
			ScanForSourceGeneratedMonoScriptInfo (0ms)
			ResolveRequiredComponents (6ms)
	FinalizeReload (990ms)
		ReleaseScriptCaches (0ms)
		RebuildScriptCaches (0ms)
		SetupLoadedEditorAssemblies (532ms)
			LogAssemblyErrors (0ms)
			InitializePlatformSupportModulesInManaged (8ms)
			SetLoadedEditorAssemblies (4ms)
			RefreshPlugins (0ms)
			BeforeProcessingInitializeOnLoad (66ms)
			ProcessInitializeOnLoadAttributes (422ms)
			ProcessInitializeOnLoadMethodAttributes (23ms)
			AfterProcessingInitializeOnLoad (8ms)
			EditorAssembliesLoaded (0ms)
		ExecutionOrderSort2 (0ms)
		AwakeInstancesAfterBackupRestoration (6ms)
Refreshing native plugins compatible for Editor in 3.45 ms, found 3 plugins.
Preloading 0 native plugins for Editor in 0.00 ms.
Unloading 3126 Unused Serialized files (Serialized files now loaded: 0)
Unloading 14 unused Assets / (28.6 KB). Loaded Objects now: 3706.
Memory consumption went from 134.9 MB to 134.9 MB.
Total: 2.751100 ms (FindLiveObjects: 0.295200 ms CreateObjectMapping: 0.075600 ms MarkObjects: 2.334900 ms  DeleteObjects: 0.044300 ms)

Prepare: number of updated asset objects reloaded= 0
AssetImportParameters requested are different than current active one (requested -> active):
  custom:container-demuxer-ogg: 62fdf1f143b41e24485cea50d1cbac27 -> 
  custom:video-decoder-ogg-theora: a1e56fd34408186e4bbccfd4996cb3dc -> 
  custom:framework-win-MediaFoundation: 216162199b28c13a410421893ffa2e32 -> 
  custom:CustomObjectIndexerAttribute: 9a22284fe3817be447336de3de66b15e -> 
  custom:scripting/monoscript/fileName/Readme.cs: 5aedf578fb2663036982fb7b05aaf325 -> 
  custom:container-demuxer-webm: 4f35f7cbe854078d1ac9338744f61a02 -> 
  custom:container-muxer-webm: aa71ff27fc2769a1b78a27578f13a17b -> 
  custom:scripting/monoscript/fileName/ReadmeEditor.cs: ff7ced1e41c1b99ddf5dfefc88f6bd50 -> 
  custom:video-decoder-webm-vp8: 9c59270c3fd7afecdb556c50c9e8de78 -> 
  custom:SearchIndexIgnoredProperties: e643bd26f0fe6173181afceb89e7c659 -> 
  custom:AudioImporter_EditorPlatform: d09bf68614088b80899f8185d706f6e7 -> 
  custom:video-encoder-webm-vp8: eb34c28f22e8b96e1ab97ce403110664 -> 
  custom:audio-decoder-ogg-vorbis: bf7c407c2cedff20999df2af8eb42d56 -> 
  custom:audio-encoder-webm-vorbis: bf7c407c2cedff20999df2af8eb42d56 -> 
  custom:scripting/monoscript/fileName/WaterReflection.cs: f1c57f2ce2c094032b710e8e5eb21bd7 -> 
========================================================================
Received Prepare
Caller must complete domain reload
Begin MonoManager ReloadAssembly
- Loaded All Assemblies, in  0.416 seconds
Native extension for WindowsStandalone target not found
Native extension for WebGL target not found
[Package Manager] Server::EnsureServerProcessIsRunning -- launch failed, reason: Unity was launched with the -noUpm command-line argument
[Package Manager] UpmClient::Send -- Unable to send message (not connected to UPM process).
[Package Manager] Cannot connect to Unity Package Manager local server
Mono: successfully reloaded assembly
- Finished resetting the current domain, in  0.886 seconds
Domain Reload Profiling: 1300ms
	BeginReloadAssembly (145ms)
		ExecutionOrderSort (0ms)
		DisableScriptedObjects (4ms)
		BackupInstance (0ms)
		ReleaseScriptingObjects (0ms)
		CreateAndSetChildDomain (28ms)
	RebuildCommonClasses (36ms)
	RebuildNativeTypeToScriptingClass (12ms)
	initialDomainReloadingComplete (32ms)
	LoadAllAssembliesAndSetupDomain (188ms)
		LoadAssemblies (259ms)
		RebuildTransferFunctionScriptingTraits (0ms)
		AnalyzeDomain (13ms)
			TypeCache.Refresh (6ms)
				TypeCache.ScanAssembly (0ms)
			ScanForSourceGeneratedMonoScriptInfo (0ms)
			ResolveRequiredComponents (6ms)
	FinalizeReload (886ms)
		ReleaseScriptCaches (0ms)
		RebuildScriptCaches (0ms)
		SetupLoadedEditorAssemblies (448ms)
			LogAssemblyErrors (0ms)
			InitializePlatformSupportModulesInManaged (8ms)
			SetLoadedEditorAssemblies (3ms)
			RefreshPlugins (0ms)
			BeforeProcessingInitializeOnLoad (61ms)
			ProcessInitializeOnLoadAttributes (343ms)
			ProcessInitializeOnLoadMethodAttributes (24ms)
			AfterProcessingInitializeOnLoad (9ms)
			EditorAssembliesLoaded (0ms)
		ExecutionOrderSort2 (0ms)
		AwakeInstancesAfterBackupRestoration (8ms)
Refreshing native plugins compatible for Editor in 3.22 ms, found 3 plugins.
Preloading 0 native plugins for Editor in 0.00 ms.
Unloading 3127 Unused Serialized files (Serialized files now loaded: 0)
Unloading 14 unused Assets / (28.5 KB). Loaded Objects now: 3709.
Memory consumption went from 135.2 MB to 135.2 MB.
Total: 2.891200 ms (FindLiveObjects: 0.349400 ms CreateObjectMapping: 0.077100 ms MarkObjects: 2.418400 ms  DeleteObjects: 0.044900 ms)

Prepare: number of updated asset objects reloaded= 0
AssetImportParameters requested are different than current active one (requested -> active):
  custom:container-demuxer-ogg: 62fdf1f143b41e24485cea50d1cbac27 -> 
  custom:video-decoder-ogg-theora: a1e56fd34408186e4bbccfd4996cb3dc -> 
  custom:framework-win-MediaFoundation: 216162199b28c13a410421893ffa2e32 -> 
  custom:CustomObjectIndexerAttribute: 9a22284fe3817be447336de3de66b15e -> 
  custom:scripting/monoscript/fileName/Readme.cs: 5aedf578fb2663036982fb7b05aaf325 -> 
  custom:container-demuxer-webm: 4f35f7cbe854078d1ac9338744f61a02 -> 
  custom:container-muxer-webm: aa71ff27fc2769a1b78a27578f13a17b -> 
  custom:scripting/monoscript/fileName/ReadmeEditor.cs: ff7ced1e41c1b99ddf5dfefc88f6bd50 -> 
  custom:video-decoder-webm-vp8: 9c59270c3fd7afecdb556c50c9e8de78 -> 
  custom:SearchIndexIgnoredProperties: e643bd26f0fe6173181afceb89e7c659 -> 
  custom:AudioImporter_EditorPlatform: d09bf68614088b80899f8185d706f6e7 -> 
  custom:video-encoder-webm-vp8: eb34c28f22e8b96e1ab97ce403110664 -> 
  custom:audio-decoder-ogg-vorbis: bf7c407c2cedff20999df2af8eb42d56 -> 
  custom:audio-encoder-webm-vorbis: bf7c407c2cedff20999df2af8eb42d56 -> 
  custom:scripting/monoscript/fileName/WaterReflection.cs: f1c57f2ce2c094032b710e8e5eb21bd7 -> 
========================================================================
Received Prepare
Caller must complete domain reload
Begin MonoManager ReloadAssembly
- Loaded All Assemblies, in  0.418 seconds
Native extension for WindowsStandalone target not found
Native extension for WebGL target not found
[Package Manager] Server::EnsureServerProcessIsRunning -- launch failed, reason: Unity was launched with the -noUpm command-line argument
[Package Manager] UpmClient::Send -- Unable to send message (not connected to UPM process).
[Package Manager] Cannot connect to Unity Package Manager local server
Mono: successfully reloaded assembly
- Finished resetting the current domain, in  0.957 seconds
Domain Reload Profiling: 1372ms
	BeginReloadAssembly (149ms)
		ExecutionOrderSort (0ms)
		DisableScriptedObjects (5ms)
		BackupInstance (0ms)
		ReleaseScriptingObjects (0ms)
		CreateAndSetChildDomain (28ms)
	RebuildCommonClasses (42ms)
	RebuildNativeTypeToScriptingClass (12ms)
	initialDomainReloadingComplete (28ms)
	LoadAllAssembliesAndSetupDomain (184ms)
		LoadAssemblies (257ms)
		RebuildTransferFunctionScriptingTraits (0ms)
		AnalyzeDomain (13ms)
			TypeCache.Refresh (5ms)
				TypeCache.ScanAssembly (0ms)
			ScanForSourceGeneratedMonoScriptInfo (0ms)
			ResolveRequiredComponents (6ms)
	FinalizeReload (957ms)
		ReleaseScriptCaches (0ms)
		RebuildScriptCaches (0ms)
		SetupLoadedEditorAssemblies (485ms)
			LogAssemblyErrors (0ms)
			InitializePlatformSupportModulesInManaged (8ms)
			SetLoadedEditorAssemblies (3ms)
			RefreshPlugins (0ms)
			BeforeProcessingInitializeOnLoad (61ms)
			ProcessInitializeOnLoadAttributes (363ms)
			ProcessInitializeOnLoadMethodAttributes (28ms)
			AfterProcessingInitializeOnLoad (22ms)
			EditorAssembliesLoaded (0ms)
		ExecutionOrderSort2 (0ms)
		AwakeInstancesAfterBackupRestoration (9ms)
Refreshing native plugins compatible for Editor in 3.83 ms, found 3 plugins.
Preloading 0 native plugins for Editor in 0.00 ms.
Unloading 3127 Unused Serialized files (Serialized files now loaded: 0)
Unloading 14 unused Assets / (28.6 KB). Loaded Objects now: 3712.
Memory consumption went from 135.2 MB to 135.2 MB.
Total: 2.795200 ms (FindLiveObjects: 0.311800 ms CreateObjectMapping: 0.076000 ms MarkObjects: 2.360300 ms  DeleteObjects: 0.046200 ms)

Prepare: number of updated asset objects reloaded= 0
AssetImportParameters requested are different than current active one (requested -> active):
  custom:container-demuxer-ogg: 62fdf1f143b41e24485cea50d1cbac27 -> 
  custom:video-decoder-ogg-theora: a1e56fd34408186e4bbccfd4996cb3dc -> 
  custom:framework-win-MediaFoundation: 216162199b28c13a410421893ffa2e32 -> 
  custom:CustomObjectIndexerAttribute: 9a22284fe3817be447336de3de66b15e -> 
  custom:scripting/monoscript/fileName/Readme.cs: 5aedf578fb2663036982fb7b05aaf325 -> 
  custom:container-demuxer-webm: 4f35f7cbe854078d1ac9338744f61a02 -> 
  custom:container-muxer-webm: aa71ff27fc2769a1b78a27578f13a17b -> 
  custom:scripting/monoscript/fileName/ReadmeEditor.cs: ff7ced1e41c1b99ddf5dfefc88f6bd50 -> 
  custom:video-decoder-webm-vp8: 9c59270c3fd7afecdb556c50c9e8de78 -> 
  custom:SearchIndexIgnoredProperties: e643bd26f0fe6173181afceb89e7c659 -> 
  custom:AudioImporter_EditorPlatform: d09bf68614088b80899f8185d706f6e7 -> 
  custom:video-encoder-webm-vp8: eb34c28f22e8b96e1ab97ce403110664 -> 
  custom:audio-decoder-ogg-vorbis: bf7c407c2cedff20999df2af8eb42d56 -> 
  custom:audio-encoder-webm-vorbis: bf7c407c2cedff20999df2af8eb42d56 -> 
  custom:scripting/monoscript/fileName/WaterReflection.cs: f1c57f2ce2c094032b710e8e5eb21bd7 -> 
========================================================================
Received Prepare
Caller must complete domain reload
Begin MonoManager ReloadAssembly
- Loaded All Assemblies, in  0.422 seconds
Native extension for WindowsStandalone target not found
Native extension for WebGL target not found
[Package Manager] Server::EnsureServerProcessIsRunning -- launch failed, reason: Unity was launched with the -noUpm command-line argument
[Package Manager] UpmClient::Send -- Unable to send message (not connected to UPM process).
[Package Manager] Cannot connect to Unity Package Manager local server
Mono: successfully reloaded assembly
- Finished resetting the current domain, in  1.018 seconds
Domain Reload Profiling: 1438ms
	BeginReloadAssembly (146ms)
		ExecutionOrderSort (0ms)
		DisableScriptedObjects (5ms)
		BackupInstance (0ms)
		ReleaseScriptingObjects (0ms)
		CreateAndSetChildDomain (27ms)
	RebuildCommonClasses (37ms)
	RebuildNativeTypeToScriptingClass (12ms)
	initialDomainReloadingComplete (34ms)
	LoadAllAssembliesAndSetupDomain (191ms)
		LoadAssemblies (259ms)
		RebuildTransferFunctionScriptingTraits (0ms)
		AnalyzeDomain (16ms)
			TypeCache.Refresh (7ms)
				TypeCache.ScanAssembly (0ms)
			ScanForSourceGeneratedMonoScriptInfo (0ms)
			ResolveRequiredComponents (6ms)
	FinalizeReload (1018ms)
		ReleaseScriptCaches (0ms)
		RebuildScriptCaches (0ms)
		SetupLoadedEditorAssemblies (555ms)
			LogAssemblyErrors (0ms)
			InitializePlatformSupportModulesInManaged (8ms)
			SetLoadedEditorAssemblies (3ms)
			RefreshPlugins (0ms)
			BeforeProcessingInitializeOnLoad (63ms)
			ProcessInitializeOnLoadAttributes (450ms)
			ProcessInitializeOnLoadMethodAttributes (22ms)
			AfterProcessingInitializeOnLoad (8ms)
			EditorAssembliesLoaded (0ms)
		ExecutionOrderSort2 (0ms)
		AwakeInstancesAfterBackupRestoration (6ms)
Refreshing native plugins compatible for Editor in 3.46 ms, found 3 plugins.
Preloading 0 native plugins for Editor in 0.00 ms.
Unloading 3127 Unused Serialized files (Serialized files now loaded: 0)
Unloading 14 unused Assets / (28.5 KB). Loaded Objects now: 3715.
Memory consumption went from 135.2 MB to 135.2 MB.
Total: 2.721600 ms (FindLiveObjects: 0.313400 ms CreateObjectMapping: 0.079800 ms MarkObjects: 2.289200 ms  DeleteObjects: 0.038100 ms)

Prepare: number of updated asset objects reloaded= 0
AssetImportParameters requested are different than current active one (requested -> active):
  custom:container-demuxer-ogg: 62fdf1f143b41e24485cea50d1cbac27 -> 
  custom:video-decoder-ogg-theora: a1e56fd34408186e4bbccfd4996cb3dc -> 
  custom:framework-win-MediaFoundation: 216162199b28c13a410421893ffa2e32 -> 
  custom:CustomObjectIndexerAttribute: 9a22284fe3817be447336de3de66b15e -> 
  custom:scripting/monoscript/fileName/Readme.cs: 5aedf578fb2663036982fb7b05aaf325 -> 
  custom:container-demuxer-webm: 4f35f7cbe854078d1ac9338744f61a02 -> 
  custom:container-muxer-webm: aa71ff27fc2769a1b78a27578f13a17b -> 
  custom:scripting/monoscript/fileName/ReadmeEditor.cs: ff7ced1e41c1b99ddf5dfefc88f6bd50 -> 
  custom:video-decoder-webm-vp8: 9c59270c3fd7afecdb556c50c9e8de78 -> 
  custom:SearchIndexIgnoredProperties: e643bd26f0fe6173181afceb89e7c659 -> 
  custom:AudioImporter_EditorPlatform: d09bf68614088b80899f8185d706f6e7 -> 
  custom:video-encoder-webm-vp8: eb34c28f22e8b96e1ab97ce403110664 -> 
  custom:audio-decoder-ogg-vorbis: bf7c407c2cedff20999df2af8eb42d56 -> 
  custom:audio-encoder-webm-vorbis: bf7c407c2cedff20999df2af8eb42d56 -> 
  custom:scripting/monoscript/fileName/WaterReflection.cs: f1c57f2ce2c094032b710e8e5eb21bd7 -> 
========================================================================
Received Import Request.
  Time since last request: 526.406713 seconds.
  path: Assets/Scripts/menus
  artifactKey: Guid(11bba428841aacf4c99a3d1bf64d5468) Importer(815301076,1909f56bfc062723c751e8b465ee728b)
Start importing Assets/Scripts/menus using Guid(11bba428841aacf4c99a3d1bf64d5468) Importer(815301076,1909f56bfc062723c751e8b465ee728b) [PhysX] Initialized MultithreadedTaskDispatcher with 12 workers.
 -> (artifact id: '2e143dc675c528ed166aeaeb0609c480') in 0.002453 seconds
Number of updated asset objects reloaded before import = 0
Number of asset objects unloaded after import = 0
========================================================================
Received Import Request.
  Time since last request: 3.168966 seconds.
  path: Assets/Scripts/MenuFrame.cs
  artifactKey: Guid(484c1ffb0da94f64fb74e0ca56e41e09) Importer(815301076,1909f56bfc062723c751e8b465ee728b)
Start importing Assets/Scripts/MenuFrame.cs using Guid(484c1ffb0da94f64fb74e0ca56e41e09) Importer(815301076,1909f56bfc062723c751e8b465ee728b) [PhysX] Initialized MultithreadedTaskDispatcher with 12 workers.
 -> (artifact id: 'b14ed7b66b9136d2baeb4f6cb74a433f') in 0.000513 seconds
Number of updated asset objects reloaded before import = 0
Number of asset objects unloaded after import = 0
========================================================================
Received Prepare
Caller must complete domain reload
Begin MonoManager ReloadAssembly
- Loaded All Assemblies, in  0.481 seconds
Native extension for WindowsStandalone target not found
Native extension for WebGL target not found
[Package Manager] Server::EnsureServerProcessIsRunning -- launch failed, reason: Unity was launched with the -noUpm command-line argument
[Package Manager] UpmClient::Send -- Unable to send message (not connected to UPM process).
[Package Manager] Cannot connect to Unity Package Manager local server
Mono: successfully reloaded assembly
- Finished resetting the current domain, in  0.906 seconds
Domain Reload Profiling: 1383ms
	BeginReloadAssembly (147ms)
		ExecutionOrderSort (0ms)
		DisableScriptedObjects (5ms)
		BackupInstance (0ms)
		ReleaseScriptingObjects (0ms)
		CreateAndSetChildDomain (28ms)
	RebuildCommonClasses (40ms)
	RebuildNativeTypeToScriptingClass (12ms)
	initialDomainReloadingComplete (30ms)
	LoadAllAssembliesAndSetupDomain (248ms)
		LoadAssemblies (304ms)
		RebuildTransferFunctionScriptingTraits (0ms)
		AnalyzeDomain (26ms)
			TypeCache.Refresh (8ms)
				TypeCache.ScanAssembly (1ms)
			ScanForSourceGeneratedMonoScriptInfo (8ms)
			ResolveRequiredComponents (7ms)
	FinalizeReload (906ms)
		ReleaseScriptCaches (0ms)
		RebuildScriptCaches (0ms)
		SetupLoadedEditorAssemblies (428ms)
			LogAssemblyErrors (0ms)
			InitializePlatformSupportModulesInManaged (9ms)
			SetLoadedEditorAssemblies (3ms)
			RefreshPlugins (0ms)
			BeforeProcessingInitializeOnLoad (57ms)
			ProcessInitializeOnLoadAttributes (328ms)
			ProcessInitializeOnLoadMethodAttributes (20ms)
			AfterProcessingInitializeOnLoad (10ms)
			EditorAssembliesLoaded (0ms)
		ExecutionOrderSort2 (0ms)
		AwakeInstancesAfterBackupRestoration (7ms)
Refreshing native plugins compatible for Editor in 3.36 ms, found 3 plugins.
Preloading 0 native plugins for Editor in 0.00 ms.
Unloading 3125 Unused Serialized files (Serialized files now loaded: 0)
Unloading 15 unused Assets / (29.1 KB). Loaded Objects now: 3717.
Memory consumption went from 134.9 MB to 134.9 MB.
Total: 3.401000 ms (FindLiveObjects: 0.302900 ms CreateObjectMapping: 0.078200 ms MarkObjects: 2.964700 ms  DeleteObjects: 0.053600 ms)

Prepare: number of updated asset objects reloaded= 0
AssetImportParameters requested are different than current active one (requested -> active):
  custom:container-demuxer-ogg: 62fdf1f143b41e24485cea50d1cbac27 -> 
  custom:video-decoder-ogg-theora: a1e56fd34408186e4bbccfd4996cb3dc -> 
  custom:framework-win-MediaFoundation: 216162199b28c13a410421893ffa2e32 -> 
  custom:CustomObjectIndexerAttribute: 9a22284fe3817be447336de3de66b15e -> 
  custom:scripting/monoscript/fileName/Readme.cs: 5aedf578fb2663036982fb7b05aaf325 -> 
  custom:container-demuxer-webm: 4f35f7cbe854078d1ac9338744f61a02 -> 
  custom:container-muxer-webm: aa71ff27fc2769a1b78a27578f13a17b -> 
  custom:scripting/monoscript/fileName/ReadmeEditor.cs: ff7ced1e41c1b99ddf5dfefc88f6bd50 -> 
  custom:video-decoder-webm-vp8: 9c59270c3fd7afecdb556c50c9e8de78 -> 
  custom:SearchIndexIgnoredProperties: e643bd26f0fe6173181afceb89e7c659 -> 
  custom:AudioImporter_EditorPlatform: d09bf68614088b80899f8185d706f6e7 -> 
  custom:video-encoder-webm-vp8: eb34c28f22e8b96e1ab97ce403110664 -> 
  custom:audio-decoder-ogg-vorbis: bf7c407c2cedff20999df2af8eb42d56 -> 
  custom:audio-encoder-webm-vorbis: bf7c407c2cedff20999df2af8eb42d56 -> 
  custom:scripting/monoscript/fileName/WaterReflection.cs: f1c57f2ce2c094032b710e8e5eb21bd7 -> 
  custom:scripting/precompiled-assembly-types:Assembly-CSharp: b5689d249d8f35382d44459a7248162d -> dff8c55d4e0e9ddc22cc808f571b8c31
========================================================================
Received Import Request.
  Time since last request: 10.321321 seconds.
  path: Assets/Scripts/TowerBuild.cs
  artifactKey: Guid(d1b4a85b4af50a140b7f3af3277022b1) Importer(815301076,1909f56bfc062723c751e8b465ee728b)
Start importing Assets/Scripts/TowerBuild.cs using Guid(d1b4a85b4af50a140b7f3af3277022b1) Importer(815301076,1909f56bfc062723c751e8b465ee728b) [PhysX] Initialized MultithreadedTaskDispatcher with 12 workers.
 -> (artifact id: 'd1ef2bfe44ec22b6873c63f29466fd7c') in 0.001557 seconds
Number of updated asset objects reloaded before import = 0
Number of asset objects unloaded after import = 0
========================================================================
Received Prepare
Caller must complete domain reload
Begin MonoManager ReloadAssembly
- Loaded All Assemblies, in  0.472 seconds
Native extension for WindowsStandalone target not found
Native extension for WebGL target not found
[Package Manager] Server::EnsureServerProcessIsRunning -- launch failed, reason: Unity was launched with the -noUpm command-line argument
[Package Manager] UpmClient::Send -- Unable to send message (not connected to UPM process).
[Package Manager] Cannot connect to Unity Package Manager local server
Mono: successfully reloaded assembly
- Finished resetting the current domain, in  0.929 seconds
Domain Reload Profiling: 1399ms
	BeginReloadAssembly (142ms)
		ExecutionOrderSort (0ms)
		DisableScriptedObjects (5ms)
		BackupInstance (0ms)
		ReleaseScriptingObjects (0ms)
		CreateAndSetChildDomain (27ms)
	RebuildCommonClasses (38ms)
	RebuildNativeTypeToScriptingClass (11ms)
	initialDomainReloadingComplete (27ms)
	LoadAllAssembliesAndSetupDomain (251ms)
		LoadAssemblies (310ms)
		RebuildTransferFunctionScriptingTraits (0ms)
		AnalyzeDomain (21ms)
			TypeCache.Refresh (8ms)
				TypeCache.ScanAssembly (1ms)
			ScanForSourceGeneratedMonoScriptInfo (6ms)
			ResolveRequiredComponents (5ms)
	FinalizeReload (930ms)
		ReleaseScriptCaches (0ms)
		RebuildScriptCaches (0ms)
		SetupLoadedEditorAssemblies (449ms)
			LogAssemblyErrors (0ms)
			InitializePlatformSupportModulesInManaged (9ms)
			SetLoadedEditorAssemblies (3ms)
			RefreshPlugins (0ms)
			BeforeProcessingInitializeOnLoad (62ms)
			ProcessInitializeOnLoadAttributes (346ms)
			ProcessInitializeOnLoadMethodAttributes (21ms)
			AfterProcessingInitializeOnLoad (8ms)
			EditorAssembliesLoaded (0ms)
		ExecutionOrderSort2 (0ms)
		AwakeInstancesAfterBackupRestoration (6ms)
Refreshing native plugins compatible for Editor in 2.98 ms, found 3 plugins.
Preloading 0 native plugins for Editor in 0.00 ms.
Unloading 3125 Unused Serialized files (Serialized files now loaded: 0)
Unloading 14 unused Assets / (28.6 KB). Loaded Objects now: 3720.
Memory consumption went from 134.9 MB to 134.9 MB.
Total: 2.992700 ms (FindLiveObjects: 0.331200 ms CreateObjectMapping: 0.080700 ms MarkObjects: 2.536700 ms  DeleteObjects: 0.042800 ms)

Prepare: number of updated asset objects reloaded= 0
AssetImportParameters requested are different than current active one (requested -> active):
  custom:container-demuxer-ogg: 62fdf1f143b41e24485cea50d1cbac27 -> 
  custom:video-decoder-ogg-theora: a1e56fd34408186e4bbccfd4996cb3dc -> 
  custom:framework-win-MediaFoundation: 216162199b28c13a410421893ffa2e32 -> 
  custom:CustomObjectIndexerAttribute: 9a22284fe3817be447336de3de66b15e -> 
  custom:scripting/monoscript/fileName/Readme.cs: 5aedf578fb2663036982fb7b05aaf325 -> 
  custom:container-demuxer-webm: 4f35f7cbe854078d1ac9338744f61a02 -> 
  custom:container-muxer-webm: aa71ff27fc2769a1b78a27578f13a17b -> 
  custom:scripting/monoscript/fileName/ReadmeEditor.cs: ff7ced1e41c1b99ddf5dfefc88f6bd50 -> 
  custom:video-decoder-webm-vp8: 9c59270c3fd7afecdb556c50c9e8de78 -> 
  custom:SearchIndexIgnoredProperties: e643bd26f0fe6173181afceb89e7c659 -> 
  custom:AudioImporter_EditorPlatform: d09bf68614088b80899f8185d706f6e7 -> 
  custom:video-encoder-webm-vp8: eb34c28f22e8b96e1ab97ce403110664 -> 
  custom:audio-decoder-ogg-vorbis: bf7c407c2cedff20999df2af8eb42d56 -> 
  custom:scripting/monoscript/fileName/TowerBuild.cs: 3807a8e615ef6a49dfd3f6bc5055a7a9 -> 9ea8b859a681512b782b9b3988d2f5f8
  custom:audio-encoder-webm-vorbis: bf7c407c2cedff20999df2af8eb42d56 -> 
  custom:scripting/monoscript/fileName/WaterReflection.cs: f1c57f2ce2c094032b710e8e5eb21bd7 -> 
  custom:scripting/precompiled-assembly-types:Assembly-CSharp: c38eb44b020b230ca4abcea618a344c5 -> dff8c55d4e0e9ddc22cc808f571b8c31
========================================================================
Received Import Request.
  Time since last request: 6.692218 seconds.
  path: Assets/Scripts/menus/TowerBuild.cs
  artifactKey: Guid(d1b4a85b4af50a140b7f3af3277022b1) Importer(815301076,1909f56bfc062723c751e8b465ee728b)
Start importing Assets/Scripts/menus/TowerBuild.cs using Guid(d1b4a85b4af50a140b7f3af3277022b1) Importer(815301076,1909f56bfc062723c751e8b465ee728b) [PhysX] Initialized MultithreadedTaskDispatcher with 12 workers.
 -> (artifact id: '8c8e754dd9af7b0116cb06c12984159f') in 0.001565 seconds
Number of updated asset objects reloaded before import = 0
Number of asset objects unloaded after import = 0
========================================================================
Received Prepare
Caller must complete domain reload
Begin MonoManager ReloadAssembly
- Loaded All Assemblies, in  0.536 seconds
Native extension for WindowsStandalone target not found
Native extension for WebGL target not found
[Package Manager] Server::EnsureServerProcessIsRunning -- launch failed, reason: Unity was launched with the -noUpm command-line argument
[Package Manager] UpmClient::Send -- Unable to send message (not connected to UPM process).
[Package Manager] Cannot connect to Unity Package Manager local server
Mono: successfully reloaded assembly
- Finished resetting the current domain, in  0.870 seconds
Domain Reload Profiling: 1404ms
	BeginReloadAssembly (246ms)
		ExecutionOrderSort (0ms)
		DisableScriptedObjects (4ms)
		BackupInstance (0ms)
		ReleaseScriptingObjects (0ms)
		CreateAndSetChildDomain (30ms)
	RebuildCommonClasses (39ms)
	RebuildNativeTypeToScriptingClass (11ms)
	initialDomainReloadingComplete (28ms)
	LoadAllAssembliesAndSetupDomain (210ms)
		LoadAssemblies (364ms)
		RebuildTransferFunctionScriptingTraits (0ms)
		AnalyzeDomain (27ms)
			TypeCache.Refresh (8ms)
				TypeCache.ScanAssembly (1ms)
			ScanForSourceGeneratedMonoScriptInfo (9ms)
			ResolveRequiredComponents (8ms)
	FinalizeReload (871ms)
		ReleaseScriptCaches (0ms)
		RebuildScriptCaches (0ms)
		SetupLoadedEditorAssemblies (422ms)
			LogAssemblyErrors (0ms)
			InitializePlatformSupportModulesInManaged (8ms)
			SetLoadedEditorAssemblies (3ms)
			RefreshPlugins (0ms)
			BeforeProcessingInitializeOnLoad (57ms)
			ProcessInitializeOnLoadAttributes (327ms)
			ProcessInitializeOnLoadMethodAttributes (20ms)
			AfterProcessingInitializeOnLoad (8ms)
			EditorAssembliesLoaded (0ms)
		ExecutionOrderSort2 (0ms)
		AwakeInstancesAfterBackupRestoration (8ms)
Refreshing native plugins compatible for Editor in 3.22 ms, found 3 plugins.
Preloading 0 native plugins for Editor in 0.00 ms.
Unloading 3125 Unused Serialized files (Serialized files now loaded: 0)
Unloading 14 unused Assets / (28.6 KB). Loaded Objects now: 3723.
Memory consumption went from 134.9 MB to 134.9 MB.
Total: 20.931800 ms (FindLiveObjects: 5.135800 ms CreateObjectMapping: 0.150400 ms MarkObjects: 15.585800 ms  DeleteObjects: 0.058200 ms)

Prepare: number of updated asset objects reloaded= 0
AssetImportParameters requested are different than current active one (requested -> active):
  custom:container-demuxer-ogg: 62fdf1f143b41e24485cea50d1cbac27 -> 
  custom:video-decoder-ogg-theora: a1e56fd34408186e4bbccfd4996cb3dc -> 
  custom:framework-win-MediaFoundation: 216162199b28c13a410421893ffa2e32 -> 
  custom:CustomObjectIndexerAttribute: 9a22284fe3817be447336de3de66b15e -> 
  custom:scripting/monoscript/fileName/Readme.cs: 5aedf578fb2663036982fb7b05aaf325 -> 
  custom:scripting/monoscript/fileName/Tooltip.cs: b7163f69ad820c51a0cfd3387a68b1d4 -> efb4e7ecf4b2142538150f2477ca1e4e
  custom:container-demuxer-webm: 4f35f7cbe854078d1ac9338744f61a02 -> 
  custom:container-muxer-webm: aa71ff27fc2769a1b78a27578f13a17b -> 
  custom:scripting/monoscript/fileName/ReadmeEditor.cs: ff7ced1e41c1b99ddf5dfefc88f6bd50 -> 
  custom:video-decoder-webm-vp8: 9c59270c3fd7afecdb556c50c9e8de78 -> 
  custom:SearchIndexIgnoredProperties: e643bd26f0fe6173181afceb89e7c659 -> 
  custom:AudioImporter_EditorPlatform: d09bf68614088b80899f8185d706f6e7 -> 
  custom:video-encoder-webm-vp8: eb34c28f22e8b96e1ab97ce403110664 -> 
  custom:audio-decoder-ogg-vorbis: bf7c407c2cedff20999df2af8eb42d56 -> 
  custom:scripting/monoscript/fileName/TowerBuild.cs: 3807a8e615ef6a49dfd3f6bc5055a7a9 -> 9ea8b859a681512b782b9b3988d2f5f8
  custom:audio-encoder-webm-vorbis: bf7c407c2cedff20999df2af8eb42d56 -> 
  custom:scripting/monoscript/fileName/WaterReflection.cs: f1c57f2ce2c094032b710e8e5eb21bd7 -> 
  custom:scripting/precompiled-assembly-types:Assembly-CSharp: 59ac2b6ec04ca2757017aceed1823ee6 -> dff8c55d4e0e9ddc22cc808f571b8c31
========================================================================
Received Prepare
Caller must complete domain reload
Begin MonoManager ReloadAssembly
- Loaded All Assemblies, in  0.430 seconds
Native extension for WindowsStandalone target not found
Native extension for WebGL target not found
[Package Manager] Server::EnsureServerProcessIsRunning -- launch failed, reason: Unity was launched with the -noUpm command-line argument
[Package Manager] UpmClient::Send -- Unable to send message (not connected to UPM process).
[Package Manager] Cannot connect to Unity Package Manager local server
Mono: successfully reloaded assembly
- Finished resetting the current domain, in  0.937 seconds
Domain Reload Profiling: 1364ms
	BeginReloadAssembly (144ms)
		ExecutionOrderSort (0ms)
		DisableScriptedObjects (4ms)
		BackupInstance (0ms)
		ReleaseScriptingObjects (0ms)
		CreateAndSetChildDomain (29ms)
	RebuildCommonClasses (34ms)
	RebuildNativeTypeToScriptingClass (14ms)
	initialDomainReloadingComplete (28ms)
	LoadAllAssembliesAndSetupDomain (207ms)
		LoadAssemblies (264ms)
		RebuildTransferFunctionScriptingTraits (0ms)
		AnalyzeDomain (22ms)
			TypeCache.Refresh (8ms)
				TypeCache.ScanAssembly (1ms)
			ScanForSourceGeneratedMonoScriptInfo (7ms)
			ResolveRequiredComponents (5ms)
	FinalizeReload (937ms)
		ReleaseScriptCaches (0ms)
		RebuildScriptCaches (0ms)
		SetupLoadedEditorAssemblies (417ms)
			LogAssemblyErrors (0ms)
			InitializePlatformSupportModulesInManaged (8ms)
			SetLoadedEditorAssemblies (3ms)
			RefreshPlugins (0ms)
			BeforeProcessingInitializeOnLoad (66ms)
			ProcessInitializeOnLoadAttributes (311ms)
			ProcessInitializeOnLoadMethodAttributes (20ms)
			AfterProcessingInitializeOnLoad (9ms)
			EditorAssembliesLoaded (0ms)
		ExecutionOrderSort2 (0ms)
		AwakeInstancesAfterBackupRestoration (6ms)
Refreshing native plugins compatible for Editor in 2.98 ms, found 3 plugins.
Preloading 0 native plugins for Editor in 0.00 ms.
Unloading 3126 Unused Serialized files (Serialized files now loaded: 0)
Unloading 14 unused Assets / (28.6 KB). Loaded Objects now: 3726.
Memory consumption went from 135.2 MB to 135.2 MB.
Total: 2.641600 ms (FindLiveObjects: 0.333400 ms CreateObjectMapping: 0.081000 ms MarkObjects: 2.186700 ms  DeleteObjects: 0.039500 ms)

Prepare: number of updated asset objects reloaded= 0
AssetImportParameters requested are different than current active one (requested -> active):
  custom:container-demuxer-ogg: 62fdf1f143b41e24485cea50d1cbac27 -> 
  custom:video-decoder-ogg-theora: a1e56fd34408186e4bbccfd4996cb3dc -> 
  custom:framework-win-MediaFoundation: 216162199b28c13a410421893ffa2e32 -> 
  custom:CustomObjectIndexerAttribute: 9a22284fe3817be447336de3de66b15e -> 
  custom:scripting/monoscript/fileName/Readme.cs: 5aedf578fb2663036982fb7b05aaf325 -> 
  custom:scripting/monoscript/fileName/Tooltip.cs: b7163f69ad820c51a0cfd3387a68b1d4 -> efb4e7ecf4b2142538150f2477ca1e4e
  custom:container-demuxer-webm: 4f35f7cbe854078d1ac9338744f61a02 -> 
  custom:container-muxer-webm: aa71ff27fc2769a1b78a27578f13a17b -> 
  custom:scripting/monoscript/fileName/ReadmeEditor.cs: ff7ced1e41c1b99ddf5dfefc88f6bd50 -> 
  custom:video-decoder-webm-vp8: 9c59270c3fd7afecdb556c50c9e8de78 -> 
  custom:SearchIndexIgnoredProperties: e643bd26f0fe6173181afceb89e7c659 -> 
  custom:AudioImporter_EditorPlatform: d09bf68614088b80899f8185d706f6e7 -> 
  custom:scripting/monoscript/fileName/TooltipManager.cs: 902a800de15a4facdbc6dbb1be6c1339 -> bc11dd805cb64c1c2f88cd7ae96fba24
  custom:video-encoder-webm-vp8: eb34c28f22e8b96e1ab97ce403110664 -> 
  custom:audio-decoder-ogg-vorbis: bf7c407c2cedff20999df2af8eb42d56 -> 
  custom:scripting/monoscript/fileName/TowerBuild.cs: 3807a8e615ef6a49dfd3f6bc5055a7a9 -> 9ea8b859a681512b782b9b3988d2f5f8
  custom:audio-encoder-webm-vorbis: bf7c407c2cedff20999df2af8eb42d56 -> 
  custom:scripting/monoscript/fileName/WaterReflection.cs: f1c57f2ce2c094032b710e8e5eb21bd7 -> 
  custom:scripting/precompiled-assembly-types:Assembly-CSharp: 1fc243ee8765f03dd557ce86b9c0f2f0 -> dff8c55d4e0e9ddc22cc808f571b8c31
========================================================================
Received Import Request.
  Time since last request: 17.119236 seconds.
  path: Assets/Scripts/entities
  artifactKey: Guid(77c3eba7a33aa3540a47735047b3b684) Importer(815301076,1909f56bfc062723c751e8b465ee728b)
Start importing Assets/Scripts/entities using Guid(77c3eba7a33aa3540a47735047b3b684) Importer(815301076,1909f56bfc062723c751e8b465ee728b) [PhysX] Initialized MultithreadedTaskDispatcher with 12 workers.
 -> (artifact id: '0a080d9695d94dc08bae2fb48dc8baf9') in 0.001645 seconds
Number of updated asset objects reloaded before import = 0
Number of asset objects unloaded after import = 0
========================================================================
Received Import Request.
  Time since last request: 2.132653 seconds.
  path: Assets/Scripts/Slime.cs
  artifactKey: Guid(1d2603dbf24482e47bab3ed7cf9f73aa) Importer(815301076,1909f56bfc062723c751e8b465ee728b)
Start importing Assets/Scripts/Slime.cs using Guid(1d2603dbf24482e47bab3ed7cf9f73aa) Importer(815301076,1909f56bfc062723c751e8b465ee728b) [PhysX] Initialized MultithreadedTaskDispatcher with 12 workers.
 -> (artifact id: '6f42a7539b0e3379039c93e426460653') in 0.000499 seconds
Number of updated asset objects reloaded before import = 0
Number of asset objects unloaded after import = 0
========================================================================
Received Import Request.
  Time since last request: 1.076945 seconds.
  path: Assets/Scripts/Tower.cs
  artifactKey: Guid(e8bd30b84bf3c4f4f8bd39d9ed0bcbe4) Importer(815301076,1909f56bfc062723c751e8b465ee728b)
Start importing Assets/Scripts/Tower.cs using Guid(e8bd30b84bf3c4f4f8bd39d9ed0bcbe4) Importer(815301076,1909f56bfc062723c751e8b465ee728b) [PhysX] Initialized MultithreadedTaskDispatcher with 12 workers.
 -> (artifact id: 'ce1ae76e755fe4cc56af97e994b37bf0') in 0.000505 seconds
Number of updated asset objects reloaded before import = 0
Number of asset objects unloaded after import = 0
========================================================================
Received Prepare
Caller must complete domain reload
Begin MonoManager ReloadAssembly
- Loaded All Assemblies, in  0.419 seconds
Native extension for WindowsStandalone target not found
Native extension for WebGL target not found
[Package Manager] Server::EnsureServerProcessIsRunning -- launch failed, reason: Unity was launched with the -noUpm command-line argument
[Package Manager] UpmClient::Send -- Unable to send message (not connected to UPM process).
[Package Manager] Cannot connect to Unity Package Manager local server
Mono: successfully reloaded assembly
- Finished resetting the current domain, in  0.995 seconds
Domain Reload Profiling: 1413ms
	BeginReloadAssembly (143ms)
		ExecutionOrderSort (0ms)
		DisableScriptedObjects (4ms)
		BackupInstance (0ms)
		ReleaseScriptingObjects (0ms)
		CreateAndSetChildDomain (27ms)
	RebuildCommonClasses (32ms)
	RebuildNativeTypeToScriptingClass (12ms)
	initialDomainReloadingComplete (28ms)
	LoadAllAssembliesAndSetupDomain (201ms)
		LoadAssemblies (257ms)
		RebuildTransferFunctionScriptingTraits (0ms)
		AnalyzeDomain (26ms)
			TypeCache.Refresh (8ms)
				TypeCache.ScanAssembly (1ms)
			ScanForSourceGeneratedMonoScriptInfo (7ms)
			ResolveRequiredComponents (8ms)
	FinalizeReload (996ms)
		ReleaseScriptCaches (0ms)
		RebuildScriptCaches (0ms)
		SetupLoadedEditorAssemblies (534ms)
			LogAssemblyErrors (0ms)
			InitializePlatformSupportModulesInManaged (7ms)
			SetLoadedEditorAssemblies (3ms)
			RefreshPlugins (0ms)
			BeforeProcessingInitializeOnLoad (61ms)
			ProcessInitializeOnLoadAttributes (433ms)
			ProcessInitializeOnLoadMethodAttributes (21ms)
			AfterProcessingInitializeOnLoad (8ms)
			EditorAssembliesLoaded (0ms)
		ExecutionOrderSort2 (0ms)
		AwakeInstancesAfterBackupRestoration (6ms)
Refreshing native plugins compatible for Editor in 3.46 ms, found 3 plugins.
Preloading 0 native plugins for Editor in 0.00 ms.
Unloading 3125 Unused Serialized files (Serialized files now loaded: 0)
Unloading 14 unused Assets / (28.6 KB). Loaded Objects now: 3729.
Memory consumption went from 134.9 MB to 134.9 MB.
Total: 2.898300 ms (FindLiveObjects: 0.326900 ms CreateObjectMapping: 0.075000 ms MarkObjects: 2.447600 ms  DeleteObjects: 0.047800 ms)

Prepare: number of updated asset objects reloaded= 0
AssetImportParameters requested are different than current active one (requested -> active):
  custom:container-demuxer-ogg: 62fdf1f143b41e24485cea50d1cbac27 -> 
  custom:video-decoder-ogg-theora: a1e56fd34408186e4bbccfd4996cb3dc -> 
  custom:framework-win-MediaFoundation: 216162199b28c13a410421893ffa2e32 -> 
  custom:scripting/monoscript/fileName/Tower.cs: 0e51d5638e1e2b20f04394d6225c671a -> 16583eaf01662413665c0a8803428cd6
  custom:CustomObjectIndexerAttribute: 9a22284fe3817be447336de3de66b15e -> 
  custom:scripting/monoscript/fileName/Readme.cs: 5aedf578fb2663036982fb7b05aaf325 -> 
  custom:scripting/monoscript/fileName/Tooltip.cs: b7163f69ad820c51a0cfd3387a68b1d4 -> efb4e7ecf4b2142538150f2477ca1e4e
  custom:container-demuxer-webm: 4f35f7cbe854078d1ac9338744f61a02 -> 
  custom:container-muxer-webm: aa71ff27fc2769a1b78a27578f13a17b -> 
  custom:scripting/monoscript/fileName/ReadmeEditor.cs: ff7ced1e41c1b99ddf5dfefc88f6bd50 -> 
  custom:video-decoder-webm-vp8: 9c59270c3fd7afecdb556c50c9e8de78 -> 
  custom:SearchIndexIgnoredProperties: e643bd26f0fe6173181afceb89e7c659 -> 
  custom:AudioImporter_EditorPlatform: d09bf68614088b80899f8185d706f6e7 -> 
  custom:scripting/monoscript/fileName/Slime.cs: e872c3a4bc36777cb1cc31d8379690c8 -> 05272bae05f111c6b0609e32e93d89d5
  custom:scripting/monoscript/fileName/TooltipManager.cs: 902a800de15a4facdbc6dbb1be6c1339 -> bc11dd805cb64c1c2f88cd7ae96fba24
  custom:video-encoder-webm-vp8: eb34c28f22e8b96e1ab97ce403110664 -> 
  custom:audio-decoder-ogg-vorbis: bf7c407c2cedff20999df2af8eb42d56 -> 
  custom:scripting/monoscript/fileName/Bullet.cs: 48ff13ede6c310cc0acf4a30e818a1de -> a4f5918e799041ba1f6608f13912eb8b
  custom:scripting/monoscript/fileName/TowerBuild.cs: 3807a8e615ef6a49dfd3f6bc5055a7a9 -> 9ea8b859a681512b782b9b3988d2f5f8
  custom:audio-encoder-webm-vorbis: bf7c407c2cedff20999df2af8eb42d56 -> 
  custom:scripting/monoscript/fileName/WaterReflection.cs: f1c57f2ce2c094032b710e8e5eb21bd7 -> 
  custom:scripting/precompiled-assembly-types:Assembly-CSharp: 15c7fd0075a4f5b984e6457fe1b79d8e -> dff8c55d4e0e9ddc22cc808f571b8c31
========================================================================
Received Import Request.
  Time since last request: 19.497545 seconds.
  path: Assets/Scripts/global
  artifactKey: Guid(804ab7bb932fbae479fc97abd602e5b2) Importer(815301076,1909f56bfc062723c751e8b465ee728b)
Start importing Assets/Scripts/global using Guid(804ab7bb932fbae479fc97abd602e5b2) Importer(815301076,1909f56bfc062723c751e8b465ee728b) [PhysX] Initialized MultithreadedTaskDispatcher with 12 workers.
 -> (artifact id: 'd32301f6463fda4f4c8db5114040e3d2') in 0.001603 seconds
Number of updated asset objects reloaded before import = 0
Number of asset objects unloaded after import = 0
========================================================================
Received Import Request.
  Time since last request: 1.677040 seconds.
  path: Assets/Scripts/Tile.cs
  artifactKey: Guid(cc5cdaafe962ad94aaea98cc2603cc92) Importer(815301076,1909f56bfc062723c751e8b465ee728b)
Start importing Assets/Scripts/Tile.cs using Guid(cc5cdaafe962ad94aaea98cc2603cc92) Importer(815301076,1909f56bfc062723c751e8b465ee728b) [PhysX] Initialized MultithreadedTaskDispatcher with 12 workers.
 -> (artifact id: '58c43c97fd71c18b82f054e007cab519') in 0.000528 seconds
Number of updated asset objects reloaded before import = 0
Number of asset objects unloaded after import = 0
========================================================================
Received Import Request.
  Time since last request: 1.235212 seconds.
  path: Assets/Scripts/Wave.cs
  artifactKey: Guid(3e22f22e32a1cf846b844161accff370) Importer(815301076,1909f56bfc062723c751e8b465ee728b)
Start importing Assets/Scripts/Wave.cs using Guid(3e22f22e32a1cf846b844161accff370) Importer(815301076,1909f56bfc062723c751e8b465ee728b) [PhysX] Initialized MultithreadedTaskDispatcher with 12 workers.
 -> (artifact id: '33ba656f886f5884fb205b97338516e8') in 0.000498 seconds
Number of updated asset objects reloaded before import = 0
Number of asset objects unloaded after import = 0
========================================================================
Received Import Request.
  Time since last request: 3.802246 seconds.
  path: Assets/Scripts/GameManager.cs
  artifactKey: Guid(ace09f2010261854f98941917ae7a6ee) Importer(815301076,1909f56bfc062723c751e8b465ee728b)
Start importing Assets/Scripts/GameManager.cs using Guid(ace09f2010261854f98941917ae7a6ee) Importer(815301076,1909f56bfc062723c751e8b465ee728b) [PhysX] Initialized MultithreadedTaskDispatcher with 12 workers.
 -> (artifact id: 'd9f005e86be0b35879ee7f2ea05c6b78') in 0.000509 seconds
Number of updated asset objects reloaded before import = 0
Number of asset objects unloaded after import = 0
========================================================================
Received Prepare
Caller must complete domain reload
Begin MonoManager ReloadAssembly
- Loaded All Assemblies, in  0.436 seconds
Native extension for WindowsStandalone target not found
Native extension for WebGL target not found
[Package Manager] Server::EnsureServerProcessIsRunning -- launch failed, reason: Unity was launched with the -noUpm command-line argument
[Package Manager] UpmClient::Send -- Unable to send message (not connected to UPM process).
[Package Manager] Cannot connect to Unity Package Manager local server
Mono: successfully reloaded assembly
- Finished resetting the current domain, in  0.927 seconds
Domain Reload Profiling: 1361ms
	BeginReloadAssembly (152ms)
		ExecutionOrderSort (0ms)
		DisableScriptedObjects (6ms)
		BackupInstance (0ms)
		ReleaseScriptingObjects (0ms)
		CreateAndSetChildDomain (29ms)
	RebuildCommonClasses (38ms)
	RebuildNativeTypeToScriptingClass (15ms)
	initialDomainReloadingComplete (30ms)
	LoadAllAssembliesAndSetupDomain (199ms)
		LoadAssemblies (262ms)
		RebuildTransferFunctionScriptingTraits (0ms)
		AnalyzeDomain (23ms)
			TypeCache.Refresh (10ms)
				TypeCache.ScanAssembly (1ms)
			ScanForSourceGeneratedMonoScriptInfo (6ms)
			ResolveRequiredComponents (6ms)
	FinalizeReload (928ms)
		ReleaseScriptCaches (0ms)
		RebuildScriptCaches (0ms)
		SetupLoadedEditorAssemblies (470ms)
			LogAssemblyErrors (0ms)
			InitializePlatformSupportModulesInManaged (8ms)
			SetLoadedEditorAssemblies (3ms)
			RefreshPlugins (0ms)
			BeforeProcessingInitializeOnLoad (61ms)
			ProcessInitializeOnLoadAttributes (367ms)
			ProcessInitializeOnLoadMethodAttributes (22ms)
			AfterProcessingInitializeOnLoad (8ms)
			EditorAssembliesLoaded (0ms)
		ExecutionOrderSort2 (0ms)
		AwakeInstancesAfterBackupRestoration (8ms)
Refreshing native plugins compatible for Editor in 3.14 ms, found 3 plugins.
Preloading 0 native plugins for Editor in 0.00 ms.
Unloading 3125 Unused Serialized files (Serialized files now loaded: 0)
Unloading 14 unused Assets / (28.5 KB). Loaded Objects now: 3732.
Memory consumption went from 134.9 MB to 134.9 MB.
Total: 2.627600 ms (FindLiveObjects: 0.314100 ms CreateObjectMapping: 0.076000 ms MarkObjects: 2.193800 ms  DeleteObjects: 0.043100 ms)

Prepare: number of updated asset objects reloaded= 0
AssetImportParameters requested are different than current active one (requested -> active):
  custom:container-demuxer-ogg: 62fdf1f143b41e24485cea50d1cbac27 -> 
  custom:scripting/monoscript/fileName/GameManager.cs: f6182d712e34e20e3202214886862cdb -> 9933fbcc6190e2a9171c2ec8808a053e
  custom:video-decoder-ogg-theora: a1e56fd34408186e4bbccfd4996cb3dc -> 
  custom:framework-win-MediaFoundation: 216162199b28c13a410421893ffa2e32 -> 
  custom:scripting/monoscript/fileName/Tower.cs: 0e51d5638e1e2b20f04394d6225c671a -> 16583eaf01662413665c0a8803428cd6
  custom:CustomObjectIndexerAttribute: 9a22284fe3817be447336de3de66b15e -> 
  custom:scripting/monoscript/fileName/Readme.cs: 5aedf578fb2663036982fb7b05aaf325 -> 
  custom:scripting/monoscript/fileName/Tooltip.cs: b7163f69ad820c51a0cfd3387a68b1d4 -> efb4e7ecf4b2142538150f2477ca1e4e
  custom:container-demuxer-webm: 4f35f7cbe854078d1ac9338744f61a02 -> 
  custom:container-muxer-webm: aa71ff27fc2769a1b78a27578f13a17b -> 
  custom:scripting/monoscript/fileName/ReadmeEditor.cs: ff7ced1e41c1b99ddf5dfefc88f6bd50 -> 
  custom:video-decoder-webm-vp8: 9c59270c3fd7afecdb556c50c9e8de78 -> 
  custom:SearchIndexIgnoredProperties: e643bd26f0fe6173181afceb89e7c659 -> 
  custom:AudioImporter_EditorPlatform: d09bf68614088b80899f8185d706f6e7 -> 
  custom:scripting/monoscript/fileName/Slime.cs: e872c3a4bc36777cb1cc31d8379690c8 -> 05272bae05f111c6b0609e32e93d89d5
  custom:scripting/monoscript/fileName/Bar.cs: 890822e7dfd0f89892a6fd3ee944f62e -> 71c40e549b4fade8bed144aaff5a79ac
  custom:scripting/monoscript/fileName/TooltipManager.cs: 902a800de15a4facdbc6dbb1be6c1339 -> bc11dd805cb64c1c2f88cd7ae96fba24
  custom:video-encoder-webm-vp8: eb34c28f22e8b96e1ab97ce403110664 -> 
  custom:audio-decoder-ogg-vorbis: bf7c407c2cedff20999df2af8eb42d56 -> 
  custom:scripting/monoscript/fileName/Bullet.cs: 48ff13ede6c310cc0acf4a30e818a1de -> a4f5918e799041ba1f6608f13912eb8b
  custom:scripting/monoscript/fileName/TowerBuild.cs: 3807a8e615ef6a49dfd3f6bc5055a7a9 -> 9ea8b859a681512b782b9b3988d2f5f8
  custom:scripting/monoscript/fileName/Wave.cs: c8b913f1d5cb3bff026a08ce26c83aad -> 6e300e3b5d1a1dd15fa0115918e06e83
  custom:audio-encoder-webm-vorbis: bf7c407c2cedff20999df2af8eb42d56 -> 
  custom:scripting/monoscript/fileName/WaterReflection.cs: f1c57f2ce2c094032b710e8e5eb21bd7 -> 
  custom:scripting/precompiled-assembly-types:Assembly-CSharp: 55b968304de48cac6e2866904930cb03 -> dff8c55d4e0e9ddc22cc808f571b8c31
========================================================================
Received Prepare
Caller must complete domain reload
Begin MonoManager ReloadAssembly
- Loaded All Assemblies, in  0.481 seconds
Native extension for WindowsStandalone target not found
Native extension for WebGL target not found
[Package Manager] Server::EnsureServerProcessIsRunning -- launch failed, reason: Unity was launched with the -noUpm command-line argument
[Package Manager] UpmClient::Send -- Unable to send message (not connected to UPM process).
[Package Manager] Cannot connect to Unity Package Manager local server
Mono: successfully reloaded assembly
- Finished resetting the current domain, in  0.891 seconds
Domain Reload Profiling: 1370ms
	BeginReloadAssembly (142ms)
		ExecutionOrderSort (0ms)
		DisableScriptedObjects (4ms)
		BackupInstance (0ms)
		ReleaseScriptingObjects (0ms)
		CreateAndSetChildDomain (27ms)
	RebuildCommonClasses (32ms)
	RebuildNativeTypeToScriptingClass (11ms)
	initialDomainReloadingComplete (32ms)
	LoadAllAssembliesAndSetupDomain (261ms)
		LoadAssemblies (318ms)
		RebuildTransferFunctionScriptingTraits (0ms)
		AnalyzeDomain (25ms)
			TypeCache.Refresh (10ms)
				TypeCache.ScanAssembly (1ms)
			ScanForSourceGeneratedMonoScriptInfo (6ms)
			ResolveRequiredComponents (6ms)
	FinalizeReload (892ms)
		ReleaseScriptCaches (0ms)
		RebuildScriptCaches (0ms)
		SetupLoadedEditorAssemblies (416ms)
			LogAssemblyErrors (0ms)
			InitializePlatformSupportModulesInManaged (8ms)
			SetLoadedEditorAssemblies (3ms)
			RefreshPlugins (0ms)
			BeforeProcessingInitializeOnLoad (59ms)
			ProcessInitializeOnLoadAttributes (318ms)
			ProcessInitializeOnLoadMethodAttributes (19ms)
			AfterProcessingInitializeOnLoad (9ms)
			EditorAssembliesLoaded (0ms)
		ExecutionOrderSort2 (0ms)
		AwakeInstancesAfterBackupRestoration (6ms)
Refreshing native plugins compatible for Editor in 3.57 ms, found 3 plugins.
Preloading 0 native plugins for Editor in 0.00 ms.
Unloading 3126 Unused Serialized files (Serialized files now loaded: 0)
Unloading 14 unused Assets / (28.7 KB). Loaded Objects now: 3735.
Memory consumption went from 135.2 MB to 135.2 MB.
Total: 2.809500 ms (FindLiveObjects: 0.329100 ms CreateObjectMapping: 0.078800 ms MarkObjects: 2.360100 ms  DeleteObjects: 0.040200 ms)

Prepare: number of updated asset objects reloaded= 0
AssetImportParameters requested are different than current active one (requested -> active):
  custom:container-demuxer-ogg: 62fdf1f143b41e24485cea50d1cbac27 -> 
  custom:scripting/monoscript/fileName/GameManager.cs: f6182d712e34e20e3202214886862cdb -> 9933fbcc6190e2a9171c2ec8808a053e
  custom:video-decoder-ogg-theora: a1e56fd34408186e4bbccfd4996cb3dc -> 
  custom:framework-win-MediaFoundation: 216162199b28c13a410421893ffa2e32 -> 
  custom:scripting/monoscript/fileName/Tower.cs: 0e51d5638e1e2b20f04394d6225c671a -> 16583eaf01662413665c0a8803428cd6
  custom:CustomObjectIndexerAttribute: 9a22284fe3817be447336de3de66b15e -> 
  custom:scripting/monoscript/fileName/Readme.cs: 5aedf578fb2663036982fb7b05aaf325 -> 
  custom:scripting/monoscript/fileName/Tooltip.cs: b7163f69ad820c51a0cfd3387a68b1d4 -> efb4e7ecf4b2142538150f2477ca1e4e
  custom:container-demuxer-webm: 4f35f7cbe854078d1ac9338744f61a02 -> 
  custom:container-muxer-webm: aa71ff27fc2769a1b78a27578f13a17b -> 
  custom:scripting/monoscript/fileName/ReadmeEditor.cs: ff7ced1e41c1b99ddf5dfefc88f6bd50 -> 
  custom:video-decoder-webm-vp8: 9c59270c3fd7afecdb556c50c9e8de78 -> 
  custom:SearchIndexIgnoredProperties: e643bd26f0fe6173181afceb89e7c659 -> 
  custom:AudioImporter_EditorPlatform: d09bf68614088b80899f8185d706f6e7 -> 
  custom:scripting/monoscript/fileName/Slime.cs: e872c3a4bc36777cb1cc31d8379690c8 -> 05272bae05f111c6b0609e32e93d89d5
  custom:scripting/monoscript/fileName/Bar.cs: 890822e7dfd0f89892a6fd3ee944f62e -> 71c40e549b4fade8bed144aaff5a79ac
  custom:scripting/monoscript/fileName/TooltipManager.cs: 902a800de15a4facdbc6dbb1be6c1339 -> bc11dd805cb64c1c2f88cd7ae96fba24
  custom:video-encoder-webm-vp8: eb34c28f22e8b96e1ab97ce403110664 -> 
  custom:audio-decoder-ogg-vorbis: bf7c407c2cedff20999df2af8eb42d56 -> 
  custom:scripting/monoscript/fileName/Bullet.cs: 48ff13ede6c310cc0acf4a30e818a1de -> a4f5918e799041ba1f6608f13912eb8b
  custom:scripting/monoscript/fileName/TowerBuild.cs: 3807a8e615ef6a49dfd3f6bc5055a7a9 -> 9ea8b859a681512b782b9b3988d2f5f8
  custom:scripting/monoscript/fileName/Wave.cs: c8b913f1d5cb3bff026a08ce26c83aad -> 6e300e3b5d1a1dd15fa0115918e06e83
  custom:audio-encoder-webm-vorbis: bf7c407c2cedff20999df2af8eb42d56 -> 
  custom:scripting/monoscript/fileName/WaterReflection.cs: f1c57f2ce2c094032b710e8e5eb21bd7 -> 
  custom:scripting/monoscript/fileName/Tile.cs: e6480a408e34695897b31a69fad2b871 -> a94101d916c115d73aff3567a86e16d8
  custom:scripting/precompiled-assembly-types:Assembly-CSharp: e7cb3cb1de04f7dcbfd2ac109ce5cb6d -> dff8c55d4e0e9ddc22cc808f571b8c31
========================================================================
Received Import Request.
  Time since last request: 2361.102993 seconds.
  path: Assets/Scripts/entities/LumberMill.cs
  artifactKey: Guid(fd9132f621fa30346879e6515530d5e2) Importer(815301076,1909f56bfc062723c751e8b465ee728b)
Start importing Assets/Scripts/entities/LumberMill.cs using Guid(fd9132f621fa30346879e6515530d5e2) Importer(815301076,1909f56bfc062723c751e8b465ee728b) [PhysX] Initialized MultithreadedTaskDispatcher with 12 workers.
 -> (artifact id: 'c5503fd31aee225c02321f638f6522ac') in 0.002184 seconds
Number of updated asset objects reloaded before import = 0
Number of asset objects unloaded after import = 0
========================================================================
Received Import Request.
  Time since last request: 7.767428 seconds.
  path: Assets/Scripts/entities/GoldMine.cs
  artifactKey: Guid(b76f90af891d7294ba9217c1ebf79b13) Importer(815301076,1909f56bfc062723c751e8b465ee728b)
Start importing Assets/Scripts/entities/GoldMine.cs using Guid(b76f90af891d7294ba9217c1ebf79b13) Importer(815301076,1909f56bfc062723c751e8b465ee728b) [PhysX] Initialized MultithreadedTaskDispatcher with 12 workers.
 -> (artifact id: '67d10d1ff4c86d8847adf50321074203') in 0.001144 seconds
Number of updated asset objects reloaded before import = 0
Number of asset objects unloaded after import = 0
========================================================================
Received Prepare
Caller must complete domain reload
Begin MonoManager ReloadAssembly
- Loaded All Assemblies, in  2.296 seconds
Native extension for WindowsStandalone target not found
Native extension for WebGL target not found
[Package Manager] Server::EnsureServerProcessIsRunning -- launch failed, reason: Unity was launched with the -noUpm command-line argument
[Package Manager] UpmClient::Send -- Unable to send message (not connected to UPM process).
[Package Manager] Cannot connect to Unity Package Manager local server
Mono: successfully reloaded assembly
- Finished resetting the current domain, in  8.389 seconds
Domain Reload Profiling: 10682ms
	BeginReloadAssembly (153ms)
		ExecutionOrderSort (0ms)
		DisableScriptedObjects (4ms)
		BackupInstance (0ms)
		ReleaseScriptingObjects (0ms)
		CreateAndSetChildDomain (32ms)
	RebuildCommonClasses (33ms)
	RebuildNativeTypeToScriptingClass (13ms)
	initialDomainReloadingComplete (31ms)
	LoadAllAssembliesAndSetupDomain (2062ms)
		LoadAssemblies (2126ms)
		RebuildTransferFunctionScriptingTraits (0ms)
		AnalyzeDomain (23ms)
			TypeCache.Refresh (8ms)
				TypeCache.ScanAssembly (1ms)
			ScanForSourceGeneratedMonoScriptInfo (7ms)
			ResolveRequiredComponents (5ms)
	FinalizeReload (8389ms)
		ReleaseScriptCaches (0ms)
		RebuildScriptCaches (0ms)
		SetupLoadedEditorAssemblies (423ms)
			LogAssemblyErrors (0ms)
			InitializePlatformSupportModulesInManaged (7ms)
			SetLoadedEditorAssemblies (3ms)
			RefreshPlugins (0ms)
			BeforeProcessingInitializeOnLoad (63ms)
			ProcessInitializeOnLoadAttributes (320ms)
			ProcessInitializeOnLoadMethodAttributes (22ms)
			AfterProcessingInitializeOnLoad (8ms)
			EditorAssembliesLoaded (0ms)
		ExecutionOrderSort2 (0ms)
		AwakeInstancesAfterBackupRestoration (7ms)
Refreshing native plugins compatible for Editor in 3.59 ms, found 3 plugins.
Preloading 0 native plugins for Editor in 0.00 ms.
Unloading 3127 Unused Serialized files (Serialized files now loaded: 0)
Unloading 14 unused Assets / (28.6 KB). Loaded Objects now: 3740.
Memory consumption went from 135.0 MB to 135.0 MB.
Total: 2.897600 ms (FindLiveObjects: 0.391600 ms CreateObjectMapping: 0.078400 ms MarkObjects: 2.387800 ms  DeleteObjects: 0.038800 ms)

Prepare: number of updated asset objects reloaded= 0
AssetImportParameters requested are different than current active one (requested -> active):
  custom:container-demuxer-ogg: 62fdf1f143b41e24485cea50d1cbac27 -> 
  custom:scripting/monoscript/fileName/GameManager.cs: f6182d712e34e20e3202214886862cdb -> 9933fbcc6190e2a9171c2ec8808a053e
  custom:video-decoder-ogg-theora: a1e56fd34408186e4bbccfd4996cb3dc -> 
  custom:framework-win-MediaFoundation: 216162199b28c13a410421893ffa2e32 -> 
  custom:scripting/monoscript/fileName/Tower.cs: 0e51d5638e1e2b20f04394d6225c671a -> 16583eaf01662413665c0a8803428cd6
  custom:CustomObjectIndexerAttribute: 9a22284fe3817be447336de3de66b15e -> 
  custom:scripting/monoscript/fileName/Readme.cs: 5aedf578fb2663036982fb7b05aaf325 -> 
  custom:scripting/monoscript/fileName/Tooltip.cs: b7163f69ad820c51a0cfd3387a68b1d4 -> efb4e7ecf4b2142538150f2477ca1e4e
  custom:container-demuxer-webm: 4f35f7cbe854078d1ac9338744f61a02 -> 
  custom:scripting/monoscript/fileName/GoldMine.cs: bab3e2ee0cdfb32214ea1458d0239fb0 -> 
  custom:container-muxer-webm: aa71ff27fc2769a1b78a27578f13a17b -> 
  custom:scripting/monoscript/fileName/ReadmeEditor.cs: ff7ced1e41c1b99ddf5dfefc88f6bd50 -> 
  custom:video-decoder-webm-vp8: 9c59270c3fd7afecdb556c50c9e8de78 -> 
  custom:SearchIndexIgnoredProperties: e643bd26f0fe6173181afceb89e7c659 -> 
  custom:AudioImporter_EditorPlatform: d09bf68614088b80899f8185d706f6e7 -> 
  custom:scripting/monoscript/fileName/LumberMill.cs: c2d45524fbd0d6e9a670d983de5f81d7 -> 
  custom:scripting/monoscript/fileName/Slime.cs: e872c3a4bc36777cb1cc31d8379690c8 -> 05272bae05f111c6b0609e32e93d89d5
  custom:scripting/monoscript/fileName/Bar.cs: 890822e7dfd0f89892a6fd3ee944f62e -> 71c40e549b4fade8bed144aaff5a79ac
  custom:scripting/monoscript/fileName/TooltipManager.cs: 902a800de15a4facdbc6dbb1be6c1339 -> bc11dd805cb64c1c2f88cd7ae96fba24
  custom:video-encoder-webm-vp8: eb34c28f22e8b96e1ab97ce403110664 -> 
  custom:audio-decoder-ogg-vorbis: bf7c407c2cedff20999df2af8eb42d56 -> 
  custom:scripting/monoscript/fileName/Bullet.cs: 48ff13ede6c310cc0acf4a30e818a1de -> a4f5918e799041ba1f6608f13912eb8b
  custom:scripting/monoscript/fileName/TowerBuild.cs: 3807a8e615ef6a49dfd3f6bc5055a7a9 -> 9ea8b859a681512b782b9b3988d2f5f8
  custom:scripting/monoscript/fileName/Wave.cs: c8b913f1d5cb3bff026a08ce26c83aad -> 6e300e3b5d1a1dd15fa0115918e06e83
  custom:audio-encoder-webm-vorbis: bf7c407c2cedff20999df2af8eb42d56 -> 
  custom:scripting/monoscript/fileName/WaterReflection.cs: f1c57f2ce2c094032b710e8e5eb21bd7 -> 
  custom:scripting/monoscript/fileName/Tile.cs: e6480a408e34695897b31a69fad2b871 -> a94101d916c115d73aff3567a86e16d8
  custom:scripting/precompiled-assembly-types:Assembly-CSharp: 0916591ccaae9dc05f711123d5126a39 -> dff8c55d4e0e9ddc22cc808f571b8c31
========================================================================
Received Prepare
Caller must complete domain reload
Begin MonoManager ReloadAssembly
- Loaded All Assemblies, in  0.414 seconds
Native extension for WindowsStandalone target not found
Native extension for WebGL target not found
[Package Manager] Server::EnsureServerProcessIsRunning -- launch failed, reason: Unity was launched with the -noUpm command-line argument
[Package Manager] UpmClient::Send -- Unable to send message (not connected to UPM process).
[Package Manager] Cannot connect to Unity Package Manager local server
Mono: successfully reloaded assembly
- Finished resetting the current domain, in  0.849 seconds
Domain Reload Profiling: 1261ms
	BeginReloadAssembly (142ms)
		ExecutionOrderSort (0ms)
		DisableScriptedObjects (4ms)
		BackupInstance (0ms)
		ReleaseScriptingObjects (0ms)
		CreateAndSetChildDomain (29ms)
	RebuildCommonClasses (32ms)
	RebuildNativeTypeToScriptingClass (12ms)
	initialDomainReloadingComplete (27ms)
	LoadAllAssembliesAndSetupDomain (199ms)
		LoadAssemblies (255ms)
		RebuildTransferFunctionScriptingTraits (0ms)
		AnalyzeDomain (21ms)
			TypeCache.Refresh (8ms)
				TypeCache.ScanAssembly (1ms)
			ScanForSourceGeneratedMonoScriptInfo (6ms)
			ResolveRequiredComponents (5ms)
	FinalizeReload (850ms)
		ReleaseScriptCaches (0ms)
		RebuildScriptCaches (0ms)
		SetupLoadedEditorAssemblies (425ms)
			LogAssemblyErrors (0ms)
			InitializePlatformSupportModulesInManaged (7ms)
			SetLoadedEditorAssemblies (3ms)
			RefreshPlugins (0ms)
			BeforeProcessingInitializeOnLoad (54ms)
			ProcessInitializeOnLoadAttributes (335ms)
			ProcessInitializeOnLoadMethodAttributes (19ms)
			AfterProcessingInitializeOnLoad (8ms)
			EditorAssembliesLoaded (0ms)
		ExecutionOrderSort2 (0ms)
		AwakeInstancesAfterBackupRestoration (6ms)
Refreshing native plugins compatible for Editor in 3.01 ms, found 3 plugins.
Preloading 0 native plugins for Editor in 0.00 ms.
Unloading 3126 Unused Serialized files (Serialized files now loaded: 0)
Unloading 16 unused Assets / (29.7 KB). Loaded Objects now: 3741.
Memory consumption went from 135.2 MB to 135.2 MB.
Total: 2.639500 ms (FindLiveObjects: 0.318500 ms CreateObjectMapping: 0.075500 ms MarkObjects: 2.201200 ms  DeleteObjects: 0.043700 ms)

Prepare: number of updated asset objects reloaded= 0
AssetImportParameters requested are different than current active one (requested -> active):
  custom:container-demuxer-ogg: 62fdf1f143b41e24485cea50d1cbac27 -> 
  custom:scripting/monoscript/fileName/GameManager.cs: f6182d712e34e20e3202214886862cdb -> 9933fbcc6190e2a9171c2ec8808a053e
  custom:video-decoder-ogg-theora: a1e56fd34408186e4bbccfd4996cb3dc -> 
  custom:framework-win-MediaFoundation: 216162199b28c13a410421893ffa2e32 -> 
  custom:scripting/monoscript/fileName/Tower.cs: 0e51d5638e1e2b20f04394d6225c671a -> 16583eaf01662413665c0a8803428cd6
  custom:CustomObjectIndexerAttribute: 9a22284fe3817be447336de3de66b15e -> 
  custom:scripting/monoscript/fileName/Readme.cs: 5aedf578fb2663036982fb7b05aaf325 -> 
  custom:scripting/monoscript/fileName/Tooltip.cs: b7163f69ad820c51a0cfd3387a68b1d4 -> efb4e7ecf4b2142538150f2477ca1e4e
  custom:container-demuxer-webm: 4f35f7cbe854078d1ac9338744f61a02 -> 
  custom:scripting/monoscript/fileName/GoldMine.cs: bab3e2ee0cdfb32214ea1458d0239fb0 -> 
  custom:container-muxer-webm: aa71ff27fc2769a1b78a27578f13a17b -> 
  custom:scripting/monoscript/fileName/ReadmeEditor.cs: ff7ced1e41c1b99ddf5dfefc88f6bd50 -> 
  custom:video-decoder-webm-vp8: 9c59270c3fd7afecdb556c50c9e8de78 -> 
  custom:SearchIndexIgnoredProperties: e643bd26f0fe6173181afceb89e7c659 -> 
  custom:AudioImporter_EditorPlatform: d09bf68614088b80899f8185d706f6e7 -> 
  custom:scripting/monoscript/fileName/LumberMill.cs: c2d45524fbd0d6e9a670d983de5f81d7 -> 
  custom:scripting/monoscript/fileName/Slime.cs: e872c3a4bc36777cb1cc31d8379690c8 -> 05272bae05f111c6b0609e32e93d89d5
  custom:scripting/monoscript/fileName/Bar.cs: 890822e7dfd0f89892a6fd3ee944f62e -> 71c40e549b4fade8bed144aaff5a79ac
  custom:scripting/monoscript/fileName/TooltipManager.cs: 902a800de15a4facdbc6dbb1be6c1339 -> bc11dd805cb64c1c2f88cd7ae96fba24
  custom:video-encoder-webm-vp8: eb34c28f22e8b96e1ab97ce403110664 -> 
  custom:audio-decoder-ogg-vorbis: bf7c407c2cedff20999df2af8eb42d56 -> 
  custom:scripting/monoscript/fileName/Bullet.cs: 48ff13ede6c310cc0acf4a30e818a1de -> a4f5918e799041ba1f6608f13912eb8b
  custom:scripting/monoscript/fileName/TowerBuild.cs: 3807a8e615ef6a49dfd3f6bc5055a7a9 -> 9ea8b859a681512b782b9b3988d2f5f8
  custom:scripting/monoscript/fileName/Wave.cs: c8b913f1d5cb3bff026a08ce26c83aad -> 6e300e3b5d1a1dd15fa0115918e06e83
  custom:audio-encoder-webm-vorbis: bf7c407c2cedff20999df2af8eb42d56 -> 
  custom:scripting/monoscript/fileName/WaterReflection.cs: f1c57f2ce2c094032b710e8e5eb21bd7 -> 
  custom:scripting/monoscript/fileName/Tile.cs: e6480a408e34695897b31a69fad2b871 -> a94101d916c115d73aff3567a86e16d8
  custom:scripting/precompiled-assembly-types:Assembly-CSharp: e7cb3cb1de04f7dcbfd2ac109ce5cb6d -> dff8c55d4e0e9ddc22cc808f571b8c31
========================================================================
Received Import Request.
  Time since last request: 55.321041 seconds.
  path: Assets/Scripts/entities/GatheringHous.cs
  artifactKey: Guid(5680f803fe0ea1e498f2128fb45114b8) Importer(815301076,1909f56bfc062723c751e8b465ee728b)
Start importing Assets/Scripts/entities/GatheringHous.cs using Guid(5680f803fe0ea1e498f2128fb45114b8) Importer(815301076,1909f56bfc062723c751e8b465ee728b) [PhysX] Initialized MultithreadedTaskDispatcher with 12 workers.
 -> (artifact id: '1a3aba151b96d62236af5b0337757228') in 0.001602 seconds
Number of updated asset objects reloaded before import = 0
Number of asset objects unloaded after import = 0
========================================================================
Received Prepare
Caller must complete domain reload
Begin MonoManager ReloadAssembly
- Loaded All Assemblies, in  0.426 seconds
Native extension for WindowsStandalone target not found
Native extension for WebGL target not found
[Package Manager] Server::EnsureServerProcessIsRunning -- launch failed, reason: Unity was launched with the -noUpm command-line argument
[Package Manager] UpmClient::Send -- Unable to send message (not connected to UPM process).
[Package Manager] Cannot connect to Unity Package Manager local server
Mono: successfully reloaded assembly
- Finished resetting the current domain, in  0.992 seconds
Domain Reload Profiling: 1416ms
	BeginReloadAssembly (142ms)
		ExecutionOrderSort (0ms)
		DisableScriptedObjects (5ms)
		BackupInstance (0ms)
		ReleaseScriptingObjects (0ms)
		CreateAndSetChildDomain (27ms)
	RebuildCommonClasses (32ms)
	RebuildNativeTypeToScriptingClass (12ms)
	initialDomainReloadingComplete (31ms)
	LoadAllAssembliesAndSetupDomain (207ms)
		LoadAssemblies (258ms)
		RebuildTransferFunctionScriptingTraits (0ms)
		AnalyzeDomain (28ms)
			TypeCache.Refresh (10ms)
				TypeCache.ScanAssembly (1ms)
			ScanForSourceGeneratedMonoScriptInfo (7ms)
			ResolveRequiredComponents (8ms)
	FinalizeReload (993ms)
		ReleaseScriptCaches (0ms)
		RebuildScriptCaches (0ms)
		SetupLoadedEditorAssemblies (545ms)
			LogAssemblyErrors (0ms)
			InitializePlatformSupportModulesInManaged (8ms)
			SetLoadedEditorAssemblies (4ms)
			RefreshPlugins (0ms)
			BeforeProcessingInitializeOnLoad (72ms)
			ProcessInitializeOnLoadAttributes (431ms)
			ProcessInitializeOnLoadMethodAttributes (22ms)
			AfterProcessingInitializeOnLoad (8ms)
			EditorAssembliesLoaded (0ms)
		ExecutionOrderSort2 (0ms)
		AwakeInstancesAfterBackupRestoration (7ms)
Refreshing native plugins compatible for Editor in 4.61 ms, found 3 plugins.
Preloading 0 native plugins for Editor in 0.00 ms.
Unloading 3126 Unused Serialized files (Serialized files now loaded: 0)
Unloading 14 unused Assets / (28.6 KB). Loaded Objects now: 3745.
Memory consumption went from 135.0 MB to 135.0 MB.
Total: 3.586700 ms (FindLiveObjects: 0.455500 ms CreateObjectMapping: 0.092000 ms MarkObjects: 2.976400 ms  DeleteObjects: 0.061500 ms)

Prepare: number of updated asset objects reloaded= 0
AssetImportParameters requested are different than current active one (requested -> active):
  custom:container-demuxer-ogg: 62fdf1f143b41e24485cea50d1cbac27 -> 
  custom:scripting/monoscript/fileName/GameManager.cs: f6182d712e34e20e3202214886862cdb -> 9933fbcc6190e2a9171c2ec8808a053e
  custom:video-decoder-ogg-theora: a1e56fd34408186e4bbccfd4996cb3dc -> 
  custom:framework-win-MediaFoundation: 216162199b28c13a410421893ffa2e32 -> 
  custom:scripting/monoscript/fileName/Tower.cs: 0e51d5638e1e2b20f04394d6225c671a -> 16583eaf01662413665c0a8803428cd6
  custom:CustomObjectIndexerAttribute: 9a22284fe3817be447336de3de66b15e -> 
  custom:scripting/monoscript/fileName/Readme.cs: 5aedf578fb2663036982fb7b05aaf325 -> 
  custom:scripting/monoscript/fileName/Tooltip.cs: b7163f69ad820c51a0cfd3387a68b1d4 -> efb4e7ecf4b2142538150f2477ca1e4e
  custom:container-demuxer-webm: 4f35f7cbe854078d1ac9338744f61a02 -> 
  custom:scripting/monoscript/fileName/GoldMine.cs: bab3e2ee0cdfb32214ea1458d0239fb0 -> 
  custom:scripting/monoscript/fileName/GatheringHous.cs: 6a29be3f36fcfccf43587dfd206bf4d9 -> 
  custom:container-muxer-webm: aa71ff27fc2769a1b78a27578f13a17b -> 
  custom:scripting/monoscript/fileName/ReadmeEditor.cs: ff7ced1e41c1b99ddf5dfefc88f6bd50 -> 
  custom:video-decoder-webm-vp8: 9c59270c3fd7afecdb556c50c9e8de78 -> 
  custom:SearchIndexIgnoredProperties: e643bd26f0fe6173181afceb89e7c659 -> 
  custom:AudioImporter_EditorPlatform: d09bf68614088b80899f8185d706f6e7 -> 
  custom:scripting/monoscript/fileName/LumberMill.cs: c2d45524fbd0d6e9a670d983de5f81d7 -> 
  custom:scripting/monoscript/fileName/Slime.cs: e872c3a4bc36777cb1cc31d8379690c8 -> 05272bae05f111c6b0609e32e93d89d5
  custom:scripting/monoscript/fileName/Bar.cs: 890822e7dfd0f89892a6fd3ee944f62e -> 71c40e549b4fade8bed144aaff5a79ac
  custom:scripting/monoscript/fileName/TooltipManager.cs: 902a800de15a4facdbc6dbb1be6c1339 -> bc11dd805cb64c1c2f88cd7ae96fba24
  custom:video-encoder-webm-vp8: eb34c28f22e8b96e1ab97ce403110664 -> 
  custom:audio-decoder-ogg-vorbis: bf7c407c2cedff20999df2af8eb42d56 -> 
  custom:scripting/monoscript/fileName/Bullet.cs: 48ff13ede6c310cc0acf4a30e818a1de -> a4f5918e799041ba1f6608f13912eb8b
  custom:scripting/monoscript/fileName/TowerBuild.cs: 3807a8e615ef6a49dfd3f6bc5055a7a9 -> 9ea8b859a681512b782b9b3988d2f5f8
  custom:scripting/monoscript/fileName/Wave.cs: c8b913f1d5cb3bff026a08ce26c83aad -> 6e300e3b5d1a1dd15fa0115918e06e83
  custom:audio-encoder-webm-vorbis: bf7c407c2cedff20999df2af8eb42d56 -> 
  custom:scripting/monoscript/fileName/WaterReflection.cs: f1c57f2ce2c094032b710e8e5eb21bd7 -> 
  custom:scripting/monoscript/fileName/Tile.cs: e6480a408e34695897b31a69fad2b871 -> a94101d916c115d73aff3567a86e16d8
  custom:scripting/precompiled-assembly-types:Assembly-CSharp: e62b66366f159171f02e707cec416dc6 -> dff8c55d4e0e9ddc22cc808f571b8c31
========================================================================
Received Import Request.
  Time since last request: 5.390816 seconds.
  path: Assets/Scripts/entities/GatheringHous.cs
  artifactKey: Guid(5680f803fe0ea1e498f2128fb45114b8) Importer(815301076,1909f56bfc062723c751e8b465ee728b)
Start importing Assets/Scripts/entities/GatheringHous.cs using Guid(5680f803fe0ea1e498f2128fb45114b8) Importer(815301076,1909f56bfc062723c751e8b465ee728b) [PhysX] Initialized MultithreadedTaskDispatcher with 12 workers.
 -> (artifact id: '36c87563dd231168b9293c003bc46684') in 0.001838 seconds
Number of updated asset objects reloaded before import = 0
Number of asset objects unloaded after import = 0
========================================================================
Received Import Request.
  Time since last request: 337.290558 seconds.
  path: Assets/Scripts/global/GameManager.cs
  artifactKey: Guid(ace09f2010261854f98941917ae7a6ee) Importer(815301076,1909f56bfc062723c751e8b465ee728b)
Start importing Assets/Scripts/global/GameManager.cs using Guid(ace09f2010261854f98941917ae7a6ee) Importer(815301076,1909f56bfc062723c751e8b465ee728b) [PhysX] Initialized MultithreadedTaskDispatcher with 12 workers.
 -> (artifact id: '8971d88976e7c32f95a4e9e781e5973d') in 0.000538 seconds
Number of updated asset objects reloaded before import = 0
Number of asset objects unloaded after import = 0
========================================================================
Received Prepare
Caller must complete domain reload
Begin MonoManager ReloadAssembly
- Loaded All Assemblies, in  0.416 seconds
Native extension for WindowsStandalone target not found
Native extension for WebGL target not found
[Package Manager] Server::EnsureServerProcessIsRunning -- launch failed, reason: Unity was launched with the -noUpm command-line argument
[Package Manager] UpmClient::Send -- Unable to send message (not connected to UPM process).
[Package Manager] Cannot connect to Unity Package Manager local server
Mono: successfully reloaded assembly
- Finished resetting the current domain, in  0.884 seconds
Domain Reload Profiling: 1298ms
	BeginReloadAssembly (145ms)
		ExecutionOrderSort (0ms)
		DisableScriptedObjects (4ms)
		BackupInstance (0ms)
		ReleaseScriptingObjects (0ms)
		CreateAndSetChildDomain (28ms)
	RebuildCommonClasses (32ms)
	RebuildNativeTypeToScriptingClass (11ms)
	initialDomainReloadingComplete (27ms)
	LoadAllAssembliesAndSetupDomain (199ms)
		LoadAssemblies (258ms)
		RebuildTransferFunctionScriptingTraits (0ms)
		AnalyzeDomain (24ms)
			TypeCache.Refresh (9ms)
				TypeCache.ScanAssembly (1ms)
			ScanForSourceGeneratedMonoScriptInfo (6ms)
			ResolveRequiredComponents (6ms)
	FinalizeReload (884ms)
		ReleaseScriptCaches (0ms)
		RebuildScriptCaches (0ms)
		SetupLoadedEditorAssemblies (424ms)
			LogAssemblyErrors (0ms)
			InitializePlatformSupportModulesInManaged (8ms)
			SetLoadedEditorAssemblies (3ms)
			RefreshPlugins (0ms)
			BeforeProcessingInitializeOnLoad (58ms)
			ProcessInitializeOnLoadAttributes (327ms)
			ProcessInitializeOnLoadMethodAttributes (20ms)
			AfterProcessingInitializeOnLoad (8ms)
			EditorAssembliesLoaded (0ms)
		ExecutionOrderSort2 (0ms)
		AwakeInstancesAfterBackupRestoration (6ms)
Refreshing native plugins compatible for Editor in 3.50 ms, found 3 plugins.
Preloading 0 native plugins for Editor in 0.00 ms.
Unloading 3126 Unused Serialized files (Serialized files now loaded: 0)
Unloading 14 unused Assets / (28.7 KB). Loaded Objects now: 3748.
Memory consumption went from 135.0 MB to 135.0 MB.
Total: 2.898200 ms (FindLiveObjects: 0.476700 ms CreateObjectMapping: 0.122700 ms MarkObjects: 2.250800 ms  DeleteObjects: 0.046300 ms)

Prepare: number of updated asset objects reloaded= 0
AssetImportParameters requested are different than current active one (requested -> active):
  custom:container-demuxer-ogg: 62fdf1f143b41e24485cea50d1cbac27 -> 
  custom:scripting/monoscript/fileName/GameManager.cs: f6182d712e34e20e3202214886862cdb -> 9933fbcc6190e2a9171c2ec8808a053e
  custom:video-decoder-ogg-theora: a1e56fd34408186e4bbccfd4996cb3dc -> 
  custom:framework-win-MediaFoundation: 216162199b28c13a410421893ffa2e32 -> 
  custom:scripting/monoscript/fileName/Tower.cs: 0e51d5638e1e2b20f04394d6225c671a -> 16583eaf01662413665c0a8803428cd6
  custom:CustomObjectIndexerAttribute: 9a22284fe3817be447336de3de66b15e -> 
  custom:scripting/monoscript/fileName/Readme.cs: 5aedf578fb2663036982fb7b05aaf325 -> 
  custom:scripting/monoscript/fileName/Tooltip.cs: b7163f69ad820c51a0cfd3387a68b1d4 -> efb4e7ecf4b2142538150f2477ca1e4e
  custom:container-demuxer-webm: 4f35f7cbe854078d1ac9338744f61a02 -> 
  custom:scripting/monoscript/fileName/GoldMine.cs: bab3e2ee0cdfb32214ea1458d0239fb0 -> 
  custom:scripting/monoscript/fileName/GatheringHous.cs: 6a29be3f36fcfccf43587dfd206bf4d9 -> 
  custom:container-muxer-webm: aa71ff27fc2769a1b78a27578f13a17b -> 
  custom:scripting/monoscript/fileName/ReadmeEditor.cs: ff7ced1e41c1b99ddf5dfefc88f6bd50 -> 
  custom:video-decoder-webm-vp8: 9c59270c3fd7afecdb556c50c9e8de78 -> 
  custom:SearchIndexIgnoredProperties: e643bd26f0fe6173181afceb89e7c659 -> 
  custom:AudioImporter_EditorPlatform: d09bf68614088b80899f8185d706f6e7 -> 
  custom:scripting/monoscript/fileName/LumberMill.cs: c2d45524fbd0d6e9a670d983de5f81d7 -> 
  custom:scripting/monoscript/fileName/Slime.cs: e872c3a4bc36777cb1cc31d8379690c8 -> 05272bae05f111c6b0609e32e93d89d5
  custom:scripting/monoscript/fileName/Bar.cs: 890822e7dfd0f89892a6fd3ee944f62e -> 71c40e549b4fade8bed144aaff5a79ac
  custom:scripting/monoscript/fileName/TooltipManager.cs: 902a800de15a4facdbc6dbb1be6c1339 -> bc11dd805cb64c1c2f88cd7ae96fba24
  custom:video-encoder-webm-vp8: eb34c28f22e8b96e1ab97ce403110664 -> 
  custom:audio-decoder-ogg-vorbis: bf7c407c2cedff20999df2af8eb42d56 -> 
  custom:scripting/monoscript/fileName/Bullet.cs: 48ff13ede6c310cc0acf4a30e818a1de -> a4f5918e799041ba1f6608f13912eb8b
  custom:scripting/monoscript/fileName/TowerBuild.cs: 3807a8e615ef6a49dfd3f6bc5055a7a9 -> 9ea8b859a681512b782b9b3988d2f5f8
  custom:scripting/monoscript/fileName/Wave.cs: c8b913f1d5cb3bff026a08ce26c83aad -> 6e300e3b5d1a1dd15fa0115918e06e83
  custom:audio-encoder-webm-vorbis: bf7c407c2cedff20999df2af8eb42d56 -> 
  custom:scripting/monoscript/fileName/WaterReflection.cs: f1c57f2ce2c094032b710e8e5eb21bd7 -> 
  custom:scripting/monoscript/fileName/Tile.cs: e6480a408e34695897b31a69fad2b871 -> a94101d916c115d73aff3567a86e16d8
  custom:scripting/precompiled-assembly-types:Assembly-CSharp: e62b66366f159171f02e707cec416dc6 -> dff8c55d4e0e9ddc22cc808f571b8c31
========================================================================
Received Import Request.
  Time since last request: 381.471756 seconds.
  path: Assets/Scripts/entities/Tile.cs
  artifactKey: Guid(cc5cdaafe962ad94aaea98cc2603cc92) Importer(815301076,1909f56bfc062723c751e8b465ee728b)
Start importing Assets/Scripts/entities/Tile.cs using Guid(cc5cdaafe962ad94aaea98cc2603cc92) Importer(815301076,1909f56bfc062723c751e8b465ee728b) [PhysX] Initialized MultithreadedTaskDispatcher with 12 workers.
 -> (artifact id: '23c5d36c109f7821351448935d13f921') in 0.001717 seconds
Number of updated asset objects reloaded before import = 0
Number of asset objects unloaded after import = 0
========================================================================
Received Prepare
Caller must complete domain reload
Begin MonoManager ReloadAssembly
- Loaded All Assemblies, in  0.419 seconds
Native extension for WindowsStandalone target not found
Native extension for WebGL target not found
[Package Manager] Server::EnsureServerProcessIsRunning -- launch failed, reason: Unity was launched with the -noUpm command-line argument
[Package Manager] UpmClient::Send -- Unable to send message (not connected to UPM process).
[Package Manager] Cannot connect to Unity Package Manager local server
Mono: successfully reloaded assembly
- Finished resetting the current domain, in  0.869 seconds
Domain Reload Profiling: 1285ms
	BeginReloadAssembly (137ms)
		ExecutionOrderSort (0ms)
		DisableScriptedObjects (4ms)
		BackupInstance (0ms)
		ReleaseScriptingObjects (0ms)
		CreateAndSetChildDomain (29ms)
	RebuildCommonClasses (34ms)
	RebuildNativeTypeToScriptingClass (11ms)
	initialDomainReloadingComplete (29ms)
	LoadAllAssembliesAndSetupDomain (205ms)
		LoadAssemblies (256ms)
		RebuildTransferFunctionScriptingTraits (0ms)
		AnalyzeDomain (22ms)
			TypeCache.Refresh (8ms)
				TypeCache.ScanAssembly (1ms)
			ScanForSourceGeneratedMonoScriptInfo (6ms)
			ResolveRequiredComponents (5ms)
	FinalizeReload (869ms)
		ReleaseScriptCaches (0ms)
		RebuildScriptCaches (0ms)
		SetupLoadedEditorAssemblies (440ms)
			LogAssemblyErrors (0ms)
			InitializePlatformSupportModulesInManaged (7ms)
			SetLoadedEditorAssemblies (3ms)
			RefreshPlugins (0ms)
			BeforeProcessingInitializeOnLoad (55ms)
			ProcessInitializeOnLoadAttributes (349ms)
			ProcessInitializeOnLoadMethodAttributes (19ms)
			AfterProcessingInitializeOnLoad (7ms)
			EditorAssembliesLoaded (0ms)
		ExecutionOrderSort2 (0ms)
		AwakeInstancesAfterBackupRestoration (6ms)
Refreshing native plugins compatible for Editor in 3.35 ms, found 3 plugins.
Preloading 0 native plugins for Editor in 0.00 ms.
Unloading 3126 Unused Serialized files (Serialized files now loaded: 0)
Unloading 14 unused Assets / (28.7 KB). Loaded Objects now: 3751.
Memory consumption went from 135.0 MB to 135.0 MB.
Total: 2.652900 ms (FindLiveObjects: 0.306300 ms CreateObjectMapping: 0.078200 ms MarkObjects: 2.229200 ms  DeleteObjects: 0.037900 ms)

Prepare: number of updated asset objects reloaded= 0
AssetImportParameters requested are different than current active one (requested -> active):
  custom:container-demuxer-ogg: 62fdf1f143b41e24485cea50d1cbac27 -> 
  custom:scripting/monoscript/fileName/GameManager.cs: f6182d712e34e20e3202214886862cdb -> 9933fbcc6190e2a9171c2ec8808a053e
  custom:video-decoder-ogg-theora: a1e56fd34408186e4bbccfd4996cb3dc -> 
  custom:framework-win-MediaFoundation: 216162199b28c13a410421893ffa2e32 -> 
  custom:scripting/monoscript/fileName/Tower.cs: 0e51d5638e1e2b20f04394d6225c671a -> 16583eaf01662413665c0a8803428cd6
  custom:CustomObjectIndexerAttribute: 9a22284fe3817be447336de3de66b15e -> 
  custom:scripting/monoscript/fileName/Readme.cs: 5aedf578fb2663036982fb7b05aaf325 -> 
  custom:scripting/monoscript/fileName/Tooltip.cs: b7163f69ad820c51a0cfd3387a68b1d4 -> efb4e7ecf4b2142538150f2477ca1e4e
  custom:container-demuxer-webm: 4f35f7cbe854078d1ac9338744f61a02 -> 
  custom:scripting/monoscript/fileName/GoldMine.cs: bab3e2ee0cdfb32214ea1458d0239fb0 -> 
  custom:scripting/monoscript/fileName/GatheringHous.cs: 6a29be3f36fcfccf43587dfd206bf4d9 -> 
  custom:container-muxer-webm: aa71ff27fc2769a1b78a27578f13a17b -> 
  custom:scripting/monoscript/fileName/ReadmeEditor.cs: ff7ced1e41c1b99ddf5dfefc88f6bd50 -> 
  custom:video-decoder-webm-vp8: 9c59270c3fd7afecdb556c50c9e8de78 -> 
  custom:SearchIndexIgnoredProperties: e643bd26f0fe6173181afceb89e7c659 -> 
  custom:AudioImporter_EditorPlatform: d09bf68614088b80899f8185d706f6e7 -> 
  custom:scripting/monoscript/fileName/LumberMill.cs: c2d45524fbd0d6e9a670d983de5f81d7 -> 
  custom:scripting/monoscript/fileName/Slime.cs: e872c3a4bc36777cb1cc31d8379690c8 -> 05272bae05f111c6b0609e32e93d89d5
  custom:scripting/monoscript/fileName/Bar.cs: 890822e7dfd0f89892a6fd3ee944f62e -> 71c40e549b4fade8bed144aaff5a79ac
  custom:scripting/monoscript/fileName/TooltipManager.cs: 902a800de15a4facdbc6dbb1be6c1339 -> bc11dd805cb64c1c2f88cd7ae96fba24
  custom:video-encoder-webm-vp8: eb34c28f22e8b96e1ab97ce403110664 -> 
  custom:audio-decoder-ogg-vorbis: bf7c407c2cedff20999df2af8eb42d56 -> 
  custom:scripting/monoscript/fileName/Bullet.cs: 48ff13ede6c310cc0acf4a30e818a1de -> a4f5918e799041ba1f6608f13912eb8b
  custom:scripting/monoscript/fileName/TowerBuild.cs: 3807a8e615ef6a49dfd3f6bc5055a7a9 -> 9ea8b859a681512b782b9b3988d2f5f8
  custom:scripting/monoscript/fileName/Wave.cs: c8b913f1d5cb3bff026a08ce26c83aad -> 6e300e3b5d1a1dd15fa0115918e06e83
  custom:audio-encoder-webm-vorbis: bf7c407c2cedff20999df2af8eb42d56 -> 
  custom:scripting/monoscript/fileName/WaterReflection.cs: f1c57f2ce2c094032b710e8e5eb21bd7 -> 
  custom:scripting/monoscript/fileName/Tile.cs: e6480a408e34695897b31a69fad2b871 -> a94101d916c115d73aff3567a86e16d8
  custom:scripting/precompiled-assembly-types:Assembly-CSharp: e62b66366f159171f02e707cec416dc6 -> dff8c55d4e0e9ddc22cc808f571b8c31
========================================================================
Received Prepare
Caller must complete domain reload
Begin MonoManager ReloadAssembly
- Loaded All Assemblies, in  0.414 seconds
Native extension for WindowsStandalone target not found
Native extension for WebGL target not found
[Package Manager] Server::EnsureServerProcessIsRunning -- launch failed, reason: Unity was launched with the -noUpm command-line argument
[Package Manager] UpmClient::Send -- Unable to send message (not connected to UPM process).
[Package Manager] Cannot connect to Unity Package Manager local server
Mono: successfully reloaded assembly
- Finished resetting the current domain, in  0.843 seconds
Domain Reload Profiling: 1254ms
	BeginReloadAssembly (133ms)
		ExecutionOrderSort (0ms)
		DisableScriptedObjects (4ms)
		BackupInstance (0ms)
		ReleaseScriptingObjects (0ms)
		CreateAndSetChildDomain (26ms)
	RebuildCommonClasses (42ms)
	RebuildNativeTypeToScriptingClass (12ms)
	initialDomainReloadingComplete (28ms)
	LoadAllAssembliesAndSetupDomain (195ms)
		LoadAssemblies (242ms)
		RebuildTransferFunctionScriptingTraits (0ms)
		AnalyzeDomain (25ms)
			TypeCache.Refresh (8ms)
				TypeCache.ScanAssembly (1ms)
			ScanForSourceGeneratedMonoScriptInfo (8ms)
			ResolveRequiredComponents (7ms)
	FinalizeReload (843ms)
		ReleaseScriptCaches (0ms)
		RebuildScriptCaches (0ms)
		SetupLoadedEditorAssemblies (416ms)
			LogAssemblyErrors (0ms)
			InitializePlatformSupportModulesInManaged (7ms)
			SetLoadedEditorAssemblies (3ms)
			RefreshPlugins (0ms)
			BeforeProcessingInitializeOnLoad (55ms)
			ProcessInitializeOnLoadAttributes (324ms)
			ProcessInitializeOnLoadMethodAttributes (20ms)
			AfterProcessingInitializeOnLoad (7ms)
			EditorAssembliesLoaded (0ms)
		ExecutionOrderSort2 (0ms)
		AwakeInstancesAfterBackupRestoration (7ms)
Refreshing native plugins compatible for Editor in 2.90 ms, found 3 plugins.
Preloading 0 native plugins for Editor in 0.00 ms.
Unloading 3127 Unused Serialized files (Serialized files now loaded: 0)
Unloading 14 unused Assets / (28.6 KB). Loaded Objects now: 3754.
Memory consumption went from 135.2 MB to 135.2 MB.
Total: 2.719400 ms (FindLiveObjects: 0.307700 ms CreateObjectMapping: 0.087300 ms MarkObjects: 2.285200 ms  DeleteObjects: 0.038200 ms)

Prepare: number of updated asset objects reloaded= 0
AssetImportParameters requested are different than current active one (requested -> active):
  custom:container-demuxer-ogg: 62fdf1f143b41e24485cea50d1cbac27 -> 
  custom:scripting/monoscript/fileName/GameManager.cs: f6182d712e34e20e3202214886862cdb -> 9933fbcc6190e2a9171c2ec8808a053e
  custom:video-decoder-ogg-theora: a1e56fd34408186e4bbccfd4996cb3dc -> 
  custom:framework-win-MediaFoundation: 216162199b28c13a410421893ffa2e32 -> 
  custom:scripting/monoscript/fileName/Tower.cs: 0e51d5638e1e2b20f04394d6225c671a -> 16583eaf01662413665c0a8803428cd6
  custom:CustomObjectIndexerAttribute: 9a22284fe3817be447336de3de66b15e -> 
  custom:scripting/monoscript/fileName/Readme.cs: 5aedf578fb2663036982fb7b05aaf325 -> 
  custom:scripting/monoscript/fileName/Tooltip.cs: b7163f69ad820c51a0cfd3387a68b1d4 -> efb4e7ecf4b2142538150f2477ca1e4e
  custom:container-demuxer-webm: 4f35f7cbe854078d1ac9338744f61a02 -> 
  custom:scripting/monoscript/fileName/GoldMine.cs: bab3e2ee0cdfb32214ea1458d0239fb0 -> 
  custom:scripting/monoscript/fileName/GatheringHous.cs: 6a29be3f36fcfccf43587dfd206bf4d9 -> 
  custom:container-muxer-webm: aa71ff27fc2769a1b78a27578f13a17b -> 
  custom:scripting/monoscript/fileName/ReadmeEditor.cs: ff7ced1e41c1b99ddf5dfefc88f6bd50 -> 
  custom:video-decoder-webm-vp8: 9c59270c3fd7afecdb556c50c9e8de78 -> 
  custom:SearchIndexIgnoredProperties: e643bd26f0fe6173181afceb89e7c659 -> 
  custom:AudioImporter_EditorPlatform: d09bf68614088b80899f8185d706f6e7 -> 
  custom:scripting/monoscript/fileName/LumberMill.cs: c2d45524fbd0d6e9a670d983de5f81d7 -> 
  custom:scripting/monoscript/fileName/Slime.cs: e872c3a4bc36777cb1cc31d8379690c8 -> 05272bae05f111c6b0609e32e93d89d5
  custom:scripting/monoscript/fileName/Bar.cs: 890822e7dfd0f89892a6fd3ee944f62e -> 71c40e549b4fade8bed144aaff5a79ac
  custom:scripting/monoscript/fileName/TooltipManager.cs: 902a800de15a4facdbc6dbb1be6c1339 -> bc11dd805cb64c1c2f88cd7ae96fba24
  custom:video-encoder-webm-vp8: eb34c28f22e8b96e1ab97ce403110664 -> 
  custom:audio-decoder-ogg-vorbis: bf7c407c2cedff20999df2af8eb42d56 -> 
  custom:scripting/monoscript/fileName/Bullet.cs: 48ff13ede6c310cc0acf4a30e818a1de -> a4f5918e799041ba1f6608f13912eb8b
  custom:scripting/monoscript/fileName/TowerBuild.cs: 3807a8e615ef6a49dfd3f6bc5055a7a9 -> 9ea8b859a681512b782b9b3988d2f5f8
  custom:scripting/monoscript/fileName/Wave.cs: c8b913f1d5cb3bff026a08ce26c83aad -> 6e300e3b5d1a1dd15fa0115918e06e83
  custom:audio-encoder-webm-vorbis: bf7c407c2cedff20999df2af8eb42d56 -> 
  custom:scripting/monoscript/fileName/WaterReflection.cs: f1c57f2ce2c094032b710e8e5eb21bd7 -> 
  custom:scripting/monoscript/fileName/Tile.cs: e6480a408e34695897b31a69fad2b871 -> a94101d916c115d73aff3567a86e16d8
  custom:scripting/precompiled-assembly-types:Assembly-CSharp: e62b66366f159171f02e707cec416dc6 -> dff8c55d4e0e9ddc22cc808f571b8c31
========================================================================
Received Prepare
Caller must complete domain reload
Begin MonoManager ReloadAssembly
- Loaded All Assemblies, in  0.471 seconds
Native extension for WindowsStandalone target not found
Native extension for WebGL target not found
[Package Manager] Server::EnsureServerProcessIsRunning -- launch failed, reason: Unity was launched with the -noUpm command-line argument
[Package Manager] UpmClient::Send -- Unable to send message (not connected to UPM process).
[Package Manager] Cannot connect to Unity Package Manager local server
Mono: successfully reloaded assembly
- Finished resetting the current domain, in  1.115 seconds
Domain Reload Profiling: 1584ms
	BeginReloadAssembly (147ms)
		ExecutionOrderSort (0ms)
		DisableScriptedObjects (5ms)
		BackupInstance (0ms)
		ReleaseScriptingObjects (0ms)
		CreateAndSetChildDomain (27ms)
	RebuildCommonClasses (32ms)
	RebuildNativeTypeToScriptingClass (11ms)
	initialDomainReloadingComplete (30ms)
	LoadAllAssembliesAndSetupDomain (247ms)
		LoadAssemblies (308ms)
		RebuildTransferFunctionScriptingTraits (0ms)
		AnalyzeDomain (24ms)
			TypeCache.Refresh (9ms)
				TypeCache.ScanAssembly (1ms)
			ScanForSourceGeneratedMonoScriptInfo (7ms)
			ResolveRequiredComponents (6ms)
	FinalizeReload (1116ms)
		ReleaseScriptCaches (0ms)
		RebuildScriptCaches (0ms)
		SetupLoadedEditorAssemblies (493ms)
			LogAssemblyErrors (0ms)
			InitializePlatformSupportModulesInManaged (7ms)
			SetLoadedEditorAssemblies (4ms)
			RefreshPlugins (0ms)
			BeforeProcessingInitializeOnLoad (64ms)
			ProcessInitializeOnLoadAttributes (386ms)
			ProcessInitializeOnLoadMethodAttributes (24ms)
			AfterProcessingInitializeOnLoad (8ms)
			EditorAssembliesLoaded (0ms)
		ExecutionOrderSort2 (0ms)
		AwakeInstancesAfterBackupRestoration (7ms)
Refreshing native plugins compatible for Editor in 3.47 ms, found 3 plugins.
Preloading 0 native plugins for Editor in 0.00 ms.
Unloading 3127 Unused Serialized files (Serialized files now loaded: 0)
Unloading 14 unused Assets / (28.6 KB). Loaded Objects now: 3757.
Memory consumption went from 135.2 MB to 135.2 MB.
Total: 3.308000 ms (FindLiveObjects: 0.322400 ms CreateObjectMapping: 0.079800 ms MarkObjects: 2.858500 ms  DeleteObjects: 0.046000 ms)

Prepare: number of updated asset objects reloaded= 0
AssetImportParameters requested are different than current active one (requested -> active):
  custom:container-demuxer-ogg: 62fdf1f143b41e24485cea50d1cbac27 -> 
  custom:scripting/monoscript/fileName/GameManager.cs: f6182d712e34e20e3202214886862cdb -> 9933fbcc6190e2a9171c2ec8808a053e
  custom:video-decoder-ogg-theora: a1e56fd34408186e4bbccfd4996cb3dc -> 
  custom:framework-win-MediaFoundation: 216162199b28c13a410421893ffa2e32 -> 
  custom:scripting/monoscript/fileName/Tower.cs: 0e51d5638e1e2b20f04394d6225c671a -> 16583eaf01662413665c0a8803428cd6
  custom:CustomObjectIndexerAttribute: 9a22284fe3817be447336de3de66b15e -> 
  custom:scripting/monoscript/fileName/Readme.cs: 5aedf578fb2663036982fb7b05aaf325 -> 
  custom:scripting/monoscript/fileName/Tooltip.cs: b7163f69ad820c51a0cfd3387a68b1d4 -> efb4e7ecf4b2142538150f2477ca1e4e
  custom:container-demuxer-webm: 4f35f7cbe854078d1ac9338744f61a02 -> 
  custom:scripting/monoscript/fileName/GoldMine.cs: bab3e2ee0cdfb32214ea1458d0239fb0 -> 
  custom:scripting/monoscript/fileName/GatheringHous.cs: 6a29be3f36fcfccf43587dfd206bf4d9 -> 
  custom:container-muxer-webm: aa71ff27fc2769a1b78a27578f13a17b -> 
  custom:scripting/monoscript/fileName/ReadmeEditor.cs: ff7ced1e41c1b99ddf5dfefc88f6bd50 -> 
  custom:video-decoder-webm-vp8: 9c59270c3fd7afecdb556c50c9e8de78 -> 
  custom:SearchIndexIgnoredProperties: e643bd26f0fe6173181afceb89e7c659 -> 
  custom:AudioImporter_EditorPlatform: d09bf68614088b80899f8185d706f6e7 -> 
  custom:scripting/monoscript/fileName/LumberMill.cs: c2d45524fbd0d6e9a670d983de5f81d7 -> 
  custom:scripting/monoscript/fileName/Slime.cs: e872c3a4bc36777cb1cc31d8379690c8 -> 05272bae05f111c6b0609e32e93d89d5
  custom:scripting/monoscript/fileName/Bar.cs: 890822e7dfd0f89892a6fd3ee944f62e -> 71c40e549b4fade8bed144aaff5a79ac
  custom:scripting/monoscript/fileName/TooltipManager.cs: 902a800de15a4facdbc6dbb1be6c1339 -> bc11dd805cb64c1c2f88cd7ae96fba24
  custom:video-encoder-webm-vp8: eb34c28f22e8b96e1ab97ce403110664 -> 
  custom:audio-decoder-ogg-vorbis: bf7c407c2cedff20999df2af8eb42d56 -> 
  custom:scripting/monoscript/fileName/Bullet.cs: 48ff13ede6c310cc0acf4a30e818a1de -> a4f5918e799041ba1f6608f13912eb8b
  custom:scripting/monoscript/fileName/TowerBuild.cs: 3807a8e615ef6a49dfd3f6bc5055a7a9 -> 9ea8b859a681512b782b9b3988d2f5f8
  custom:scripting/monoscript/fileName/Wave.cs: c8b913f1d5cb3bff026a08ce26c83aad -> 6e300e3b5d1a1dd15fa0115918e06e83
  custom:audio-encoder-webm-vorbis: bf7c407c2cedff20999df2af8eb42d56 -> 
  custom:scripting/monoscript/fileName/WaterReflection.cs: f1c57f2ce2c094032b710e8e5eb21bd7 -> 
  custom:scripting/monoscript/fileName/Tile.cs: e6480a408e34695897b31a69fad2b871 -> a94101d916c115d73aff3567a86e16d8
  custom:scripting/precompiled-assembly-types:Assembly-CSharp: e62b66366f159171f02e707cec416dc6 -> dff8c55d4e0e9ddc22cc808f571b8c31
========================================================================
Received Prepare
Caller must complete domain reload
Begin MonoManager ReloadAssembly
- Loaded All Assemblies, in  0.415 seconds
Native extension for WindowsStandalone target not found
Native extension for WebGL target not found
[Package Manager] Server::EnsureServerProcessIsRunning -- launch failed, reason: Unity was launched with the -noUpm command-line argument
[Package Manager] UpmClient::Send -- Unable to send message (not connected to UPM process).
[Package Manager] Cannot connect to Unity Package Manager local server
Mono: successfully reloaded assembly
- Finished resetting the current domain, in  0.857 seconds
Domain Reload Profiling: 1269ms
	BeginReloadAssembly (136ms)
		ExecutionOrderSort (0ms)
		DisableScriptedObjects (4ms)
		BackupInstance (0ms)
		ReleaseScriptingObjects (0ms)
		CreateAndSetChildDomain (27ms)
	RebuildCommonClasses (36ms)
	RebuildNativeTypeToScriptingClass (11ms)
	initialDomainReloadingComplete (28ms)
	LoadAllAssembliesAndSetupDomain (201ms)
		LoadAssemblies (255ms)
		RebuildTransferFunctionScriptingTraits (0ms)
		AnalyzeDomain (22ms)
			TypeCache.Refresh (8ms)
				TypeCache.ScanAssembly (1ms)
			ScanForSourceGeneratedMonoScriptInfo (6ms)
			ResolveRequiredComponents (6ms)
	FinalizeReload (857ms)
		ReleaseScriptCaches (0ms)
		RebuildScriptCaches (0ms)
		SetupLoadedEditorAssemblies (416ms)
			LogAssemblyErrors (0ms)
			InitializePlatformSupportModulesInManaged (7ms)
			SetLoadedEditorAssemblies (3ms)
			RefreshPlugins (0ms)
			BeforeProcessingInitializeOnLoad (58ms)
			ProcessInitializeOnLoadAttributes (321ms)
			ProcessInitializeOnLoadMethodAttributes (19ms)
			AfterProcessingInitializeOnLoad (7ms)
			EditorAssembliesLoaded (0ms)
		ExecutionOrderSort2 (0ms)
		AwakeInstancesAfterBackupRestoration (6ms)
Refreshing native plugins compatible for Editor in 3.57 ms, found 3 plugins.
Preloading 0 native plugins for Editor in 0.00 ms.
Unloading 3127 Unused Serialized files (Serialized files now loaded: 0)
Unloading 14 unused Assets / (28.6 KB). Loaded Objects now: 3760.
Memory consumption went from 135.3 MB to 135.2 MB.
Total: 2.877300 ms (FindLiveObjects: 0.347600 ms CreateObjectMapping: 0.074800 ms MarkObjects: 2.412200 ms  DeleteObjects: 0.041700 ms)

Prepare: number of updated asset objects reloaded= 0
AssetImportParameters requested are different than current active one (requested -> active):
  custom:container-demuxer-ogg: 62fdf1f143b41e24485cea50d1cbac27 -> 
  custom:scripting/monoscript/fileName/GameManager.cs: f6182d712e34e20e3202214886862cdb -> 9933fbcc6190e2a9171c2ec8808a053e
  custom:video-decoder-ogg-theora: a1e56fd34408186e4bbccfd4996cb3dc -> 
  custom:framework-win-MediaFoundation: 216162199b28c13a410421893ffa2e32 -> 
  custom:scripting/monoscript/fileName/Tower.cs: 0e51d5638e1e2b20f04394d6225c671a -> 16583eaf01662413665c0a8803428cd6
  custom:CustomObjectIndexerAttribute: 9a22284fe3817be447336de3de66b15e -> 
  custom:scripting/monoscript/fileName/Readme.cs: 5aedf578fb2663036982fb7b05aaf325 -> 
  custom:scripting/monoscript/fileName/Tooltip.cs: b7163f69ad820c51a0cfd3387a68b1d4 -> efb4e7ecf4b2142538150f2477ca1e4e
  custom:container-demuxer-webm: 4f35f7cbe854078d1ac9338744f61a02 -> 
  custom:scripting/monoscript/fileName/GoldMine.cs: bab3e2ee0cdfb32214ea1458d0239fb0 -> 
  custom:scripting/monoscript/fileName/GatheringHous.cs: 6a29be3f36fcfccf43587dfd206bf4d9 -> 
  custom:container-muxer-webm: aa71ff27fc2769a1b78a27578f13a17b -> 
  custom:scripting/monoscript/fileName/ReadmeEditor.cs: ff7ced1e41c1b99ddf5dfefc88f6bd50 -> 
  custom:video-decoder-webm-vp8: 9c59270c3fd7afecdb556c50c9e8de78 -> 
  custom:SearchIndexIgnoredProperties: e643bd26f0fe6173181afceb89e7c659 -> 
  custom:AudioImporter_EditorPlatform: d09bf68614088b80899f8185d706f6e7 -> 
  custom:scripting/monoscript/fileName/LumberMill.cs: c2d45524fbd0d6e9a670d983de5f81d7 -> 
  custom:scripting/monoscript/fileName/Slime.cs: e872c3a4bc36777cb1cc31d8379690c8 -> 05272bae05f111c6b0609e32e93d89d5
  custom:scripting/monoscript/fileName/Bar.cs: 890822e7dfd0f89892a6fd3ee944f62e -> 71c40e549b4fade8bed144aaff5a79ac
  custom:scripting/monoscript/fileName/TooltipManager.cs: 902a800de15a4facdbc6dbb1be6c1339 -> bc11dd805cb64c1c2f88cd7ae96fba24
  custom:video-encoder-webm-vp8: eb34c28f22e8b96e1ab97ce403110664 -> 
  custom:audio-decoder-ogg-vorbis: bf7c407c2cedff20999df2af8eb42d56 -> 
  custom:scripting/monoscript/fileName/Bullet.cs: 48ff13ede6c310cc0acf4a30e818a1de -> a4f5918e799041ba1f6608f13912eb8b
  custom:scripting/monoscript/fileName/TowerBuild.cs: 3807a8e615ef6a49dfd3f6bc5055a7a9 -> 9ea8b859a681512b782b9b3988d2f5f8
  custom:scripting/monoscript/fileName/Wave.cs: c8b913f1d5cb3bff026a08ce26c83aad -> 6e300e3b5d1a1dd15fa0115918e06e83
  custom:audio-encoder-webm-vorbis: bf7c407c2cedff20999df2af8eb42d56 -> 
  custom:scripting/monoscript/fileName/WaterReflection.cs: f1c57f2ce2c094032b710e8e5eb21bd7 -> 
  custom:scripting/monoscript/fileName/Tile.cs: e6480a408e34695897b31a69fad2b871 -> a94101d916c115d73aff3567a86e16d8
  custom:scripting/precompiled-assembly-types:Assembly-CSharp: e62b66366f159171f02e707cec416dc6 -> dff8c55d4e0e9ddc22cc808f571b8c31
========================================================================
Received Import Request.
  Time since last request: 1301.238426 seconds.
  path: Assets/Scripts/entities/Income.cs
  artifactKey: Guid(732f9945e7e675e409132557ee71ba17) Importer(815301076,1909f56bfc062723c751e8b465ee728b)
Start importing Assets/Scripts/entities/Income.cs using Guid(732f9945e7e675e409132557ee71ba17) Importer(815301076,1909f56bfc062723c751e8b465ee728b) [PhysX] Initialized MultithreadedTaskDispatcher with 12 workers.
 -> (artifact id: 'c6c5d3445e9ce095dfaa0b61155926c6') in 0.001634 seconds
Number of updated asset objects reloaded before import = 0
Number of asset objects unloaded after import = 0
========================================================================
Received Prepare
Caller must complete domain reload
Begin MonoManager ReloadAssembly
- Loaded All Assemblies, in  0.420 seconds
Native extension for WindowsStandalone target not found
Native extension for WebGL target not found
[Package Manager] Server::EnsureServerProcessIsRunning -- launch failed, reason: Unity was launched with the -noUpm command-line argument
[Package Manager] UpmClient::Send -- Unable to send message (not connected to UPM process).
[Package Manager] Cannot connect to Unity Package Manager local server
Mono: successfully reloaded assembly
- Finished resetting the current domain, in  0.874 seconds
Domain Reload Profiling: 1292ms
	BeginReloadAssembly (139ms)
		ExecutionOrderSort (0ms)
		DisableScriptedObjects (4ms)
		BackupInstance (0ms)
		ReleaseScriptingObjects (0ms)
		CreateAndSetChildDomain (28ms)
	RebuildCommonClasses (33ms)
	RebuildNativeTypeToScriptingClass (14ms)
	initialDomainReloadingComplete (29ms)
	LoadAllAssembliesAndSetupDomain (204ms)
		LoadAssemblies (257ms)
		RebuildTransferFunctionScriptingTraits (0ms)
		AnalyzeDomain (23ms)
			TypeCache.Refresh (9ms)
				TypeCache.ScanAssembly (1ms)
			ScanForSourceGeneratedMonoScriptInfo (7ms)
			ResolveRequiredComponents (5ms)
	FinalizeReload (874ms)
		ReleaseScriptCaches (0ms)
		RebuildScriptCaches (0ms)
		SetupLoadedEditorAssemblies (433ms)
			LogAssemblyErrors (0ms)
			InitializePlatformSupportModulesInManaged (8ms)
			SetLoadedEditorAssemblies (4ms)
			RefreshPlugins (0ms)
			BeforeProcessingInitializeOnLoad (62ms)
			ProcessInitializeOnLoadAttributes (329ms)
			ProcessInitializeOnLoadMethodAttributes (20ms)
			AfterProcessingInitializeOnLoad (10ms)
			EditorAssembliesLoaded (0ms)
		ExecutionOrderSort2 (0ms)
		AwakeInstancesAfterBackupRestoration (7ms)
Refreshing native plugins compatible for Editor in 3.07 ms, found 3 plugins.
Preloading 0 native plugins for Editor in 0.00 ms.
Unloading 3127 Unused Serialized files (Serialized files now loaded: 0)
Unloading 14 unused Assets / (28.6 KB). Loaded Objects now: 3764.
Memory consumption went from 135.0 MB to 135.0 MB.
Total: 2.896000 ms (FindLiveObjects: 0.346600 ms CreateObjectMapping: 0.149900 ms MarkObjects: 2.355900 ms  DeleteObjects: 0.042600 ms)

Prepare: number of updated asset objects reloaded= 0
AssetImportParameters requested are different than current active one (requested -> active):
  custom:container-demuxer-ogg: 62fdf1f143b41e24485cea50d1cbac27 -> 
  custom:scripting/monoscript/fileName/GameManager.cs: f6182d712e34e20e3202214886862cdb -> 9933fbcc6190e2a9171c2ec8808a053e
  custom:scripting/monoscript/fileName/Income.cs: 938d875b4ea58c05495f38a939171226 -> 
  custom:video-decoder-ogg-theora: a1e56fd34408186e4bbccfd4996cb3dc -> 
  custom:framework-win-MediaFoundation: 216162199b28c13a410421893ffa2e32 -> 
  custom:scripting/monoscript/fileName/Tower.cs: 0e51d5638e1e2b20f04394d6225c671a -> 16583eaf01662413665c0a8803428cd6
  custom:CustomObjectIndexerAttribute: 9a22284fe3817be447336de3de66b15e -> 
  custom:scripting/monoscript/fileName/Readme.cs: 5aedf578fb2663036982fb7b05aaf325 -> 
  custom:scripting/monoscript/fileName/Tooltip.cs: b7163f69ad820c51a0cfd3387a68b1d4 -> efb4e7ecf4b2142538150f2477ca1e4e
  custom:container-demuxer-webm: 4f35f7cbe854078d1ac9338744f61a02 -> 
  custom:scripting/monoscript/fileName/GoldMine.cs: bab3e2ee0cdfb32214ea1458d0239fb0 -> 
  custom:scripting/monoscript/fileName/GatheringHous.cs: 6a29be3f36fcfccf43587dfd206bf4d9 -> 
  custom:container-muxer-webm: aa71ff27fc2769a1b78a27578f13a17b -> 
  custom:scripting/monoscript/fileName/ReadmeEditor.cs: ff7ced1e41c1b99ddf5dfefc88f6bd50 -> 
  custom:video-decoder-webm-vp8: 9c59270c3fd7afecdb556c50c9e8de78 -> 
  custom:SearchIndexIgnoredProperties: e643bd26f0fe6173181afceb89e7c659 -> 
  custom:AudioImporter_EditorPlatform: d09bf68614088b80899f8185d706f6e7 -> 
  custom:scripting/monoscript/fileName/LumberMill.cs: c2d45524fbd0d6e9a670d983de5f81d7 -> 
  custom:scripting/monoscript/fileName/Slime.cs: e872c3a4bc36777cb1cc31d8379690c8 -> 05272bae05f111c6b0609e32e93d89d5
  custom:scripting/monoscript/fileName/Bar.cs: 890822e7dfd0f89892a6fd3ee944f62e -> 71c40e549b4fade8bed144aaff5a79ac
  custom:scripting/monoscript/fileName/TooltipManager.cs: 902a800de15a4facdbc6dbb1be6c1339 -> bc11dd805cb64c1c2f88cd7ae96fba24
  custom:video-encoder-webm-vp8: eb34c28f22e8b96e1ab97ce403110664 -> 
  custom:audio-decoder-ogg-vorbis: bf7c407c2cedff20999df2af8eb42d56 -> 
  custom:scripting/monoscript/fileName/Bullet.cs: 48ff13ede6c310cc0acf4a30e818a1de -> a4f5918e799041ba1f6608f13912eb8b
  custom:scripting/monoscript/fileName/TowerBuild.cs: 3807a8e615ef6a49dfd3f6bc5055a7a9 -> 9ea8b859a681512b782b9b3988d2f5f8
  custom:scripting/monoscript/fileName/Wave.cs: c8b913f1d5cb3bff026a08ce26c83aad -> 6e300e3b5d1a1dd15fa0115918e06e83
  custom:audio-encoder-webm-vorbis: bf7c407c2cedff20999df2af8eb42d56 -> 
  custom:scripting/monoscript/fileName/WaterReflection.cs: f1c57f2ce2c094032b710e8e5eb21bd7 -> 
  custom:scripting/monoscript/fileName/Tile.cs: e6480a408e34695897b31a69fad2b871 -> a94101d916c115d73aff3567a86e16d8
  custom:scripting/precompiled-assembly-types:Assembly-CSharp: c7e13a6317e92c7f06ccba92cd7cc220 -> dff8c55d4e0e9ddc22cc808f571b8c31
========================================================================
Received Import Request.
  Time since last request: 5.906369 seconds.
  path: Assets/Scripts/entities/Income.cs
  artifactKey: Guid(732f9945e7e675e409132557ee71ba17) Importer(815301076,1909f56bfc062723c751e8b465ee728b)
Start importing Assets/Scripts/entities/Income.cs using Guid(732f9945e7e675e409132557ee71ba17) Importer(815301076,1909f56bfc062723c751e8b465ee728b) [PhysX] Initialized MultithreadedTaskDispatcher with 12 workers.
 -> (artifact id: '026ac0718cb42cef6a423ba88439ee44') in 0.001632 seconds
Number of updated asset objects reloaded before import = 0
Number of asset objects unloaded after import = 0
========================================================================
Received Prepare
Caller must complete domain reload
Begin MonoManager ReloadAssembly
- Loaded All Assemblies, in  0.438 seconds
Native extension for WindowsStandalone target not found
Native extension for WebGL target not found
[Package Manager] Server::EnsureServerProcessIsRunning -- launch failed, reason: Unity was launched with the -noUpm command-line argument
[Package Manager] UpmClient::Send -- Unable to send message (not connected to UPM process).
[Package Manager] Cannot connect to Unity Package Manager local server
Mono: successfully reloaded assembly
- Finished resetting the current domain, in  0.961 seconds
Domain Reload Profiling: 1396ms
	BeginReloadAssembly (149ms)
		ExecutionOrderSort (0ms)
		DisableScriptedObjects (4ms)
		BackupInstance (0ms)
		ReleaseScriptingObjects (0ms)
		CreateAndSetChildDomain (28ms)
	RebuildCommonClasses (37ms)
	RebuildNativeTypeToScriptingClass (12ms)
	initialDomainReloadingComplete (30ms)
	LoadAllAssembliesAndSetupDomain (207ms)
		LoadAssemblies (271ms)
		RebuildTransferFunctionScriptingTraits (0ms)
		AnalyzeDomain (23ms)
			TypeCache.Refresh (9ms)
				TypeCache.ScanAssembly (1ms)
			ScanForSourceGeneratedMonoScriptInfo (7ms)
			ResolveRequiredComponents (5ms)
	FinalizeReload (962ms)
		ReleaseScriptCaches (0ms)
		RebuildScriptCaches (0ms)
		SetupLoadedEditorAssemblies (417ms)
			LogAssemblyErrors (0ms)
			InitializePlatformSupportModulesInManaged (7ms)
			SetLoadedEditorAssemblies (3ms)
			RefreshPlugins (0ms)
			BeforeProcessingInitializeOnLoad (58ms)
			ProcessInitializeOnLoadAttributes (318ms)
			ProcessInitializeOnLoadMethodAttributes (20ms)
			AfterProcessingInitializeOnLoad (11ms)
			EditorAssembliesLoaded (0ms)
		ExecutionOrderSort2 (0ms)
		AwakeInstancesAfterBackupRestoration (8ms)
Refreshing native plugins compatible for Editor in 3.67 ms, found 3 plugins.
Preloading 0 native plugins for Editor in 0.00 ms.
Unloading 3126 Unused Serialized files (Serialized files now loaded: 0)
Unloading 15 unused Assets / (29.2 KB). Loaded Objects now: 3766.
Memory consumption went from 135.0 MB to 135.0 MB.
Total: 3.102700 ms (FindLiveObjects: 0.372100 ms CreateObjectMapping: 0.090900 ms MarkObjects: 2.591600 ms  DeleteObjects: 0.046900 ms)

Prepare: number of updated asset objects reloaded= 0
AssetImportParameters requested are different than current active one (requested -> active):
  custom:container-demuxer-ogg: 62fdf1f143b41e24485cea50d1cbac27 -> 
  custom:scripting/monoscript/fileName/GameManager.cs: f6182d712e34e20e3202214886862cdb -> 9933fbcc6190e2a9171c2ec8808a053e
  custom:scripting/monoscript/fileName/Income.cs: 938d875b4ea58c05495f38a939171226 -> 
  custom:video-decoder-ogg-theora: a1e56fd34408186e4bbccfd4996cb3dc -> 
  custom:framework-win-MediaFoundation: 216162199b28c13a410421893ffa2e32 -> 
  custom:scripting/monoscript/fileName/Tower.cs: 0e51d5638e1e2b20f04394d6225c671a -> 16583eaf01662413665c0a8803428cd6
  custom:CustomObjectIndexerAttribute: 9a22284fe3817be447336de3de66b15e -> 
  custom:scripting/monoscript/fileName/Readme.cs: 5aedf578fb2663036982fb7b05aaf325 -> 
  custom:scripting/monoscript/fileName/Tooltip.cs: b7163f69ad820c51a0cfd3387a68b1d4 -> efb4e7ecf4b2142538150f2477ca1e4e
  custom:container-demuxer-webm: 4f35f7cbe854078d1ac9338744f61a02 -> 
  custom:scripting/monoscript/fileName/GoldMine.cs: bab3e2ee0cdfb32214ea1458d0239fb0 -> 
  custom:scripting/monoscript/fileName/GatheringHous.cs: 6a29be3f36fcfccf43587dfd206bf4d9 -> 
  custom:container-muxer-webm: aa71ff27fc2769a1b78a27578f13a17b -> 
  custom:scripting/monoscript/fileName/ReadmeEditor.cs: ff7ced1e41c1b99ddf5dfefc88f6bd50 -> 
  custom:video-decoder-webm-vp8: 9c59270c3fd7afecdb556c50c9e8de78 -> 
  custom:SearchIndexIgnoredProperties: e643bd26f0fe6173181afceb89e7c659 -> 
  custom:AudioImporter_EditorPlatform: d09bf68614088b80899f8185d706f6e7 -> 
  custom:scripting/monoscript/fileName/LumberMill.cs: c2d45524fbd0d6e9a670d983de5f81d7 -> 
  custom:scripting/monoscript/fileName/Slime.cs: e872c3a4bc36777cb1cc31d8379690c8 -> 05272bae05f111c6b0609e32e93d89d5
  custom:scripting/monoscript/fileName/Bar.cs: 890822e7dfd0f89892a6fd3ee944f62e -> 71c40e549b4fade8bed144aaff5a79ac
  custom:scripting/monoscript/fileName/TooltipManager.cs: 902a800de15a4facdbc6dbb1be6c1339 -> bc11dd805cb64c1c2f88cd7ae96fba24
  custom:video-encoder-webm-vp8: eb34c28f22e8b96e1ab97ce403110664 -> 
  custom:audio-decoder-ogg-vorbis: bf7c407c2cedff20999df2af8eb42d56 -> 
  custom:scripting/monoscript/fileName/Bullet.cs: 48ff13ede6c310cc0acf4a30e818a1de -> a4f5918e799041ba1f6608f13912eb8b
  custom:scripting/monoscript/fileName/TowerBuild.cs: 3807a8e615ef6a49dfd3f6bc5055a7a9 -> 9ea8b859a681512b782b9b3988d2f5f8
  custom:scripting/monoscript/fileName/Wave.cs: c8b913f1d5cb3bff026a08ce26c83aad -> 6e300e3b5d1a1dd15fa0115918e06e83
  custom:audio-encoder-webm-vorbis: bf7c407c2cedff20999df2af8eb42d56 -> 
  custom:scripting/monoscript/fileName/WaterReflection.cs: f1c57f2ce2c094032b710e8e5eb21bd7 -> 
  custom:scripting/monoscript/fileName/Tile.cs: e6480a408e34695897b31a69fad2b871 -> a94101d916c115d73aff3567a86e16d8
  custom:scripting/precompiled-assembly-types:Assembly-CSharp: e62b66366f159171f02e707cec416dc6 -> dff8c55d4e0e9ddc22cc808f571b8c31
========================================================================
Received Import Request.
  Time since last request: 93.592478 seconds.
  path: Assets/New Terrain.asset
  artifactKey: Guid(4ebc34af6f00ca04d9b0f849e72bc5a2) Importer(815301076,1909f56bfc062723c751e8b465ee728b)
Start importing Assets/New Terrain.asset using Guid(4ebc34af6f00ca04d9b0f849e72bc5a2) Importer(815301076,1909f56bfc062723c751e8b465ee728b) [PhysX] Initialized MultithreadedTaskDispatcher with 12 workers.
[PhysX] Initialized MultithreadedTaskDispatcher with 12 workers.
 -> (artifact id: '213f680b129dd546d08d410abc9038dc') in 0.064539 seconds
Number of updated asset objects reloaded before import = 0
Number of asset objects unloaded after import = 3
========================================================================
Received Prepare
Caller must complete domain reload
Begin MonoManager ReloadAssembly
- Loaded All Assemblies, in  0.480 seconds
Native extension for WindowsStandalone target not found
Native extension for WebGL target not found
[Package Manager] Server::EnsureServerProcessIsRunning -- launch failed, reason: Unity was launched with the -noUpm command-line argument
[Package Manager] UpmClient::Send -- Unable to send message (not connected to UPM process).
[Package Manager] Cannot connect to Unity Package Manager local server
Mono: successfully reloaded assembly
- Finished resetting the current domain, in  0.910 seconds
Domain Reload Profiling: 1387ms
	BeginReloadAssembly (201ms)
		ExecutionOrderSort (0ms)
		DisableScriptedObjects (4ms)
		BackupInstance (0ms)
		ReleaseScriptingObjects (0ms)
		CreateAndSetChildDomain (35ms)
	RebuildCommonClasses (36ms)
	RebuildNativeTypeToScriptingClass (11ms)
	initialDomainReloadingComplete (27ms)
	LoadAllAssembliesAndSetupDomain (202ms)
		LoadAssemblies (302ms)
		RebuildTransferFunctionScriptingTraits (0ms)
		AnalyzeDomain (24ms)
			TypeCache.Refresh (8ms)
				TypeCache.ScanAssembly (1ms)
			ScanForSourceGeneratedMonoScriptInfo (6ms)
			ResolveRequiredComponents (8ms)
	FinalizeReload (910ms)
		ReleaseScriptCaches (0ms)
		RebuildScriptCaches (0ms)
		SetupLoadedEditorAssemblies (438ms)
			LogAssemblyErrors (0ms)
			InitializePlatformSupportModulesInManaged (9ms)
			SetLoadedEditorAssemblies (3ms)
			RefreshPlugins (0ms)
			BeforeProcessingInitializeOnLoad (58ms)
			ProcessInitializeOnLoadAttributes (339ms)
			ProcessInitializeOnLoadMethodAttributes (21ms)
			AfterProcessingInitializeOnLoad (8ms)
			EditorAssembliesLoaded (0ms)
		ExecutionOrderSort2 (0ms)
		AwakeInstancesAfterBackupRestoration (6ms)
Refreshing native plugins compatible for Editor in 7.07 ms, found 3 plugins.
Preloading 0 native plugins for Editor in 0.00 ms.
Unloading 3126 Unused Serialized files (Serialized files now loaded: 0)
Unloading 14 unused Assets / (28.6 KB). Loaded Objects now: 3769.
Memory consumption went from 135.0 MB to 135.0 MB.
Total: 3.914100 ms (FindLiveObjects: 0.446000 ms CreateObjectMapping: 0.088900 ms MarkObjects: 3.323200 ms  DeleteObjects: 0.054500 ms)

Prepare: number of updated asset objects reloaded= 0
AssetImportParameters requested are different than current active one (requested -> active):
  custom:container-demuxer-ogg: 62fdf1f143b41e24485cea50d1cbac27 -> 
  custom:scripting/monoscript/fileName/GameManager.cs: f6182d712e34e20e3202214886862cdb -> 9933fbcc6190e2a9171c2ec8808a053e
  custom:scripting/monoscript/fileName/Income.cs: 938d875b4ea58c05495f38a939171226 -> 
  custom:video-decoder-ogg-theora: a1e56fd34408186e4bbccfd4996cb3dc -> 
  custom:framework-win-MediaFoundation: 216162199b28c13a410421893ffa2e32 -> 
  custom:scripting/monoscript/fileName/Tower.cs: 0e51d5638e1e2b20f04394d6225c671a -> 16583eaf01662413665c0a8803428cd6
  custom:CustomObjectIndexerAttribute: 9a22284fe3817be447336de3de66b15e -> 
  custom:scripting/monoscript/fileName/Readme.cs: 5aedf578fb2663036982fb7b05aaf325 -> 
  custom:scripting/monoscript/fileName/Tooltip.cs: b7163f69ad820c51a0cfd3387a68b1d4 -> efb4e7ecf4b2142538150f2477ca1e4e
  custom:container-demuxer-webm: 4f35f7cbe854078d1ac9338744f61a02 -> 
  custom:scripting/monoscript/fileName/GoldMine.cs: bab3e2ee0cdfb32214ea1458d0239fb0 -> 
  custom:scripting/monoscript/fileName/GatheringHous.cs: 6a29be3f36fcfccf43587dfd206bf4d9 -> 
  custom:container-muxer-webm: aa71ff27fc2769a1b78a27578f13a17b -> 
  custom:scripting/monoscript/fileName/ReadmeEditor.cs: ff7ced1e41c1b99ddf5dfefc88f6bd50 -> 
  custom:video-decoder-webm-vp8: 9c59270c3fd7afecdb556c50c9e8de78 -> 
  custom:SearchIndexIgnoredProperties: e643bd26f0fe6173181afceb89e7c659 -> 
  custom:AudioImporter_EditorPlatform: d09bf68614088b80899f8185d706f6e7 -> 
  custom:scripting/monoscript/fileName/LumberMill.cs: c2d45524fbd0d6e9a670d983de5f81d7 -> 
  custom:scripting/monoscript/fileName/Slime.cs: e872c3a4bc36777cb1cc31d8379690c8 -> 05272bae05f111c6b0609e32e93d89d5
  custom:scripting/monoscript/fileName/Bar.cs: 890822e7dfd0f89892a6fd3ee944f62e -> 71c40e549b4fade8bed144aaff5a79ac
  custom:scripting/monoscript/fileName/TooltipManager.cs: 902a800de15a4facdbc6dbb1be6c1339 -> bc11dd805cb64c1c2f88cd7ae96fba24
  custom:video-encoder-webm-vp8: eb34c28f22e8b96e1ab97ce403110664 -> 
  custom:audio-decoder-ogg-vorbis: bf7c407c2cedff20999df2af8eb42d56 -> 
  custom:scripting/monoscript/fileName/Bullet.cs: 48ff13ede6c310cc0acf4a30e818a1de -> a4f5918e799041ba1f6608f13912eb8b
  custom:scripting/monoscript/fileName/TowerBuild.cs: 3807a8e615ef6a49dfd3f6bc5055a7a9 -> 9ea8b859a681512b782b9b3988d2f5f8
  custom:scripting/monoscript/fileName/Wave.cs: c8b913f1d5cb3bff026a08ce26c83aad -> 6e300e3b5d1a1dd15fa0115918e06e83
  custom:audio-encoder-webm-vorbis: bf7c407c2cedff20999df2af8eb42d56 -> 
  custom:scripting/monoscript/fileName/WaterReflection.cs: f1c57f2ce2c094032b710e8e5eb21bd7 -> 
  custom:scripting/monoscript/fileName/Tile.cs: e6480a408e34695897b31a69fad2b871 -> a94101d916c115d73aff3567a86e16d8
  custom:scripting/precompiled-assembly-types:Assembly-CSharp: e62b66366f159171f02e707cec416dc6 -> dff8c55d4e0e9ddc22cc808f571b8c31
========================================================================
Received Prepare
Caller must complete domain reload
Begin MonoManager ReloadAssembly
- Loaded All Assemblies, in  0.396 seconds
Native extension for WindowsStandalone target not found
Native extension for WebGL target not found
[Package Manager] Server::EnsureServerProcessIsRunning -- launch failed, reason: Unity was launched with the -noUpm command-line argument
[Package Manager] UpmClient::Send -- Unable to send message (not connected to UPM process).
[Package Manager] Cannot connect to Unity Package Manager local server
Mono: successfully reloaded assembly
- Finished resetting the current domain, in  0.889 seconds
Domain Reload Profiling: 1284ms
	BeginReloadAssembly (136ms)
		ExecutionOrderSort (0ms)
		DisableScriptedObjects (4ms)
		BackupInstance (0ms)
		ReleaseScriptingObjects (0ms)
		CreateAndSetChildDomain (26ms)
	RebuildCommonClasses (32ms)
	RebuildNativeTypeToScriptingClass (11ms)
	initialDomainReloadingComplete (30ms)
	LoadAllAssembliesAndSetupDomain (184ms)
		LoadAssemblies (246ms)
		RebuildTransferFunctionScriptingTraits (0ms)
		AnalyzeDomain (15ms)
			TypeCache.Refresh (6ms)
				TypeCache.ScanAssembly (0ms)
			ScanForSourceGeneratedMonoScriptInfo (0ms)
			ResolveRequiredComponents (6ms)
	FinalizeReload (890ms)
		ReleaseScriptCaches (0ms)
		RebuildScriptCaches (0ms)
		SetupLoadedEditorAssemblies (442ms)
			LogAssemblyErrors (0ms)
			InitializePlatformSupportModulesInManaged (9ms)
			SetLoadedEditorAssemblies (3ms)
			RefreshPlugins (0ms)
			BeforeProcessingInitializeOnLoad (61ms)
			ProcessInitializeOnLoadAttributes (340ms)
			ProcessInitializeOnLoadMethodAttributes (21ms)
			AfterProcessingInitializeOnLoad (8ms)
			EditorAssembliesLoaded (0ms)
		ExecutionOrderSort2 (0ms)
		AwakeInstancesAfterBackupRestoration (7ms)
Refreshing native plugins compatible for Editor in 3.92 ms, found 3 plugins.
Preloading 0 native plugins for Editor in 0.00 ms.
Unloading 3127 Unused Serialized files (Serialized files now loaded: 0)
Unloading 14 unused Assets / (28.7 KB). Loaded Objects now: 3772.
Memory consumption went from 135.3 MB to 135.2 MB.
Total: 2.740400 ms (FindLiveObjects: 0.329200 ms CreateObjectMapping: 0.077000 ms MarkObjects: 2.289300 ms  DeleteObjects: 0.044200 ms)

Prepare: number of updated asset objects reloaded= 0
AssetImportParameters requested are different than current active one (requested -> active):
  custom:container-demuxer-ogg: 62fdf1f143b41e24485cea50d1cbac27 -> 
  custom:scripting/monoscript/fileName/GameManager.cs: f6182d712e34e20e3202214886862cdb -> 9933fbcc6190e2a9171c2ec8808a053e
  custom:scripting/monoscript/fileName/Income.cs: 938d875b4ea58c05495f38a939171226 -> 
  custom:video-decoder-ogg-theora: a1e56fd34408186e4bbccfd4996cb3dc -> 
  custom:framework-win-MediaFoundation: 216162199b28c13a410421893ffa2e32 -> 
  custom:scripting/monoscript/fileName/Tower.cs: 0e51d5638e1e2b20f04394d6225c671a -> 16583eaf01662413665c0a8803428cd6
  custom:CustomObjectIndexerAttribute: 9a22284fe3817be447336de3de66b15e -> 
  custom:scripting/monoscript/fileName/Readme.cs: 5aedf578fb2663036982fb7b05aaf325 -> 
  custom:scripting/monoscript/fileName/Tooltip.cs: b7163f69ad820c51a0cfd3387a68b1d4 -> efb4e7ecf4b2142538150f2477ca1e4e
  custom:container-demuxer-webm: 4f35f7cbe854078d1ac9338744f61a02 -> 
  custom:scripting/monoscript/fileName/GoldMine.cs: bab3e2ee0cdfb32214ea1458d0239fb0 -> 
  custom:scripting/monoscript/fileName/GatheringHous.cs: 6a29be3f36fcfccf43587dfd206bf4d9 -> 
  custom:container-muxer-webm: aa71ff27fc2769a1b78a27578f13a17b -> 
  custom:scripting/monoscript/fileName/ReadmeEditor.cs: ff7ced1e41c1b99ddf5dfefc88f6bd50 -> 
  custom:video-decoder-webm-vp8: 9c59270c3fd7afecdb556c50c9e8de78 -> 
  custom:SearchIndexIgnoredProperties: e643bd26f0fe6173181afceb89e7c659 -> 
  custom:AudioImporter_EditorPlatform: d09bf68614088b80899f8185d706f6e7 -> 
  custom:scripting/monoscript/fileName/LumberMill.cs: c2d45524fbd0d6e9a670d983de5f81d7 -> 
  custom:scripting/monoscript/fileName/Slime.cs: e872c3a4bc36777cb1cc31d8379690c8 -> 05272bae05f111c6b0609e32e93d89d5
  custom:scripting/monoscript/fileName/Bar.cs: 890822e7dfd0f89892a6fd3ee944f62e -> 71c40e549b4fade8bed144aaff5a79ac
  custom:scripting/monoscript/fileName/TooltipManager.cs: 902a800de15a4facdbc6dbb1be6c1339 -> bc11dd805cb64c1c2f88cd7ae96fba24
  custom:video-encoder-webm-vp8: eb34c28f22e8b96e1ab97ce403110664 -> 
  custom:audio-decoder-ogg-vorbis: bf7c407c2cedff20999df2af8eb42d56 -> 
  custom:scripting/monoscript/fileName/Bullet.cs: 48ff13ede6c310cc0acf4a30e818a1de -> a4f5918e799041ba1f6608f13912eb8b
  custom:scripting/monoscript/fileName/TowerBuild.cs: 3807a8e615ef6a49dfd3f6bc5055a7a9 -> 9ea8b859a681512b782b9b3988d2f5f8
  custom:scripting/monoscript/fileName/Wave.cs: c8b913f1d5cb3bff026a08ce26c83aad -> 6e300e3b5d1a1dd15fa0115918e06e83
  custom:audio-encoder-webm-vorbis: bf7c407c2cedff20999df2af8eb42d56 -> 
  custom:scripting/monoscript/fileName/WaterReflection.cs: f1c57f2ce2c094032b710e8e5eb21bd7 -> 
  custom:scripting/monoscript/fileName/Tile.cs: e6480a408e34695897b31a69fad2b871 -> a94101d916c115d73aff3567a86e16d8
  custom:scripting/precompiled-assembly-types:Assembly-CSharp: e62b66366f159171f02e707cec416dc6 -> dff8c55d4e0e9ddc22cc808f571b8c31
========================================================================
Received Prepare
Caller must complete domain reload
Begin MonoManager ReloadAssembly
- Loaded All Assemblies, in  0.414 seconds
Native extension for WindowsStandalone target not found
Native extension for WebGL target not found
[Package Manager] Server::EnsureServerProcessIsRunning -- launch failed, reason: Unity was launched with the -noUpm command-line argument
[Package Manager] UpmClient::Send -- Unable to send message (not connected to UPM process).
[Package Manager] Cannot connect to Unity Package Manager local server
Mono: successfully reloaded assembly
- Finished resetting the current domain, in  0.901 seconds
Domain Reload Profiling: 1313ms
	BeginReloadAssembly (136ms)
		ExecutionOrderSort (0ms)
		DisableScriptedObjects (4ms)
		BackupInstance (0ms)
		ReleaseScriptingObjects (0ms)
		CreateAndSetChildDomain (26ms)
	RebuildCommonClasses (39ms)
	RebuildNativeTypeToScriptingClass (11ms)
	initialDomainReloadingComplete (34ms)
	LoadAllAssembliesAndSetupDomain (191ms)
		LoadAssemblies (254ms)
		RebuildTransferFunctionScriptingTraits (0ms)
		AnalyzeDomain (13ms)
			TypeCache.Refresh (6ms)
				TypeCache.ScanAssembly (0ms)
			ScanForSourceGeneratedMonoScriptInfo (0ms)
			ResolveRequiredComponents (6ms)
	FinalizeReload (902ms)
		ReleaseScriptCaches (0ms)
		RebuildScriptCaches (0ms)
		SetupLoadedEditorAssemblies (446ms)
			LogAssemblyErrors (0ms)
			InitializePlatformSupportModulesInManaged (9ms)
			SetLoadedEditorAssemblies (3ms)
			RefreshPlugins (0ms)
			BeforeProcessingInitializeOnLoad (62ms)
			ProcessInitializeOnLoadAttributes (342ms)
			ProcessInitializeOnLoadMethodAttributes (22ms)
			AfterProcessingInitializeOnLoad (8ms)
			EditorAssembliesLoaded (0ms)
		ExecutionOrderSort2 (0ms)
		AwakeInstancesAfterBackupRestoration (7ms)
Refreshing native plugins compatible for Editor in 3.43 ms, found 3 plugins.
Preloading 0 native plugins for Editor in 0.00 ms.
Unloading 3127 Unused Serialized files (Serialized files now loaded: 0)
Unloading 14 unused Assets / (28.6 KB). Loaded Objects now: 3775.
Memory consumption went from 135.3 MB to 135.2 MB.
Total: 2.794500 ms (FindLiveObjects: 0.329400 ms CreateObjectMapping: 0.076300 ms MarkObjects: 2.341700 ms  DeleteObjects: 0.046200 ms)

Prepare: number of updated asset objects reloaded= 0
AssetImportParameters requested are different than current active one (requested -> active):
  custom:container-demuxer-ogg: 62fdf1f143b41e24485cea50d1cbac27 -> 
  custom:scripting/monoscript/fileName/GameManager.cs: f6182d712e34e20e3202214886862cdb -> 9933fbcc6190e2a9171c2ec8808a053e
  custom:scripting/monoscript/fileName/Income.cs: 938d875b4ea58c05495f38a939171226 -> 
  custom:video-decoder-ogg-theora: a1e56fd34408186e4bbccfd4996cb3dc -> 
  custom:framework-win-MediaFoundation: 216162199b28c13a410421893ffa2e32 -> 
  custom:scripting/monoscript/fileName/Tower.cs: 0e51d5638e1e2b20f04394d6225c671a -> 16583eaf01662413665c0a8803428cd6
  custom:CustomObjectIndexerAttribute: 9a22284fe3817be447336de3de66b15e -> 
  custom:scripting/monoscript/fileName/Readme.cs: 5aedf578fb2663036982fb7b05aaf325 -> 
  custom:scripting/monoscript/fileName/Tooltip.cs: b7163f69ad820c51a0cfd3387a68b1d4 -> efb4e7ecf4b2142538150f2477ca1e4e
  custom:container-demuxer-webm: 4f35f7cbe854078d1ac9338744f61a02 -> 
  custom:scripting/monoscript/fileName/GoldMine.cs: bab3e2ee0cdfb32214ea1458d0239fb0 -> 
  custom:scripting/monoscript/fileName/GatheringHous.cs: 6a29be3f36fcfccf43587dfd206bf4d9 -> 
  custom:container-muxer-webm: aa71ff27fc2769a1b78a27578f13a17b -> 
  custom:scripting/monoscript/fileName/ReadmeEditor.cs: ff7ced1e41c1b99ddf5dfefc88f6bd50 -> 
  custom:video-decoder-webm-vp8: 9c59270c3fd7afecdb556c50c9e8de78 -> 
  custom:SearchIndexIgnoredProperties: e643bd26f0fe6173181afceb89e7c659 -> 
  custom:AudioImporter_EditorPlatform: d09bf68614088b80899f8185d706f6e7 -> 
  custom:scripting/monoscript/fileName/LumberMill.cs: c2d45524fbd0d6e9a670d983de5f81d7 -> 
  custom:scripting/monoscript/fileName/Slime.cs: e872c3a4bc36777cb1cc31d8379690c8 -> 05272bae05f111c6b0609e32e93d89d5
  custom:scripting/monoscript/fileName/Bar.cs: 890822e7dfd0f89892a6fd3ee944f62e -> 71c40e549b4fade8bed144aaff5a79ac
  custom:scripting/monoscript/fileName/TooltipManager.cs: 902a800de15a4facdbc6dbb1be6c1339 -> bc11dd805cb64c1c2f88cd7ae96fba24
  custom:video-encoder-webm-vp8: eb34c28f22e8b96e1ab97ce403110664 -> 
  custom:audio-decoder-ogg-vorbis: bf7c407c2cedff20999df2af8eb42d56 -> 
  custom:scripting/monoscript/fileName/Bullet.cs: 48ff13ede6c310cc0acf4a30e818a1de -> a4f5918e799041ba1f6608f13912eb8b
  custom:scripting/monoscript/fileName/TowerBuild.cs: 3807a8e615ef6a49dfd3f6bc5055a7a9 -> 9ea8b859a681512b782b9b3988d2f5f8
  custom:scripting/monoscript/fileName/Wave.cs: c8b913f1d5cb3bff026a08ce26c83aad -> 6e300e3b5d1a1dd15fa0115918e06e83
  custom:audio-encoder-webm-vorbis: bf7c407c2cedff20999df2af8eb42d56 -> 
  custom:scripting/monoscript/fileName/WaterReflection.cs: f1c57f2ce2c094032b710e8e5eb21bd7 -> 
  custom:scripting/monoscript/fileName/Tile.cs: e6480a408e34695897b31a69fad2b871 -> a94101d916c115d73aff3567a86e16d8
  custom:scripting/precompiled-assembly-types:Assembly-CSharp: e62b66366f159171f02e707cec416dc6 -> dff8c55d4e0e9ddc22cc808f571b8c31
========================================================================
Received Prepare
Caller must complete domain reload
Begin MonoManager ReloadAssembly
- Loaded All Assemblies, in  0.418 seconds
Native extension for WindowsStandalone target not found
Native extension for WebGL target not found
[Package Manager] Server::EnsureServerProcessIsRunning -- launch failed, reason: Unity was launched with the -noUpm command-line argument
[Package Manager] UpmClient::Send -- Unable to send message (not connected to UPM process).
[Package Manager] Cannot connect to Unity Package Manager local server
Mono: successfully reloaded assembly
- Finished resetting the current domain, in  0.908 seconds
Domain Reload Profiling: 1323ms
	BeginReloadAssembly (149ms)
		ExecutionOrderSort (0ms)
		DisableScriptedObjects (4ms)
		BackupInstance (0ms)
		ReleaseScriptingObjects (0ms)
		CreateAndSetChildDomain (28ms)
	RebuildCommonClasses (37ms)
	RebuildNativeTypeToScriptingClass (11ms)
	initialDomainReloadingComplete (27ms)
	LoadAllAssembliesAndSetupDomain (189ms)
		LoadAssemblies (263ms)
		RebuildTransferFunctionScriptingTraits (0ms)
		AnalyzeDomain (12ms)
			TypeCache.Refresh (5ms)
				TypeCache.ScanAssembly (0ms)
			ScanForSourceGeneratedMonoScriptInfo (0ms)
			ResolveRequiredComponents (6ms)
	FinalizeReload (909ms)
		ReleaseScriptCaches (0ms)
		RebuildScriptCaches (0ms)
		SetupLoadedEditorAssemblies (455ms)
			LogAssemblyErrors (0ms)
			InitializePlatformSupportModulesInManaged (7ms)
			SetLoadedEditorAssemblies (3ms)
			RefreshPlugins (0ms)
			BeforeProcessingInitializeOnLoad (64ms)
			ProcessInitializeOnLoadAttributes (351ms)
			ProcessInitializeOnLoadMethodAttributes (21ms)
			AfterProcessingInitializeOnLoad (9ms)
			EditorAssembliesLoaded (0ms)
		ExecutionOrderSort2 (0ms)
		AwakeInstancesAfterBackupRestoration (7ms)
Refreshing native plugins compatible for Editor in 3.16 ms, found 3 plugins.
Preloading 0 native plugins for Editor in 0.00 ms.
Unloading 3127 Unused Serialized files (Serialized files now loaded: 0)
Unloading 14 unused Assets / (28.8 KB). Loaded Objects now: 3778.
Memory consumption went from 135.3 MB to 135.2 MB.
Total: 2.736500 ms (FindLiveObjects: 0.344000 ms CreateObjectMapping: 0.075700 ms MarkObjects: 2.277800 ms  DeleteObjects: 0.038100 ms)

Prepare: number of updated asset objects reloaded= 0
AssetImportParameters requested are different than current active one (requested -> active):
  custom:container-demuxer-ogg: 62fdf1f143b41e24485cea50d1cbac27 -> 
  custom:scripting/monoscript/fileName/GameManager.cs: f6182d712e34e20e3202214886862cdb -> 9933fbcc6190e2a9171c2ec8808a053e
  custom:scripting/monoscript/fileName/Income.cs: 938d875b4ea58c05495f38a939171226 -> 
  custom:video-decoder-ogg-theora: a1e56fd34408186e4bbccfd4996cb3dc -> 
  custom:framework-win-MediaFoundation: 216162199b28c13a410421893ffa2e32 -> 
  custom:scripting/monoscript/fileName/Tower.cs: 0e51d5638e1e2b20f04394d6225c671a -> 16583eaf01662413665c0a8803428cd6
  custom:CustomObjectIndexerAttribute: 9a22284fe3817be447336de3de66b15e -> 
  custom:scripting/monoscript/fileName/Readme.cs: 5aedf578fb2663036982fb7b05aaf325 -> 
  custom:scripting/monoscript/fileName/Tooltip.cs: b7163f69ad820c51a0cfd3387a68b1d4 -> efb4e7ecf4b2142538150f2477ca1e4e
  custom:container-demuxer-webm: 4f35f7cbe854078d1ac9338744f61a02 -> 
  custom:scripting/monoscript/fileName/GoldMine.cs: bab3e2ee0cdfb32214ea1458d0239fb0 -> 
  custom:scripting/monoscript/fileName/GatheringHous.cs: 6a29be3f36fcfccf43587dfd206bf4d9 -> 
  custom:container-muxer-webm: aa71ff27fc2769a1b78a27578f13a17b -> 
  custom:scripting/monoscript/fileName/ReadmeEditor.cs: ff7ced1e41c1b99ddf5dfefc88f6bd50 -> 
  custom:video-decoder-webm-vp8: 9c59270c3fd7afecdb556c50c9e8de78 -> 
  custom:SearchIndexIgnoredProperties: e643bd26f0fe6173181afceb89e7c659 -> 
  custom:AudioImporter_EditorPlatform: d09bf68614088b80899f8185d706f6e7 -> 
  custom:scripting/monoscript/fileName/LumberMill.cs: c2d45524fbd0d6e9a670d983de5f81d7 -> 
  custom:scripting/monoscript/fileName/Slime.cs: e872c3a4bc36777cb1cc31d8379690c8 -> 05272bae05f111c6b0609e32e93d89d5
  custom:scripting/monoscript/fileName/Bar.cs: 890822e7dfd0f89892a6fd3ee944f62e -> 71c40e549b4fade8bed144aaff5a79ac
  custom:scripting/monoscript/fileName/TooltipManager.cs: 902a800de15a4facdbc6dbb1be6c1339 -> bc11dd805cb64c1c2f88cd7ae96fba24
  custom:video-encoder-webm-vp8: eb34c28f22e8b96e1ab97ce403110664 -> 
  custom:audio-decoder-ogg-vorbis: bf7c407c2cedff20999df2af8eb42d56 -> 
  custom:scripting/monoscript/fileName/Bullet.cs: 48ff13ede6c310cc0acf4a30e818a1de -> a4f5918e799041ba1f6608f13912eb8b
  custom:scripting/monoscript/fileName/TowerBuild.cs: 3807a8e615ef6a49dfd3f6bc5055a7a9 -> 9ea8b859a681512b782b9b3988d2f5f8
  custom:scripting/monoscript/fileName/Wave.cs: c8b913f1d5cb3bff026a08ce26c83aad -> 6e300e3b5d1a1dd15fa0115918e06e83
  custom:audio-encoder-webm-vorbis: bf7c407c2cedff20999df2af8eb42d56 -> 
  custom:scripting/monoscript/fileName/WaterReflection.cs: f1c57f2ce2c094032b710e8e5eb21bd7 -> 
  custom:scripting/monoscript/fileName/Tile.cs: e6480a408e34695897b31a69fad2b871 -> a94101d916c115d73aff3567a86e16d8
  custom:scripting/precompiled-assembly-types:Assembly-CSharp: e62b66366f159171f02e707cec416dc6 -> dff8c55d4e0e9ddc22cc808f571b8c31
========================================================================
Received Prepare
Caller must complete domain reload
Begin MonoManager ReloadAssembly
- Loaded All Assemblies, in  0.389 seconds
Native extension for WindowsStandalone target not found
Native extension for WebGL target not found
[Package Manager] Server::EnsureServerProcessIsRunning -- launch failed, reason: Unity was launched with the -noUpm command-line argument
[Package Manager] UpmClient::Send -- Unable to send message (not connected to UPM process).
[Package Manager] Cannot connect to Unity Package Manager local server
Mono: successfully reloaded assembly
- Finished resetting the current domain, in  0.915 seconds
Domain Reload Profiling: 1303ms
	BeginReloadAssembly (135ms)
		ExecutionOrderSort (0ms)
		DisableScriptedObjects (4ms)
		BackupInstance (0ms)
		ReleaseScriptingObjects (0ms)
		CreateAndSetChildDomain (25ms)
	RebuildCommonClasses (32ms)
	RebuildNativeTypeToScriptingClass (11ms)
	initialDomainReloadingComplete (28ms)
	LoadAllAssembliesAndSetupDomain (181ms)
		LoadAssemblies (244ms)
		RebuildTransferFunctionScriptingTraits (0ms)
		AnalyzeDomain (13ms)
			TypeCache.Refresh (5ms)
				TypeCache.ScanAssembly (0ms)
			ScanForSourceGeneratedMonoScriptInfo (0ms)
			ResolveRequiredComponents (6ms)
	FinalizeReload (916ms)
		ReleaseScriptCaches (0ms)
		RebuildScriptCaches (0ms)
		SetupLoadedEditorAssemblies (457ms)
			LogAssemblyErrors (0ms)
			InitializePlatformSupportModulesInManaged (8ms)
			SetLoadedEditorAssemblies (3ms)
			RefreshPlugins (0ms)
			BeforeProcessingInitializeOnLoad (61ms)
			ProcessInitializeOnLoadAttributes (354ms)
			ProcessInitializeOnLoadMethodAttributes (21ms)
			AfterProcessingInitializeOnLoad (9ms)
			EditorAssembliesLoaded (0ms)
		ExecutionOrderSort2 (0ms)
		AwakeInstancesAfterBackupRestoration (7ms)
Refreshing native plugins compatible for Editor in 3.33 ms, found 3 plugins.
Preloading 0 native plugins for Editor in 0.00 ms.
Unloading 3127 Unused Serialized files (Serialized files now loaded: 0)
Unloading 14 unused Assets / (28.7 KB). Loaded Objects now: 3781.
Memory consumption went from 135.3 MB to 135.2 MB.
Total: 2.845000 ms (FindLiveObjects: 0.355400 ms CreateObjectMapping: 0.078300 ms MarkObjects: 2.361700 ms  DeleteObjects: 0.048500 ms)

Prepare: number of updated asset objects reloaded= 0
AssetImportParameters requested are different than current active one (requested -> active):
  custom:container-demuxer-ogg: 62fdf1f143b41e24485cea50d1cbac27 -> 
  custom:scripting/monoscript/fileName/GameManager.cs: f6182d712e34e20e3202214886862cdb -> 9933fbcc6190e2a9171c2ec8808a053e
  custom:scripting/monoscript/fileName/Income.cs: 938d875b4ea58c05495f38a939171226 -> 
  custom:video-decoder-ogg-theora: a1e56fd34408186e4bbccfd4996cb3dc -> 
  custom:framework-win-MediaFoundation: 216162199b28c13a410421893ffa2e32 -> 
  custom:scripting/monoscript/fileName/Tower.cs: 0e51d5638e1e2b20f04394d6225c671a -> 16583eaf01662413665c0a8803428cd6
  custom:CustomObjectIndexerAttribute: 9a22284fe3817be447336de3de66b15e -> 
  custom:scripting/monoscript/fileName/Readme.cs: 5aedf578fb2663036982fb7b05aaf325 -> 
  custom:scripting/monoscript/fileName/Tooltip.cs: b7163f69ad820c51a0cfd3387a68b1d4 -> efb4e7ecf4b2142538150f2477ca1e4e
  custom:container-demuxer-webm: 4f35f7cbe854078d1ac9338744f61a02 -> 
  custom:scripting/monoscript/fileName/GoldMine.cs: bab3e2ee0cdfb32214ea1458d0239fb0 -> 
  custom:scripting/monoscript/fileName/GatheringHous.cs: 6a29be3f36fcfccf43587dfd206bf4d9 -> 
  custom:container-muxer-webm: aa71ff27fc2769a1b78a27578f13a17b -> 
  custom:scripting/monoscript/fileName/ReadmeEditor.cs: ff7ced1e41c1b99ddf5dfefc88f6bd50 -> 
  custom:video-decoder-webm-vp8: 9c59270c3fd7afecdb556c50c9e8de78 -> 
  custom:SearchIndexIgnoredProperties: e643bd26f0fe6173181afceb89e7c659 -> 
  custom:AudioImporter_EditorPlatform: d09bf68614088b80899f8185d706f6e7 -> 
  custom:scripting/monoscript/fileName/LumberMill.cs: c2d45524fbd0d6e9a670d983de5f81d7 -> 
  custom:scripting/monoscript/fileName/Slime.cs: e872c3a4bc36777cb1cc31d8379690c8 -> 05272bae05f111c6b0609e32e93d89d5
  custom:scripting/monoscript/fileName/Bar.cs: 890822e7dfd0f89892a6fd3ee944f62e -> 71c40e549b4fade8bed144aaff5a79ac
  custom:scripting/monoscript/fileName/TooltipManager.cs: 902a800de15a4facdbc6dbb1be6c1339 -> bc11dd805cb64c1c2f88cd7ae96fba24
  custom:video-encoder-webm-vp8: eb34c28f22e8b96e1ab97ce403110664 -> 
  custom:audio-decoder-ogg-vorbis: bf7c407c2cedff20999df2af8eb42d56 -> 
  custom:scripting/monoscript/fileName/Bullet.cs: 48ff13ede6c310cc0acf4a30e818a1de -> a4f5918e799041ba1f6608f13912eb8b
  custom:scripting/monoscript/fileName/TowerBuild.cs: 3807a8e615ef6a49dfd3f6bc5055a7a9 -> 9ea8b859a681512b782b9b3988d2f5f8
  custom:scripting/monoscript/fileName/Wave.cs: c8b913f1d5cb3bff026a08ce26c83aad -> 6e300e3b5d1a1dd15fa0115918e06e83
  custom:audio-encoder-webm-vorbis: bf7c407c2cedff20999df2af8eb42d56 -> 
  custom:scripting/monoscript/fileName/WaterReflection.cs: f1c57f2ce2c094032b710e8e5eb21bd7 -> 
  custom:scripting/monoscript/fileName/Tile.cs: e6480a408e34695897b31a69fad2b871 -> a94101d916c115d73aff3567a86e16d8
  custom:scripting/precompiled-assembly-types:Assembly-CSharp: e62b66366f159171f02e707cec416dc6 -> dff8c55d4e0e9ddc22cc808f571b8c31
========================================================================
Received Prepare
Caller must complete domain reload
Begin MonoManager ReloadAssembly
- Loaded All Assemblies, in  0.412 seconds
Native extension for WindowsStandalone target not found
Native extension for WebGL target not found
[Package Manager] Server::EnsureServerProcessIsRunning -- launch failed, reason: Unity was launched with the -noUpm command-line argument
[Package Manager] UpmClient::Send -- Unable to send message (not connected to UPM process).
[Package Manager] Cannot connect to Unity Package Manager local server
Mono: successfully reloaded assembly
- Finished resetting the current domain, in  0.904 seconds
Domain Reload Profiling: 1314ms
	BeginReloadAssembly (145ms)
		ExecutionOrderSort (0ms)
		DisableScriptedObjects (4ms)
		BackupInstance (0ms)
		ReleaseScriptingObjects (0ms)
		CreateAndSetChildDomain (28ms)
	RebuildCommonClasses (33ms)
	RebuildNativeTypeToScriptingClass (11ms)
	initialDomainReloadingComplete (28ms)
	LoadAllAssembliesAndSetupDomain (192ms)
		LoadAssemblies (261ms)
		RebuildTransferFunctionScriptingTraits (0ms)
		AnalyzeDomain (13ms)
			TypeCache.Refresh (6ms)
				TypeCache.ScanAssembly (0ms)
			ScanForSourceGeneratedMonoScriptInfo (0ms)
			ResolveRequiredComponents (6ms)
	FinalizeReload (905ms)
		ReleaseScriptCaches (0ms)
		RebuildScriptCaches (0ms)
		SetupLoadedEditorAssemblies (461ms)
			LogAssemblyErrors (0ms)
			InitializePlatformSupportModulesInManaged (8ms)
			SetLoadedEditorAssemblies (3ms)
			RefreshPlugins (0ms)
			BeforeProcessingInitializeOnLoad (66ms)
			ProcessInitializeOnLoadAttributes (352ms)
			ProcessInitializeOnLoadMethodAttributes (22ms)
			AfterProcessingInitializeOnLoad (9ms)
			EditorAssembliesLoaded (0ms)
		ExecutionOrderSort2 (0ms)
		AwakeInstancesAfterBackupRestoration (7ms)
Refreshing native plugins compatible for Editor in 3.77 ms, found 3 plugins.
Preloading 0 native plugins for Editor in 0.00 ms.
Unloading 3127 Unused Serialized files (Serialized files now loaded: 0)
Unloading 14 unused Assets / (28.8 KB). Loaded Objects now: 3784.
Memory consumption went from 135.3 MB to 135.2 MB.
Total: 2.841500 ms (FindLiveObjects: 0.337400 ms CreateObjectMapping: 0.083400 ms MarkObjects: 2.376800 ms  DeleteObjects: 0.042900 ms)

Prepare: number of updated asset objects reloaded= 0
AssetImportParameters requested are different than current active one (requested -> active):
  custom:container-demuxer-ogg: 62fdf1f143b41e24485cea50d1cbac27 -> 
  custom:scripting/monoscript/fileName/GameManager.cs: f6182d712e34e20e3202214886862cdb -> 9933fbcc6190e2a9171c2ec8808a053e
  custom:scripting/monoscript/fileName/Income.cs: 938d875b4ea58c05495f38a939171226 -> 
  custom:video-decoder-ogg-theora: a1e56fd34408186e4bbccfd4996cb3dc -> 
  custom:framework-win-MediaFoundation: 216162199b28c13a410421893ffa2e32 -> 
  custom:scripting/monoscript/fileName/Tower.cs: 0e51d5638e1e2b20f04394d6225c671a -> 16583eaf01662413665c0a8803428cd6
  custom:CustomObjectIndexerAttribute: 9a22284fe3817be447336de3de66b15e -> 
  custom:scripting/monoscript/fileName/Readme.cs: 5aedf578fb2663036982fb7b05aaf325 -> 
  custom:scripting/monoscript/fileName/Tooltip.cs: b7163f69ad820c51a0cfd3387a68b1d4 -> efb4e7ecf4b2142538150f2477ca1e4e
  custom:container-demuxer-webm: 4f35f7cbe854078d1ac9338744f61a02 -> 
  custom:scripting/monoscript/fileName/GoldMine.cs: bab3e2ee0cdfb32214ea1458d0239fb0 -> 
  custom:scripting/monoscript/fileName/GatheringHous.cs: 6a29be3f36fcfccf43587dfd206bf4d9 -> 
  custom:container-muxer-webm: aa71ff27fc2769a1b78a27578f13a17b -> 
  custom:scripting/monoscript/fileName/ReadmeEditor.cs: ff7ced1e41c1b99ddf5dfefc88f6bd50 -> 
  custom:video-decoder-webm-vp8: 9c59270c3fd7afecdb556c50c9e8de78 -> 
  custom:SearchIndexIgnoredProperties: e643bd26f0fe6173181afceb89e7c659 -> 
  custom:AudioImporter_EditorPlatform: d09bf68614088b80899f8185d706f6e7 -> 
  custom:scripting/monoscript/fileName/LumberMill.cs: c2d45524fbd0d6e9a670d983de5f81d7 -> 
  custom:scripting/monoscript/fileName/Slime.cs: e872c3a4bc36777cb1cc31d8379690c8 -> 05272bae05f111c6b0609e32e93d89d5
  custom:scripting/monoscript/fileName/Bar.cs: 890822e7dfd0f89892a6fd3ee944f62e -> 71c40e549b4fade8bed144aaff5a79ac
  custom:scripting/monoscript/fileName/TooltipManager.cs: 902a800de15a4facdbc6dbb1be6c1339 -> bc11dd805cb64c1c2f88cd7ae96fba24
  custom:video-encoder-webm-vp8: eb34c28f22e8b96e1ab97ce403110664 -> 
  custom:audio-decoder-ogg-vorbis: bf7c407c2cedff20999df2af8eb42d56 -> 
  custom:scripting/monoscript/fileName/Bullet.cs: 48ff13ede6c310cc0acf4a30e818a1de -> a4f5918e799041ba1f6608f13912eb8b
  custom:scripting/monoscript/fileName/TowerBuild.cs: 3807a8e615ef6a49dfd3f6bc5055a7a9 -> 9ea8b859a681512b782b9b3988d2f5f8
  custom:scripting/monoscript/fileName/Wave.cs: c8b913f1d5cb3bff026a08ce26c83aad -> 6e300e3b5d1a1dd15fa0115918e06e83
  custom:audio-encoder-webm-vorbis: bf7c407c2cedff20999df2af8eb42d56 -> 
  custom:scripting/monoscript/fileName/WaterReflection.cs: f1c57f2ce2c094032b710e8e5eb21bd7 -> 
  custom:scripting/monoscript/fileName/Tile.cs: e6480a408e34695897b31a69fad2b871 -> a94101d916c115d73aff3567a86e16d8
  custom:scripting/precompiled-assembly-types:Assembly-CSharp: e62b66366f159171f02e707cec416dc6 -> dff8c55d4e0e9ddc22cc808f571b8c31
========================================================================
Received Prepare
Caller must complete domain reload
Begin MonoManager ReloadAssembly
- Loaded All Assemblies, in  0.426 seconds
Native extension for WindowsStandalone target not found
Native extension for WebGL target not found
[Package Manager] Server::EnsureServerProcessIsRunning -- launch failed, reason: Unity was launched with the -noUpm command-line argument
[Package Manager] UpmClient::Send -- Unable to send message (not connected to UPM process).
[Package Manager] Cannot connect to Unity Package Manager local server
Mono: successfully reloaded assembly
- Finished resetting the current domain, in  0.821 seconds
Domain Reload Profiling: 1245ms
	BeginReloadAssembly (145ms)
		ExecutionOrderSort (0ms)
		DisableScriptedObjects (6ms)
		BackupInstance (0ms)
		ReleaseScriptingObjects (0ms)
		CreateAndSetChildDomain (24ms)
	RebuildCommonClasses (36ms)
	RebuildNativeTypeToScriptingClass (11ms)
	initialDomainReloadingComplete (28ms)
	LoadAllAssembliesAndSetupDomain (202ms)
		LoadAssemblies (263ms)
		RebuildTransferFunctionScriptingTraits (0ms)
		AnalyzeDomain (24ms)
			TypeCache.Refresh (8ms)
				TypeCache.ScanAssembly (1ms)
			ScanForSourceGeneratedMonoScriptInfo (6ms)
			ResolveRequiredComponents (7ms)
	FinalizeReload (822ms)
		ReleaseScriptCaches (0ms)
		RebuildScriptCaches (0ms)
		SetupLoadedEditorAssemblies (406ms)
			LogAssemblyErrors (0ms)
			InitializePlatformSupportModulesInManaged (7ms)
			SetLoadedEditorAssemblies (3ms)
			RefreshPlugins (0ms)
			BeforeProcessingInitializeOnLoad (56ms)
			ProcessInitializeOnLoadAttributes (314ms)
			ProcessInitializeOnLoadMethodAttributes (20ms)
			AfterProcessingInitializeOnLoad (7ms)
			EditorAssembliesLoaded (0ms)
		ExecutionOrderSort2 (0ms)
		AwakeInstancesAfterBackupRestoration (6ms)
Refreshing native plugins compatible for Editor in 2.92 ms, found 3 plugins.
Preloading 0 native plugins for Editor in 0.00 ms.
Unloading 3127 Unused Serialized files (Serialized files now loaded: 0)
Unloading 14 unused Assets / (28.7 KB). Loaded Objects now: 3787.
Memory consumption went from 135.3 MB to 135.3 MB.
Total: 2.792600 ms (FindLiveObjects: 0.308500 ms CreateObjectMapping: 0.078000 ms MarkObjects: 2.367800 ms  DeleteObjects: 0.037500 ms)

Prepare: number of updated asset objects reloaded= 0
AssetImportParameters requested are different than current active one (requested -> active):
  custom:container-demuxer-ogg: 62fdf1f143b41e24485cea50d1cbac27 -> 
  custom:scripting/monoscript/fileName/GameManager.cs: f6182d712e34e20e3202214886862cdb -> 9933fbcc6190e2a9171c2ec8808a053e
  custom:scripting/monoscript/fileName/Income.cs: 938d875b4ea58c05495f38a939171226 -> 
  custom:video-decoder-ogg-theora: a1e56fd34408186e4bbccfd4996cb3dc -> 
  custom:framework-win-MediaFoundation: 216162199b28c13a410421893ffa2e32 -> 
  custom:scripting/monoscript/fileName/Tower.cs: 0e51d5638e1e2b20f04394d6225c671a -> 16583eaf01662413665c0a8803428cd6
  custom:CustomObjectIndexerAttribute: 9a22284fe3817be447336de3de66b15e -> 
  custom:scripting/monoscript/fileName/Readme.cs: 5aedf578fb2663036982fb7b05aaf325 -> 
  custom:scripting/monoscript/fileName/Tooltip.cs: b7163f69ad820c51a0cfd3387a68b1d4 -> efb4e7ecf4b2142538150f2477ca1e4e
  custom:container-demuxer-webm: 4f35f7cbe854078d1ac9338744f61a02 -> 
  custom:scripting/monoscript/fileName/GoldMine.cs: bab3e2ee0cdfb32214ea1458d0239fb0 -> 
  custom:scripting/monoscript/fileName/GatheringHous.cs: 6a29be3f36fcfccf43587dfd206bf4d9 -> 
  custom:container-muxer-webm: aa71ff27fc2769a1b78a27578f13a17b -> 
  custom:scripting/monoscript/fileName/ReadmeEditor.cs: ff7ced1e41c1b99ddf5dfefc88f6bd50 -> 
  custom:video-decoder-webm-vp8: 9c59270c3fd7afecdb556c50c9e8de78 -> 
  custom:SearchIndexIgnoredProperties: e643bd26f0fe6173181afceb89e7c659 -> 
  custom:AudioImporter_EditorPlatform: d09bf68614088b80899f8185d706f6e7 -> 
  custom:scripting/monoscript/fileName/LumberMill.cs: c2d45524fbd0d6e9a670d983de5f81d7 -> 
  custom:scripting/monoscript/fileName/Slime.cs: e872c3a4bc36777cb1cc31d8379690c8 -> 05272bae05f111c6b0609e32e93d89d5
  custom:scripting/monoscript/fileName/Bar.cs: 890822e7dfd0f89892a6fd3ee944f62e -> 71c40e549b4fade8bed144aaff5a79ac
  custom:scripting/monoscript/fileName/TooltipManager.cs: 902a800de15a4facdbc6dbb1be6c1339 -> bc11dd805cb64c1c2f88cd7ae96fba24
  custom:video-encoder-webm-vp8: eb34c28f22e8b96e1ab97ce403110664 -> 
  custom:audio-decoder-ogg-vorbis: bf7c407c2cedff20999df2af8eb42d56 -> 
  custom:scripting/monoscript/fileName/Bullet.cs: 48ff13ede6c310cc0acf4a30e818a1de -> a4f5918e799041ba1f6608f13912eb8b
  custom:scripting/monoscript/fileName/TowerBuild.cs: 3807a8e615ef6a49dfd3f6bc5055a7a9 -> 9ea8b859a681512b782b9b3988d2f5f8
  custom:scripting/monoscript/fileName/Wave.cs: c8b913f1d5cb3bff026a08ce26c83aad -> 6e300e3b5d1a1dd15fa0115918e06e83
  custom:audio-encoder-webm-vorbis: bf7c407c2cedff20999df2af8eb42d56 -> 
  custom:scripting/monoscript/fileName/WaterReflection.cs: f1c57f2ce2c094032b710e8e5eb21bd7 -> 
  custom:scripting/monoscript/fileName/Tile.cs: e6480a408e34695897b31a69fad2b871 -> a94101d916c115d73aff3567a86e16d8
  custom:scripting/precompiled-assembly-types:Assembly-CSharp: e62b66366f159171f02e707cec416dc6 -> dff8c55d4e0e9ddc22cc808f571b8c31
========================================================================
Received Prepare
Caller must complete domain reload
Begin MonoManager ReloadAssembly
- Loaded All Assemblies, in  0.394 seconds
Native extension for WindowsStandalone target not found
Native extension for WebGL target not found
[Package Manager] Server::EnsureServerProcessIsRunning -- launch failed, reason: Unity was launched with the -noUpm command-line argument
[Package Manager] UpmClient::Send -- Unable to send message (not connected to UPM process).
[Package Manager] Cannot connect to Unity Package Manager local server
Mono: successfully reloaded assembly
- Finished resetting the current domain, in  0.907 seconds
Domain Reload Profiling: 1299ms
	BeginReloadAssembly (136ms)
		ExecutionOrderSort (0ms)
		DisableScriptedObjects (4ms)
		BackupInstance (0ms)
		ReleaseScriptingObjects (0ms)
		CreateAndSetChildDomain (27ms)
	RebuildCommonClasses (34ms)
	RebuildNativeTypeToScriptingClass (12ms)
	initialDomainReloadingComplete (27ms)
	LoadAllAssembliesAndSetupDomain (184ms)
		LoadAssemblies (245ms)
		RebuildTransferFunctionScriptingTraits (0ms)
		AnalyzeDomain (13ms)
			TypeCache.Refresh (6ms)
				TypeCache.ScanAssembly (0ms)
			ScanForSourceGeneratedMonoScriptInfo (0ms)
			ResolveRequiredComponents (6ms)
	FinalizeReload (907ms)
		ReleaseScriptCaches (0ms)
		RebuildScriptCaches (0ms)
		SetupLoadedEditorAssemblies (456ms)
			LogAssemblyErrors (0ms)
			InitializePlatformSupportModulesInManaged (9ms)
			SetLoadedEditorAssemblies (3ms)
			RefreshPlugins (0ms)
			BeforeProcessingInitializeOnLoad (66ms)
			ProcessInitializeOnLoadAttributes (345ms)
			ProcessInitializeOnLoadMethodAttributes (22ms)
			AfterProcessingInitializeOnLoad (9ms)
			EditorAssembliesLoaded (0ms)
		ExecutionOrderSort2 (0ms)
		AwakeInstancesAfterBackupRestoration (6ms)
Refreshing native plugins compatible for Editor in 3.64 ms, found 3 plugins.
Preloading 0 native plugins for Editor in 0.00 ms.
Unloading 3127 Unused Serialized files (Serialized files now loaded: 0)
Unloading 14 unused Assets / (28.7 KB). Loaded Objects now: 3790.
Memory consumption went from 135.3 MB to 135.3 MB.
Total: 2.759700 ms (FindLiveObjects: 0.343900 ms CreateObjectMapping: 0.076700 ms MarkObjects: 2.298200 ms  DeleteObjects: 0.040100 ms)

Prepare: number of updated asset objects reloaded= 0
AssetImportParameters requested are different than current active one (requested -> active):
  custom:container-demuxer-ogg: 62fdf1f143b41e24485cea50d1cbac27 -> 
  custom:scripting/monoscript/fileName/GameManager.cs: f6182d712e34e20e3202214886862cdb -> 9933fbcc6190e2a9171c2ec8808a053e
  custom:scripting/monoscript/fileName/Income.cs: 938d875b4ea58c05495f38a939171226 -> 
  custom:video-decoder-ogg-theora: a1e56fd34408186e4bbccfd4996cb3dc -> 
  custom:framework-win-MediaFoundation: 216162199b28c13a410421893ffa2e32 -> 
  custom:scripting/monoscript/fileName/Tower.cs: 0e51d5638e1e2b20f04394d6225c671a -> 16583eaf01662413665c0a8803428cd6
  custom:CustomObjectIndexerAttribute: 9a22284fe3817be447336de3de66b15e -> 
  custom:scripting/monoscript/fileName/Readme.cs: 5aedf578fb2663036982fb7b05aaf325 -> 
  custom:scripting/monoscript/fileName/Tooltip.cs: b7163f69ad820c51a0cfd3387a68b1d4 -> efb4e7ecf4b2142538150f2477ca1e4e
  custom:container-demuxer-webm: 4f35f7cbe854078d1ac9338744f61a02 -> 
  custom:scripting/monoscript/fileName/GoldMine.cs: bab3e2ee0cdfb32214ea1458d0239fb0 -> 
  custom:scripting/monoscript/fileName/GatheringHous.cs: 6a29be3f36fcfccf43587dfd206bf4d9 -> 
  custom:container-muxer-webm: aa71ff27fc2769a1b78a27578f13a17b -> 
  custom:scripting/monoscript/fileName/ReadmeEditor.cs: ff7ced1e41c1b99ddf5dfefc88f6bd50 -> 
  custom:video-decoder-webm-vp8: 9c59270c3fd7afecdb556c50c9e8de78 -> 
  custom:SearchIndexIgnoredProperties: e643bd26f0fe6173181afceb89e7c659 -> 
  custom:AudioImporter_EditorPlatform: d09bf68614088b80899f8185d706f6e7 -> 
  custom:scripting/monoscript/fileName/LumberMill.cs: c2d45524fbd0d6e9a670d983de5f81d7 -> 
  custom:scripting/monoscript/fileName/Slime.cs: e872c3a4bc36777cb1cc31d8379690c8 -> 05272bae05f111c6b0609e32e93d89d5
  custom:scripting/monoscript/fileName/Bar.cs: 890822e7dfd0f89892a6fd3ee944f62e -> 71c40e549b4fade8bed144aaff5a79ac
  custom:scripting/monoscript/fileName/TooltipManager.cs: 902a800de15a4facdbc6dbb1be6c1339 -> bc11dd805cb64c1c2f88cd7ae96fba24
  custom:video-encoder-webm-vp8: eb34c28f22e8b96e1ab97ce403110664 -> 
  custom:audio-decoder-ogg-vorbis: bf7c407c2cedff20999df2af8eb42d56 -> 
  custom:scripting/monoscript/fileName/Bullet.cs: 48ff13ede6c310cc0acf4a30e818a1de -> a4f5918e799041ba1f6608f13912eb8b
  custom:scripting/monoscript/fileName/TowerBuild.cs: 3807a8e615ef6a49dfd3f6bc5055a7a9 -> 9ea8b859a681512b782b9b3988d2f5f8
  custom:scripting/monoscript/fileName/Wave.cs: c8b913f1d5cb3bff026a08ce26c83aad -> 6e300e3b5d1a1dd15fa0115918e06e83
  custom:audio-encoder-webm-vorbis: bf7c407c2cedff20999df2af8eb42d56 -> 
  custom:scripting/monoscript/fileName/WaterReflection.cs: f1c57f2ce2c094032b710e8e5eb21bd7 -> 
  custom:scripting/monoscript/fileName/Tile.cs: e6480a408e34695897b31a69fad2b871 -> a94101d916c115d73aff3567a86e16d8
  custom:scripting/precompiled-assembly-types:Assembly-CSharp: e62b66366f159171f02e707cec416dc6 -> dff8c55d4e0e9ddc22cc808f571b8c31
========================================================================
Received Prepare
Caller must complete domain reload
Begin MonoManager ReloadAssembly
- Loaded All Assemblies, in  0.412 seconds
Native extension for WindowsStandalone target not found
Native extension for WebGL target not found
[Package Manager] Server::EnsureServerProcessIsRunning -- launch failed, reason: Unity was launched with the -noUpm command-line argument
[Package Manager] UpmClient::Send -- Unable to send message (not connected to UPM process).
[Package Manager] Cannot connect to Unity Package Manager local server
Mono: successfully reloaded assembly
- Finished resetting the current domain, in  0.940 seconds
Domain Reload Profiling: 1350ms
	BeginReloadAssembly (138ms)
		ExecutionOrderSort (0ms)
		DisableScriptedObjects (4ms)
		BackupInstance (0ms)
		ReleaseScriptingObjects (0ms)
		CreateAndSetChildDomain (25ms)
	RebuildCommonClasses (41ms)
	RebuildNativeTypeToScriptingClass (11ms)
	initialDomainReloadingComplete (31ms)
	LoadAllAssembliesAndSetupDomain (188ms)
		LoadAssemblies (254ms)
		RebuildTransferFunctionScriptingTraits (0ms)
		AnalyzeDomain (13ms)
			TypeCache.Refresh (6ms)
				TypeCache.ScanAssembly (0ms)
			ScanForSourceGeneratedMonoScriptInfo (0ms)
			ResolveRequiredComponents (6ms)
	FinalizeReload (941ms)
		ReleaseScriptCaches (0ms)
		RebuildScriptCaches (0ms)
		SetupLoadedEditorAssemblies (462ms)
			LogAssemblyErrors (0ms)
			InitializePlatformSupportModulesInManaged (9ms)
			SetLoadedEditorAssemblies (3ms)
			RefreshPlugins (0ms)
			BeforeProcessingInitializeOnLoad (64ms)
			ProcessInitializeOnLoadAttributes (356ms)
			ProcessInitializeOnLoadMethodAttributes (22ms)
			AfterProcessingInitializeOnLoad (8ms)
			EditorAssembliesLoaded (0ms)
		ExecutionOrderSort2 (0ms)
		AwakeInstancesAfterBackupRestoration (8ms)
Refreshing native plugins compatible for Editor in 3.03 ms, found 3 plugins.
Preloading 0 native plugins for Editor in 0.00 ms.
Unloading 3127 Unused Serialized files (Serialized files now loaded: 0)
Unloading 14 unused Assets / (28.7 KB). Loaded Objects now: 3793.
Memory consumption went from 135.3 MB to 135.3 MB.
Total: 3.505900 ms (FindLiveObjects: 0.374300 ms CreateObjectMapping: 0.080900 ms MarkObjects: 3.007900 ms  DeleteObjects: 0.041700 ms)

Prepare: number of updated asset objects reloaded= 0
AssetImportParameters requested are different than current active one (requested -> active):
  custom:container-demuxer-ogg: 62fdf1f143b41e24485cea50d1cbac27 -> 
  custom:scripting/monoscript/fileName/GameManager.cs: f6182d712e34e20e3202214886862cdb -> 9933fbcc6190e2a9171c2ec8808a053e
  custom:scripting/monoscript/fileName/Income.cs: 938d875b4ea58c05495f38a939171226 -> 
  custom:video-decoder-ogg-theora: a1e56fd34408186e4bbccfd4996cb3dc -> 
  custom:framework-win-MediaFoundation: 216162199b28c13a410421893ffa2e32 -> 
  custom:scripting/monoscript/fileName/Tower.cs: 0e51d5638e1e2b20f04394d6225c671a -> 16583eaf01662413665c0a8803428cd6
  custom:CustomObjectIndexerAttribute: 9a22284fe3817be447336de3de66b15e -> 
  custom:scripting/monoscript/fileName/Readme.cs: 5aedf578fb2663036982fb7b05aaf325 -> 
  custom:scripting/monoscript/fileName/Tooltip.cs: b7163f69ad820c51a0cfd3387a68b1d4 -> efb4e7ecf4b2142538150f2477ca1e4e
  custom:container-demuxer-webm: 4f35f7cbe854078d1ac9338744f61a02 -> 
  custom:scripting/monoscript/fileName/GoldMine.cs: bab3e2ee0cdfb32214ea1458d0239fb0 -> 
  custom:scripting/monoscript/fileName/GatheringHous.cs: 6a29be3f36fcfccf43587dfd206bf4d9 -> 
  custom:container-muxer-webm: aa71ff27fc2769a1b78a27578f13a17b -> 
  custom:scripting/monoscript/fileName/ReadmeEditor.cs: ff7ced1e41c1b99ddf5dfefc88f6bd50 -> 
  custom:video-decoder-webm-vp8: 9c59270c3fd7afecdb556c50c9e8de78 -> 
  custom:SearchIndexIgnoredProperties: e643bd26f0fe6173181afceb89e7c659 -> 
  custom:AudioImporter_EditorPlatform: d09bf68614088b80899f8185d706f6e7 -> 
  custom:scripting/monoscript/fileName/LumberMill.cs: c2d45524fbd0d6e9a670d983de5f81d7 -> 
  custom:scripting/monoscript/fileName/Slime.cs: e872c3a4bc36777cb1cc31d8379690c8 -> 05272bae05f111c6b0609e32e93d89d5
  custom:scripting/monoscript/fileName/Bar.cs: 890822e7dfd0f89892a6fd3ee944f62e -> 71c40e549b4fade8bed144aaff5a79ac
  custom:scripting/monoscript/fileName/TooltipManager.cs: 902a800de15a4facdbc6dbb1be6c1339 -> bc11dd805cb64c1c2f88cd7ae96fba24
  custom:video-encoder-webm-vp8: eb34c28f22e8b96e1ab97ce403110664 -> 
  custom:audio-decoder-ogg-vorbis: bf7c407c2cedff20999df2af8eb42d56 -> 
  custom:scripting/monoscript/fileName/Bullet.cs: 48ff13ede6c310cc0acf4a30e818a1de -> a4f5918e799041ba1f6608f13912eb8b
  custom:scripting/monoscript/fileName/TowerBuild.cs: 3807a8e615ef6a49dfd3f6bc5055a7a9 -> 9ea8b859a681512b782b9b3988d2f5f8
  custom:scripting/monoscript/fileName/Wave.cs: c8b913f1d5cb3bff026a08ce26c83aad -> 6e300e3b5d1a1dd15fa0115918e06e83
  custom:audio-encoder-webm-vorbis: bf7c407c2cedff20999df2af8eb42d56 -> 
  custom:scripting/monoscript/fileName/WaterReflection.cs: f1c57f2ce2c094032b710e8e5eb21bd7 -> 
  custom:scripting/monoscript/fileName/Tile.cs: e6480a408e34695897b31a69fad2b871 -> a94101d916c115d73aff3567a86e16d8
  custom:scripting/precompiled-assembly-types:Assembly-CSharp: e62b66366f159171f02e707cec416dc6 -> dff8c55d4e0e9ddc22cc808f571b8c31
========================================================================
Received Import Request.
  Time since last request: 623.057809 seconds.
  path: Assets/Scripts/menus/Tooltip.cs
  artifactKey: Guid(f31fcb02df8398f4889f2cc3219f75de) Importer(815301076,1909f56bfc062723c751e8b465ee728b)
Start importing Assets/Scripts/menus/Tooltip.cs using Guid(f31fcb02df8398f4889f2cc3219f75de) Importer(815301076,1909f56bfc062723c751e8b465ee728b) [PhysX] Initialized MultithreadedTaskDispatcher with 12 workers.
 -> (artifact id: '977af8f52a9f8d0c51a90284958bf13d') in 0.002152 seconds
Number of updated asset objects reloaded before import = 0
Number of asset objects unloaded after import = 0
========================================================================
Received Import Request.
  Time since last request: 9.507336 seconds.
  path: Assets/Scripts/menus/TooltipManager.cs
  artifactKey: Guid(3f702b0020489b241ab1f01ba4b6f9a1) Importer(815301076,1909f56bfc062723c751e8b465ee728b)
Start importing Assets/Scripts/menus/TooltipManager.cs using Guid(3f702b0020489b241ab1f01ba4b6f9a1) Importer(815301076,1909f56bfc062723c751e8b465ee728b) [PhysX] Initialized MultithreadedTaskDispatcher with 12 workers.
 -> (artifact id: '6405a1a11d90659f1baa2b6b72602245') in 0.000531 seconds
Number of updated asset objects reloaded before import = 0
Number of asset objects unloaded after import = 0
========================================================================
Received Import Request.
  Time since last request: 81.009394 seconds.
  path: Assets/Scripts/menus/TooltipManager.cs
  artifactKey: Guid(3f702b0020489b241ab1f01ba4b6f9a1) Importer(815301076,1909f56bfc062723c751e8b465ee728b)
Start importing Assets/Scripts/menus/TooltipManager.cs using Guid(3f702b0020489b241ab1f01ba4b6f9a1) Importer(815301076,1909f56bfc062723c751e8b465ee728b) [PhysX] Initialized MultithreadedTaskDispatcher with 12 workers.
 -> (artifact id: 'e0fd574b5510bb7157dd6c8f22d1e0f3') in 0.000563 seconds
Number of updated asset objects reloaded before import = 0
Number of asset objects unloaded after import = 0
========================================================================
Received Prepare
Caller must complete domain reload
Begin MonoManager ReloadAssembly
- Loaded All Assemblies, in  0.438 seconds
Native extension for WindowsStandalone target not found
Native extension for WebGL target not found
[Package Manager] Server::EnsureServerProcessIsRunning -- launch failed, reason: Unity was launched with the -noUpm command-line argument
[Package Manager] UpmClient::Send -- Unable to send message (not connected to UPM process).
[Package Manager] Cannot connect to Unity Package Manager local server
Mono: successfully reloaded assembly
- Finished resetting the current domain, in  0.866 seconds
Domain Reload Profiling: 1301ms
	BeginReloadAssembly (172ms)
		ExecutionOrderSort (0ms)
		DisableScriptedObjects (5ms)
		BackupInstance (0ms)
		ReleaseScriptingObjects (0ms)
		CreateAndSetChildDomain (33ms)
	RebuildCommonClasses (33ms)
	RebuildNativeTypeToScriptingClass (12ms)
	initialDomainReloadingComplete (27ms)
	LoadAllAssembliesAndSetupDomain (192ms)
		LoadAssemblies (269ms)
		RebuildTransferFunctionScriptingTraits (0ms)
		AnalyzeDomain (22ms)
			TypeCache.Refresh (8ms)
				TypeCache.ScanAssembly (1ms)
			ScanForSourceGeneratedMonoScriptInfo (6ms)
			ResolveRequiredComponents (6ms)
	FinalizeReload (866ms)
		ReleaseScriptCaches (0ms)
		RebuildScriptCaches (0ms)
		SetupLoadedEditorAssemblies (408ms)
			LogAssemblyErrors (0ms)
			InitializePlatformSupportModulesInManaged (8ms)
			SetLoadedEditorAssemblies (3ms)
			RefreshPlugins (0ms)
			BeforeProcessingInitializeOnLoad (60ms)
			ProcessInitializeOnLoadAttributes (308ms)
			ProcessInitializeOnLoadMethodAttributes (23ms)
			AfterProcessingInitializeOnLoad (7ms)
			EditorAssembliesLoaded (0ms)
		ExecutionOrderSort2 (0ms)
		AwakeInstancesAfterBackupRestoration (6ms)
Refreshing native plugins compatible for Editor in 3.37 ms, found 3 plugins.
Preloading 0 native plugins for Editor in 0.00 ms.
Unloading 3126 Unused Serialized files (Serialized files now loaded: 0)
Unloading 14 unused Assets / (28.6 KB). Loaded Objects now: 3796.
Memory consumption went from 135.0 MB to 135.0 MB.
Total: 4.009500 ms (FindLiveObjects: 0.707500 ms CreateObjectMapping: 0.131400 ms MarkObjects: 3.117200 ms  DeleteObjects: 0.051800 ms)

Prepare: number of updated asset objects reloaded= 0
AssetImportParameters requested are different than current active one (requested -> active):
  custom:container-demuxer-ogg: 62fdf1f143b41e24485cea50d1cbac27 -> 
  custom:scripting/monoscript/fileName/GameManager.cs: f6182d712e34e20e3202214886862cdb -> 9933fbcc6190e2a9171c2ec8808a053e
  custom:scripting/monoscript/fileName/Income.cs: 938d875b4ea58c05495f38a939171226 -> 
  custom:video-decoder-ogg-theora: a1e56fd34408186e4bbccfd4996cb3dc -> 
  custom:framework-win-MediaFoundation: 216162199b28c13a410421893ffa2e32 -> 
  custom:scripting/monoscript/fileName/Tower.cs: 0e51d5638e1e2b20f04394d6225c671a -> 16583eaf01662413665c0a8803428cd6
  custom:CustomObjectIndexerAttribute: 9a22284fe3817be447336de3de66b15e -> 
  custom:scripting/monoscript/fileName/Readme.cs: 5aedf578fb2663036982fb7b05aaf325 -> 
  custom:scripting/monoscript/fileName/Tooltip.cs: b7163f69ad820c51a0cfd3387a68b1d4 -> efb4e7ecf4b2142538150f2477ca1e4e
  custom:container-demuxer-webm: 4f35f7cbe854078d1ac9338744f61a02 -> 
  custom:scripting/monoscript/fileName/GoldMine.cs: bab3e2ee0cdfb32214ea1458d0239fb0 -> 
  custom:scripting/monoscript/fileName/GatheringHous.cs: 6a29be3f36fcfccf43587dfd206bf4d9 -> 
  custom:container-muxer-webm: aa71ff27fc2769a1b78a27578f13a17b -> 
  custom:scripting/monoscript/fileName/ReadmeEditor.cs: ff7ced1e41c1b99ddf5dfefc88f6bd50 -> 
  custom:video-decoder-webm-vp8: 9c59270c3fd7afecdb556c50c9e8de78 -> 
  custom:SearchIndexIgnoredProperties: e643bd26f0fe6173181afceb89e7c659 -> 
  custom:AudioImporter_EditorPlatform: d09bf68614088b80899f8185d706f6e7 -> 
  custom:scripting/monoscript/fileName/LumberMill.cs: c2d45524fbd0d6e9a670d983de5f81d7 -> 
  custom:scripting/monoscript/fileName/Slime.cs: e872c3a4bc36777cb1cc31d8379690c8 -> 05272bae05f111c6b0609e32e93d89d5
  custom:scripting/monoscript/fileName/Bar.cs: 890822e7dfd0f89892a6fd3ee944f62e -> 71c40e549b4fade8bed144aaff5a79ac
  custom:scripting/monoscript/fileName/TooltipManager.cs: 902a800de15a4facdbc6dbb1be6c1339 -> bc11dd805cb64c1c2f88cd7ae96fba24
  custom:video-encoder-webm-vp8: eb34c28f22e8b96e1ab97ce403110664 -> 
  custom:audio-decoder-ogg-vorbis: bf7c407c2cedff20999df2af8eb42d56 -> 
  custom:scripting/monoscript/fileName/Bullet.cs: 48ff13ede6c310cc0acf4a30e818a1de -> a4f5918e799041ba1f6608f13912eb8b
  custom:scripting/monoscript/fileName/TowerBuild.cs: 3807a8e615ef6a49dfd3f6bc5055a7a9 -> 9ea8b859a681512b782b9b3988d2f5f8
  custom:scripting/monoscript/fileName/Wave.cs: c8b913f1d5cb3bff026a08ce26c83aad -> 6e300e3b5d1a1dd15fa0115918e06e83
  custom:audio-encoder-webm-vorbis: bf7c407c2cedff20999df2af8eb42d56 -> 
  custom:scripting/monoscript/fileName/WaterReflection.cs: f1c57f2ce2c094032b710e8e5eb21bd7 -> 
  custom:scripting/monoscript/fileName/Tile.cs: e6480a408e34695897b31a69fad2b871 -> a94101d916c115d73aff3567a86e16d8
  custom:scripting/precompiled-assembly-types:Assembly-CSharp: e62b66366f159171f02e707cec416dc6 -> dff8c55d4e0e9ddc22cc808f571b8c31
========================================================================
Received Prepare
Caller must complete domain reload
Begin MonoManager ReloadAssembly
- Loaded All Assemblies, in  0.401 seconds
Native extension for WindowsStandalone target not found
Native extension for WebGL target not found
[Package Manager] Server::EnsureServerProcessIsRunning -- launch failed, reason: Unity was launched with the -noUpm command-line argument
[Package Manager] UpmClient::Send -- Unable to send message (not connected to UPM process).
[Package Manager] Cannot connect to Unity Package Manager local server
Mono: successfully reloaded assembly
- Finished resetting the current domain, in  0.906 seconds
Domain Reload Profiling: 1305ms
	BeginReloadAssembly (136ms)
		ExecutionOrderSort (0ms)
		DisableScriptedObjects (4ms)
		BackupInstance (0ms)
		ReleaseScriptingObjects (0ms)
		CreateAndSetChildDomain (28ms)
	RebuildCommonClasses (32ms)
	RebuildNativeTypeToScriptingClass (11ms)
	initialDomainReloadingComplete (30ms)
	LoadAllAssembliesAndSetupDomain (188ms)
		LoadAssemblies (247ms)
		RebuildTransferFunctionScriptingTraits (0ms)
		AnalyzeDomain (15ms)
			TypeCache.Refresh (6ms)
				TypeCache.ScanAssembly (0ms)
			ScanForSourceGeneratedMonoScriptInfo (0ms)
			ResolveRequiredComponents (7ms)
	FinalizeReload (907ms)
		ReleaseScriptCaches (0ms)
		RebuildScriptCaches (0ms)
		SetupLoadedEditorAssemblies (453ms)
			LogAssemblyErrors (0ms)
			InitializePlatformSupportModulesInManaged (8ms)
			SetLoadedEditorAssemblies (3ms)
			RefreshPlugins (0ms)
			BeforeProcessingInitializeOnLoad (62ms)
			ProcessInitializeOnLoadAttributes (348ms)
			ProcessInitializeOnLoadMethodAttributes (23ms)
			AfterProcessingInitializeOnLoad (9ms)
			EditorAssembliesLoaded (0ms)
		ExecutionOrderSort2 (0ms)
		AwakeInstancesAfterBackupRestoration (6ms)
Refreshing native plugins compatible for Editor in 3.84 ms, found 3 plugins.
Preloading 0 native plugins for Editor in 0.00 ms.
Unloading 3127 Unused Serialized files (Serialized files now loaded: 0)
Unloading 14 unused Assets / (28.7 KB). Loaded Objects now: 3799.
Memory consumption went from 135.3 MB to 135.3 MB.
Total: 2.967700 ms (FindLiveObjects: 0.345900 ms CreateObjectMapping: 0.093900 ms MarkObjects: 2.487900 ms  DeleteObjects: 0.039100 ms)

Prepare: number of updated asset objects reloaded= 0
AssetImportParameters requested are different than current active one (requested -> active):
  custom:container-demuxer-ogg: 62fdf1f143b41e24485cea50d1cbac27 -> 
  custom:scripting/monoscript/fileName/GameManager.cs: f6182d712e34e20e3202214886862cdb -> 9933fbcc6190e2a9171c2ec8808a053e
  custom:scripting/monoscript/fileName/Income.cs: 938d875b4ea58c05495f38a939171226 -> 
  custom:video-decoder-ogg-theora: a1e56fd34408186e4bbccfd4996cb3dc -> 
  custom:framework-win-MediaFoundation: 216162199b28c13a410421893ffa2e32 -> 
  custom:scripting/monoscript/fileName/Tower.cs: 0e51d5638e1e2b20f04394d6225c671a -> 16583eaf01662413665c0a8803428cd6
  custom:CustomObjectIndexerAttribute: 9a22284fe3817be447336de3de66b15e -> 
  custom:scripting/monoscript/fileName/Readme.cs: 5aedf578fb2663036982fb7b05aaf325 -> 
  custom:scripting/monoscript/fileName/Tooltip.cs: b7163f69ad820c51a0cfd3387a68b1d4 -> efb4e7ecf4b2142538150f2477ca1e4e
  custom:container-demuxer-webm: 4f35f7cbe854078d1ac9338744f61a02 -> 
  custom:scripting/monoscript/fileName/GoldMine.cs: bab3e2ee0cdfb32214ea1458d0239fb0 -> 
  custom:scripting/monoscript/fileName/GatheringHous.cs: 6a29be3f36fcfccf43587dfd206bf4d9 -> 
  custom:container-muxer-webm: aa71ff27fc2769a1b78a27578f13a17b -> 
  custom:scripting/monoscript/fileName/ReadmeEditor.cs: ff7ced1e41c1b99ddf5dfefc88f6bd50 -> 
  custom:video-decoder-webm-vp8: 9c59270c3fd7afecdb556c50c9e8de78 -> 
  custom:SearchIndexIgnoredProperties: e643bd26f0fe6173181afceb89e7c659 -> 
  custom:AudioImporter_EditorPlatform: d09bf68614088b80899f8185d706f6e7 -> 
  custom:scripting/monoscript/fileName/LumberMill.cs: c2d45524fbd0d6e9a670d983de5f81d7 -> 
  custom:scripting/monoscript/fileName/Slime.cs: e872c3a4bc36777cb1cc31d8379690c8 -> 05272bae05f111c6b0609e32e93d89d5
  custom:scripting/monoscript/fileName/Bar.cs: 890822e7dfd0f89892a6fd3ee944f62e -> 71c40e549b4fade8bed144aaff5a79ac
  custom:scripting/monoscript/fileName/TooltipManager.cs: 902a800de15a4facdbc6dbb1be6c1339 -> bc11dd805cb64c1c2f88cd7ae96fba24
  custom:video-encoder-webm-vp8: eb34c28f22e8b96e1ab97ce403110664 -> 
  custom:audio-decoder-ogg-vorbis: bf7c407c2cedff20999df2af8eb42d56 -> 
  custom:scripting/monoscript/fileName/Bullet.cs: 48ff13ede6c310cc0acf4a30e818a1de -> a4f5918e799041ba1f6608f13912eb8b
  custom:scripting/monoscript/fileName/TowerBuild.cs: 3807a8e615ef6a49dfd3f6bc5055a7a9 -> 9ea8b859a681512b782b9b3988d2f5f8
  custom:scripting/monoscript/fileName/Wave.cs: c8b913f1d5cb3bff026a08ce26c83aad -> 6e300e3b5d1a1dd15fa0115918e06e83
  custom:audio-encoder-webm-vorbis: bf7c407c2cedff20999df2af8eb42d56 -> 
  custom:scripting/monoscript/fileName/WaterReflection.cs: f1c57f2ce2c094032b710e8e5eb21bd7 -> 
  custom:scripting/monoscript/fileName/Tile.cs: e6480a408e34695897b31a69fad2b871 -> a94101d916c115d73aff3567a86e16d8
  custom:scripting/precompiled-assembly-types:Assembly-CSharp: e62b66366f159171f02e707cec416dc6 -> dff8c55d4e0e9ddc22cc808f571b8c31
========================================================================
Received Prepare
Caller must complete domain reload
Begin MonoManager ReloadAssembly
- Loaded All Assemblies, in  0.430 seconds
Native extension for WindowsStandalone target not found
Native extension for WebGL target not found
[Package Manager] Server::EnsureServerProcessIsRunning -- launch failed, reason: Unity was launched with the -noUpm command-line argument
[Package Manager] UpmClient::Send -- Unable to send message (not connected to UPM process).
[Package Manager] Cannot connect to Unity Package Manager local server
Mono: successfully reloaded assembly
- Finished resetting the current domain, in  0.924 seconds
Domain Reload Profiling: 1352ms
	BeginReloadAssembly (148ms)
		ExecutionOrderSort (0ms)
		DisableScriptedObjects (6ms)
		BackupInstance (0ms)
		ReleaseScriptingObjects (0ms)
		CreateAndSetChildDomain (31ms)
	RebuildCommonClasses (32ms)
	RebuildNativeTypeToScriptingClass (11ms)
	initialDomainReloadingComplete (27ms)
	LoadAllAssembliesAndSetupDomain (209ms)
		LoadAssemblies (257ms)
		RebuildTransferFunctionScriptingTraits (0ms)
		AnalyzeDomain (25ms)
			TypeCache.Refresh (8ms)
				TypeCache.ScanAssembly (1ms)
			ScanForSourceGeneratedMonoScriptInfo (6ms)
			ResolveRequiredComponents (8ms)
	FinalizeReload (924ms)
		ReleaseScriptCaches (0ms)
		RebuildScriptCaches (0ms)
		SetupLoadedEditorAssemblies (433ms)
			LogAssemblyErrors (0ms)
			InitializePlatformSupportModulesInManaged (8ms)
			SetLoadedEditorAssemblies (3ms)
			RefreshPlugins (0ms)
			BeforeProcessingInitializeOnLoad (62ms)
			ProcessInitializeOnLoadAttributes (327ms)
			ProcessInitializeOnLoadMethodAttributes (22ms)
			AfterProcessingInitializeOnLoad (10ms)
			EditorAssembliesLoaded (0ms)
		ExecutionOrderSort2 (0ms)
		AwakeInstancesAfterBackupRestoration (9ms)
Refreshing native plugins compatible for Editor in 3.13 ms, found 3 plugins.
Preloading 0 native plugins for Editor in 0.00 ms.
Unloading 3127 Unused Serialized files (Serialized files now loaded: 0)
Unloading 14 unused Assets / (28.6 KB). Loaded Objects now: 3802.
Memory consumption went from 135.3 MB to 135.3 MB.
Total: 2.708500 ms (FindLiveObjects: 0.283200 ms CreateObjectMapping: 0.080600 ms MarkObjects: 2.300600 ms  DeleteObjects: 0.042900 ms)

Prepare: number of updated asset objects reloaded= 0
AssetImportParameters requested are different than current active one (requested -> active):
  custom:container-demuxer-ogg: 62fdf1f143b41e24485cea50d1cbac27 -> 
  custom:scripting/monoscript/fileName/GameManager.cs: f6182d712e34e20e3202214886862cdb -> 9933fbcc6190e2a9171c2ec8808a053e
  custom:scripting/monoscript/fileName/Income.cs: 938d875b4ea58c05495f38a939171226 -> 
  custom:video-decoder-ogg-theora: a1e56fd34408186e4bbccfd4996cb3dc -> 
  custom:framework-win-MediaFoundation: 216162199b28c13a410421893ffa2e32 -> 
  custom:scripting/monoscript/fileName/Tower.cs: 0e51d5638e1e2b20f04394d6225c671a -> 16583eaf01662413665c0a8803428cd6
  custom:CustomObjectIndexerAttribute: 9a22284fe3817be447336de3de66b15e -> 
  custom:scripting/monoscript/fileName/Readme.cs: 5aedf578fb2663036982fb7b05aaf325 -> 
  custom:scripting/monoscript/fileName/Tooltip.cs: b7163f69ad820c51a0cfd3387a68b1d4 -> efb4e7ecf4b2142538150f2477ca1e4e
  custom:container-demuxer-webm: 4f35f7cbe854078d1ac9338744f61a02 -> 
  custom:scripting/monoscript/fileName/GoldMine.cs: bab3e2ee0cdfb32214ea1458d0239fb0 -> 
  custom:scripting/monoscript/fileName/GatheringHous.cs: 6a29be3f36fcfccf43587dfd206bf4d9 -> 
  custom:container-muxer-webm: aa71ff27fc2769a1b78a27578f13a17b -> 
  custom:scripting/monoscript/fileName/ReadmeEditor.cs: ff7ced1e41c1b99ddf5dfefc88f6bd50 -> 
  custom:video-decoder-webm-vp8: 9c59270c3fd7afecdb556c50c9e8de78 -> 
  custom:SearchIndexIgnoredProperties: e643bd26f0fe6173181afceb89e7c659 -> 
  custom:AudioImporter_EditorPlatform: d09bf68614088b80899f8185d706f6e7 -> 
  custom:scripting/monoscript/fileName/LumberMill.cs: c2d45524fbd0d6e9a670d983de5f81d7 -> 
  custom:scripting/monoscript/fileName/Slime.cs: e872c3a4bc36777cb1cc31d8379690c8 -> 05272bae05f111c6b0609e32e93d89d5
  custom:scripting/monoscript/fileName/Bar.cs: 890822e7dfd0f89892a6fd3ee944f62e -> 71c40e549b4fade8bed144aaff5a79ac
  custom:scripting/monoscript/fileName/TooltipManager.cs: 902a800de15a4facdbc6dbb1be6c1339 -> bc11dd805cb64c1c2f88cd7ae96fba24
  custom:video-encoder-webm-vp8: eb34c28f22e8b96e1ab97ce403110664 -> 
  custom:audio-decoder-ogg-vorbis: bf7c407c2cedff20999df2af8eb42d56 -> 
  custom:scripting/monoscript/fileName/Bullet.cs: 48ff13ede6c310cc0acf4a30e818a1de -> a4f5918e799041ba1f6608f13912eb8b
  custom:scripting/monoscript/fileName/TowerBuild.cs: 3807a8e615ef6a49dfd3f6bc5055a7a9 -> 9ea8b859a681512b782b9b3988d2f5f8
  custom:scripting/monoscript/fileName/Wave.cs: c8b913f1d5cb3bff026a08ce26c83aad -> 6e300e3b5d1a1dd15fa0115918e06e83
  custom:audio-encoder-webm-vorbis: bf7c407c2cedff20999df2af8eb42d56 -> 
  custom:scripting/monoscript/fileName/WaterReflection.cs: f1c57f2ce2c094032b710e8e5eb21bd7 -> 
  custom:scripting/monoscript/fileName/Tile.cs: e6480a408e34695897b31a69fad2b871 -> a94101d916c115d73aff3567a86e16d8
  custom:scripting/precompiled-assembly-types:Assembly-CSharp: e62b66366f159171f02e707cec416dc6 -> dff8c55d4e0e9ddc22cc808f571b8c31
========================================================================
Received Prepare
Caller must complete domain reload
Begin MonoManager ReloadAssembly
- Loaded All Assemblies, in  0.421 seconds
Native extension for WindowsStandalone target not found
Native extension for WebGL target not found
[Package Manager] Server::EnsureServerProcessIsRunning -- launch failed, reason: Unity was launched with the -noUpm command-line argument
[Package Manager] UpmClient::Send -- Unable to send message (not connected to UPM process).
[Package Manager] Cannot connect to Unity Package Manager local server
Mono: successfully reloaded assembly
- Finished resetting the current domain, in  0.919 seconds
Domain Reload Profiling: 1338ms
	BeginReloadAssembly (141ms)
		ExecutionOrderSort (0ms)
		DisableScriptedObjects (5ms)
		BackupInstance (0ms)
		ReleaseScriptingObjects (0ms)
		CreateAndSetChildDomain (29ms)
	RebuildCommonClasses (32ms)
	RebuildNativeTypeToScriptingClass (15ms)
	initialDomainReloadingComplete (32ms)
	LoadAllAssembliesAndSetupDomain (198ms)
		LoadAssemblies (262ms)
		RebuildTransferFunctionScriptingTraits (0ms)
		AnalyzeDomain (14ms)
			TypeCache.Refresh (6ms)
				TypeCache.ScanAssembly (0ms)
			ScanForSourceGeneratedMonoScriptInfo (0ms)
			ResolveRequiredComponents (6ms)
	FinalizeReload (920ms)
		ReleaseScriptCaches (0ms)
		RebuildScriptCaches (0ms)
		SetupLoadedEditorAssemblies (448ms)
			LogAssemblyErrors (0ms)
			InitializePlatformSupportModulesInManaged (8ms)
			SetLoadedEditorAssemblies (4ms)
			RefreshPlugins (0ms)
			BeforeProcessingInitializeOnLoad (63ms)
			ProcessInitializeOnLoadAttributes (343ms)
			ProcessInitializeOnLoadMethodAttributes (22ms)
			AfterProcessingInitializeOnLoad (9ms)
			EditorAssembliesLoaded (0ms)
		ExecutionOrderSort2 (0ms)
		AwakeInstancesAfterBackupRestoration (8ms)
Refreshing native plugins compatible for Editor in 3.04 ms, found 3 plugins.
Preloading 0 native plugins for Editor in 0.00 ms.
Unloading 3127 Unused Serialized files (Serialized files now loaded: 0)
Unloading 14 unused Assets / (28.6 KB). Loaded Objects now: 3805.
Memory consumption went from 135.3 MB to 135.3 MB.
Total: 2.730700 ms (FindLiveObjects: 0.330100 ms CreateObjectMapping: 0.076900 ms MarkObjects: 2.284900 ms  DeleteObjects: 0.037700 ms)

Prepare: number of updated asset objects reloaded= 0
AssetImportParameters requested are different than current active one (requested -> active):
  custom:container-demuxer-ogg: 62fdf1f143b41e24485cea50d1cbac27 -> 
  custom:scripting/monoscript/fileName/GameManager.cs: f6182d712e34e20e3202214886862cdb -> 9933fbcc6190e2a9171c2ec8808a053e
  custom:scripting/monoscript/fileName/Income.cs: 938d875b4ea58c05495f38a939171226 -> 
  custom:video-decoder-ogg-theora: a1e56fd34408186e4bbccfd4996cb3dc -> 
  custom:framework-win-MediaFoundation: 216162199b28c13a410421893ffa2e32 -> 
  custom:scripting/monoscript/fileName/Tower.cs: 0e51d5638e1e2b20f04394d6225c671a -> 16583eaf01662413665c0a8803428cd6
  custom:CustomObjectIndexerAttribute: 9a22284fe3817be447336de3de66b15e -> 
  custom:scripting/monoscript/fileName/Readme.cs: 5aedf578fb2663036982fb7b05aaf325 -> 
  custom:scripting/monoscript/fileName/Tooltip.cs: b7163f69ad820c51a0cfd3387a68b1d4 -> efb4e7ecf4b2142538150f2477ca1e4e
  custom:container-demuxer-webm: 4f35f7cbe854078d1ac9338744f61a02 -> 
  custom:scripting/monoscript/fileName/GoldMine.cs: bab3e2ee0cdfb32214ea1458d0239fb0 -> 
  custom:scripting/monoscript/fileName/GatheringHous.cs: 6a29be3f36fcfccf43587dfd206bf4d9 -> 
  custom:container-muxer-webm: aa71ff27fc2769a1b78a27578f13a17b -> 
  custom:scripting/monoscript/fileName/ReadmeEditor.cs: ff7ced1e41c1b99ddf5dfefc88f6bd50 -> 
  custom:video-decoder-webm-vp8: 9c59270c3fd7afecdb556c50c9e8de78 -> 
  custom:SearchIndexIgnoredProperties: e643bd26f0fe6173181afceb89e7c659 -> 
  custom:AudioImporter_EditorPlatform: d09bf68614088b80899f8185d706f6e7 -> 
  custom:scripting/monoscript/fileName/LumberMill.cs: c2d45524fbd0d6e9a670d983de5f81d7 -> 
  custom:scripting/monoscript/fileName/Slime.cs: e872c3a4bc36777cb1cc31d8379690c8 -> 05272bae05f111c6b0609e32e93d89d5
  custom:scripting/monoscript/fileName/Bar.cs: 890822e7dfd0f89892a6fd3ee944f62e -> 71c40e549b4fade8bed144aaff5a79ac
  custom:scripting/monoscript/fileName/TooltipManager.cs: 902a800de15a4facdbc6dbb1be6c1339 -> bc11dd805cb64c1c2f88cd7ae96fba24
  custom:video-encoder-webm-vp8: eb34c28f22e8b96e1ab97ce403110664 -> 
  custom:audio-decoder-ogg-vorbis: bf7c407c2cedff20999df2af8eb42d56 -> 
  custom:scripting/monoscript/fileName/Bullet.cs: 48ff13ede6c310cc0acf4a30e818a1de -> a4f5918e799041ba1f6608f13912eb8b
  custom:scripting/monoscript/fileName/TowerBuild.cs: 3807a8e615ef6a49dfd3f6bc5055a7a9 -> 9ea8b859a681512b782b9b3988d2f5f8
  custom:scripting/monoscript/fileName/Wave.cs: c8b913f1d5cb3bff026a08ce26c83aad -> 6e300e3b5d1a1dd15fa0115918e06e83
  custom:audio-encoder-webm-vorbis: bf7c407c2cedff20999df2af8eb42d56 -> 
  custom:scripting/monoscript/fileName/WaterReflection.cs: f1c57f2ce2c094032b710e8e5eb21bd7 -> 
  custom:scripting/monoscript/fileName/Tile.cs: e6480a408e34695897b31a69fad2b871 -> a94101d916c115d73aff3567a86e16d8
  custom:scripting/precompiled-assembly-types:Assembly-CSharp: e62b66366f159171f02e707cec416dc6 -> dff8c55d4e0e9ddc22cc808f571b8c31
========================================================================
Received Prepare
Caller must complete domain reload
Begin MonoManager ReloadAssembly
- Loaded All Assemblies, in  0.469 seconds
Native extension for WindowsStandalone target not found
Native extension for WebGL target not found
[Package Manager] Server::EnsureServerProcessIsRunning -- launch failed, reason: Unity was launched with the -noUpm command-line argument
[Package Manager] UpmClient::Send -- Unable to send message (not connected to UPM process).
[Package Manager] Cannot connect to Unity Package Manager local server
Mono: successfully reloaded assembly
- Finished resetting the current domain, in  0.881 seconds
Domain Reload Profiling: 1349ms
	BeginReloadAssembly (185ms)
		ExecutionOrderSort (0ms)
		DisableScriptedObjects (5ms)
		BackupInstance (0ms)
		ReleaseScriptingObjects (0ms)
		CreateAndSetChildDomain (34ms)
	RebuildCommonClasses (35ms)
	RebuildNativeTypeToScriptingClass (12ms)
	initialDomainReloadingComplete (32ms)
	LoadAllAssembliesAndSetupDomain (203ms)
		LoadAssemblies (286ms)
		RebuildTransferFunctionScriptingTraits (0ms)
		AnalyzeDomain (23ms)
			TypeCache.Refresh (9ms)
				TypeCache.ScanAssembly (1ms)
			ScanForSourceGeneratedMonoScriptInfo (6ms)
			ResolveRequiredComponents (6ms)
	FinalizeReload (882ms)
		ReleaseScriptCaches (0ms)
		RebuildScriptCaches (0ms)
		SetupLoadedEditorAssemblies (423ms)
			LogAssemblyErrors (0ms)
			InitializePlatformSupportModulesInManaged (8ms)
			SetLoadedEditorAssemblies (3ms)
			RefreshPlugins (0ms)
			BeforeProcessingInitializeOnLoad (57ms)
			ProcessInitializeOnLoadAttributes (327ms)
			ProcessInitializeOnLoadMethodAttributes (21ms)
			AfterProcessingInitializeOnLoad (8ms)
			EditorAssembliesLoaded (0ms)
		ExecutionOrderSort2 (0ms)
		AwakeInstancesAfterBackupRestoration (6ms)
Refreshing native plugins compatible for Editor in 3.31 ms, found 3 plugins.
Preloading 0 native plugins for Editor in 0.00 ms.
Unloading 3127 Unused Serialized files (Serialized files now loaded: 0)
Unloading 14 unused Assets / (28.6 KB). Loaded Objects now: 3808.
Memory consumption went from 135.3 MB to 135.3 MB.
Total: 2.814300 ms (FindLiveObjects: 0.342900 ms CreateObjectMapping: 0.078300 ms MarkObjects: 2.345500 ms  DeleteObjects: 0.046300 ms)

Prepare: number of updated asset objects reloaded= 0
AssetImportParameters requested are different than current active one (requested -> active):
  custom:container-demuxer-ogg: 62fdf1f143b41e24485cea50d1cbac27 -> 
  custom:scripting/monoscript/fileName/GameManager.cs: f6182d712e34e20e3202214886862cdb -> 9933fbcc6190e2a9171c2ec8808a053e
  custom:scripting/monoscript/fileName/Income.cs: 938d875b4ea58c05495f38a939171226 -> 
  custom:video-decoder-ogg-theora: a1e56fd34408186e4bbccfd4996cb3dc -> 
  custom:framework-win-MediaFoundation: 216162199b28c13a410421893ffa2e32 -> 
  custom:scripting/monoscript/fileName/Tower.cs: 0e51d5638e1e2b20f04394d6225c671a -> 16583eaf01662413665c0a8803428cd6
  custom:CustomObjectIndexerAttribute: 9a22284fe3817be447336de3de66b15e -> 
  custom:scripting/monoscript/fileName/Readme.cs: 5aedf578fb2663036982fb7b05aaf325 -> 
  custom:scripting/monoscript/fileName/Tooltip.cs: b7163f69ad820c51a0cfd3387a68b1d4 -> efb4e7ecf4b2142538150f2477ca1e4e
  custom:container-demuxer-webm: 4f35f7cbe854078d1ac9338744f61a02 -> 
  custom:scripting/monoscript/fileName/GoldMine.cs: bab3e2ee0cdfb32214ea1458d0239fb0 -> 
  custom:scripting/monoscript/fileName/GatheringHous.cs: 6a29be3f36fcfccf43587dfd206bf4d9 -> 
  custom:container-muxer-webm: aa71ff27fc2769a1b78a27578f13a17b -> 
  custom:scripting/monoscript/fileName/ReadmeEditor.cs: ff7ced1e41c1b99ddf5dfefc88f6bd50 -> 
  custom:video-decoder-webm-vp8: 9c59270c3fd7afecdb556c50c9e8de78 -> 
  custom:SearchIndexIgnoredProperties: e643bd26f0fe6173181afceb89e7c659 -> 
  custom:AudioImporter_EditorPlatform: d09bf68614088b80899f8185d706f6e7 -> 
  custom:scripting/monoscript/fileName/LumberMill.cs: c2d45524fbd0d6e9a670d983de5f81d7 -> 
  custom:scripting/monoscript/fileName/Slime.cs: e872c3a4bc36777cb1cc31d8379690c8 -> 05272bae05f111c6b0609e32e93d89d5
  custom:scripting/monoscript/fileName/Bar.cs: 890822e7dfd0f89892a6fd3ee944f62e -> 71c40e549b4fade8bed144aaff5a79ac
  custom:scripting/monoscript/fileName/TooltipManager.cs: 902a800de15a4facdbc6dbb1be6c1339 -> bc11dd805cb64c1c2f88cd7ae96fba24
  custom:video-encoder-webm-vp8: eb34c28f22e8b96e1ab97ce403110664 -> 
  custom:audio-decoder-ogg-vorbis: bf7c407c2cedff20999df2af8eb42d56 -> 
  custom:scripting/monoscript/fileName/Bullet.cs: 48ff13ede6c310cc0acf4a30e818a1de -> a4f5918e799041ba1f6608f13912eb8b
  custom:scripting/monoscript/fileName/TowerBuild.cs: 3807a8e615ef6a49dfd3f6bc5055a7a9 -> 9ea8b859a681512b782b9b3988d2f5f8
  custom:scripting/monoscript/fileName/Wave.cs: c8b913f1d5cb3bff026a08ce26c83aad -> 6e300e3b5d1a1dd15fa0115918e06e83
  custom:audio-encoder-webm-vorbis: bf7c407c2cedff20999df2af8eb42d56 -> 
  custom:scripting/monoscript/fileName/WaterReflection.cs: f1c57f2ce2c094032b710e8e5eb21bd7 -> 
  custom:scripting/monoscript/fileName/Tile.cs: e6480a408e34695897b31a69fad2b871 -> a94101d916c115d73aff3567a86e16d8
  custom:scripting/precompiled-assembly-types:Assembly-CSharp: e62b66366f159171f02e707cec416dc6 -> dff8c55d4e0e9ddc22cc808f571b8c31
========================================================================
Received Prepare
Caller must complete domain reload
Begin MonoManager ReloadAssembly
- Loaded All Assemblies, in  0.399 seconds
Native extension for WindowsStandalone target not found
Native extension for WebGL target not found
[Package Manager] Server::EnsureServerProcessIsRunning -- launch failed, reason: Unity was launched with the -noUpm command-line argument
[Package Manager] UpmClient::Send -- Unable to send message (not connected to UPM process).
[Package Manager] Cannot connect to Unity Package Manager local server
Mono: successfully reloaded assembly
- Finished resetting the current domain, in  0.914 seconds
Domain Reload Profiling: 1311ms
	BeginReloadAssembly (134ms)
		ExecutionOrderSort (0ms)
		DisableScriptedObjects (5ms)
		BackupInstance (0ms)
		ReleaseScriptingObjects (0ms)
		CreateAndSetChildDomain (27ms)
	RebuildCommonClasses (32ms)
	RebuildNativeTypeToScriptingClass (11ms)
	initialDomainReloadingComplete (30ms)
	LoadAllAssembliesAndSetupDomain (189ms)
		LoadAssemblies (248ms)
		RebuildTransferFunctionScriptingTraits (0ms)
		AnalyzeDomain (13ms)
			TypeCache.Refresh (6ms)
				TypeCache.ScanAssembly (0ms)
			ScanForSourceGeneratedMonoScriptInfo (0ms)
			ResolveRequiredComponents (6ms)
	FinalizeReload (914ms)
		ReleaseScriptCaches (0ms)
		RebuildScriptCaches (0ms)
		SetupLoadedEditorAssemblies (458ms)
			LogAssemblyErrors (0ms)
			InitializePlatformSupportModulesInManaged (8ms)
			SetLoadedEditorAssemblies (3ms)
			RefreshPlugins (0ms)
			BeforeProcessingInitializeOnLoad (61ms)
			ProcessInitializeOnLoadAttributes (356ms)
			ProcessInitializeOnLoadMethodAttributes (21ms)
			AfterProcessingInitializeOnLoad (8ms)
			EditorAssembliesLoaded (0ms)
		ExecutionOrderSort2 (0ms)
		AwakeInstancesAfterBackupRestoration (7ms)
Refreshing native plugins compatible for Editor in 3.36 ms, found 3 plugins.
Preloading 0 native plugins for Editor in 0.00 ms.
Unloading 3127 Unused Serialized files (Serialized files now loaded: 0)
Unloading 14 unused Assets / (28.8 KB). Loaded Objects now: 3811.
Memory consumption went from 135.3 MB to 135.3 MB.
Total: 2.831400 ms (FindLiveObjects: 0.338000 ms CreateObjectMapping: 0.077400 ms MarkObjects: 2.371700 ms  DeleteObjects: 0.043300 ms)

Prepare: number of updated asset objects reloaded= 0
AssetImportParameters requested are different than current active one (requested -> active):
  custom:container-demuxer-ogg: 62fdf1f143b41e24485cea50d1cbac27 -> 
  custom:scripting/monoscript/fileName/GameManager.cs: f6182d712e34e20e3202214886862cdb -> 9933fbcc6190e2a9171c2ec8808a053e
  custom:scripting/monoscript/fileName/Income.cs: 938d875b4ea58c05495f38a939171226 -> 
  custom:video-decoder-ogg-theora: a1e56fd34408186e4bbccfd4996cb3dc -> 
  custom:framework-win-MediaFoundation: 216162199b28c13a410421893ffa2e32 -> 
  custom:scripting/monoscript/fileName/Tower.cs: 0e51d5638e1e2b20f04394d6225c671a -> 16583eaf01662413665c0a8803428cd6
  custom:CustomObjectIndexerAttribute: 9a22284fe3817be447336de3de66b15e -> 
  custom:scripting/monoscript/fileName/Readme.cs: 5aedf578fb2663036982fb7b05aaf325 -> 
  custom:scripting/monoscript/fileName/Tooltip.cs: b7163f69ad820c51a0cfd3387a68b1d4 -> efb4e7ecf4b2142538150f2477ca1e4e
  custom:container-demuxer-webm: 4f35f7cbe854078d1ac9338744f61a02 -> 
  custom:scripting/monoscript/fileName/GoldMine.cs: bab3e2ee0cdfb32214ea1458d0239fb0 -> 
  custom:scripting/monoscript/fileName/GatheringHous.cs: 6a29be3f36fcfccf43587dfd206bf4d9 -> 
  custom:container-muxer-webm: aa71ff27fc2769a1b78a27578f13a17b -> 
  custom:scripting/monoscript/fileName/ReadmeEditor.cs: ff7ced1e41c1b99ddf5dfefc88f6bd50 -> 
  custom:video-decoder-webm-vp8: 9c59270c3fd7afecdb556c50c9e8de78 -> 
  custom:SearchIndexIgnoredProperties: e643bd26f0fe6173181afceb89e7c659 -> 
  custom:AudioImporter_EditorPlatform: d09bf68614088b80899f8185d706f6e7 -> 
  custom:scripting/monoscript/fileName/LumberMill.cs: c2d45524fbd0d6e9a670d983de5f81d7 -> 
  custom:scripting/monoscript/fileName/Slime.cs: e872c3a4bc36777cb1cc31d8379690c8 -> 05272bae05f111c6b0609e32e93d89d5
  custom:scripting/monoscript/fileName/Bar.cs: 890822e7dfd0f89892a6fd3ee944f62e -> 71c40e549b4fade8bed144aaff5a79ac
  custom:scripting/monoscript/fileName/TooltipManager.cs: 902a800de15a4facdbc6dbb1be6c1339 -> bc11dd805cb64c1c2f88cd7ae96fba24
  custom:video-encoder-webm-vp8: eb34c28f22e8b96e1ab97ce403110664 -> 
  custom:audio-decoder-ogg-vorbis: bf7c407c2cedff20999df2af8eb42d56 -> 
  custom:scripting/monoscript/fileName/Bullet.cs: 48ff13ede6c310cc0acf4a30e818a1de -> a4f5918e799041ba1f6608f13912eb8b
  custom:scripting/monoscript/fileName/TowerBuild.cs: 3807a8e615ef6a49dfd3f6bc5055a7a9 -> 9ea8b859a681512b782b9b3988d2f5f8
  custom:scripting/monoscript/fileName/Wave.cs: c8b913f1d5cb3bff026a08ce26c83aad -> 6e300e3b5d1a1dd15fa0115918e06e83
  custom:audio-encoder-webm-vorbis: bf7c407c2cedff20999df2af8eb42d56 -> 
  custom:scripting/monoscript/fileName/WaterReflection.cs: f1c57f2ce2c094032b710e8e5eb21bd7 -> 
  custom:scripting/monoscript/fileName/Tile.cs: e6480a408e34695897b31a69fad2b871 -> a94101d916c115d73aff3567a86e16d8
  custom:scripting/precompiled-assembly-types:Assembly-CSharp: e62b66366f159171f02e707cec416dc6 -> dff8c55d4e0e9ddc22cc808f571b8c31
========================================================================
Received Prepare
Caller must complete domain reload
Begin MonoManager ReloadAssembly
- Loaded All Assemblies, in  0.512 seconds
Native extension for WindowsStandalone target not found
Native extension for WebGL target not found
[Package Manager] Server::EnsureServerProcessIsRunning -- launch failed, reason: Unity was launched with the -noUpm command-line argument
[Package Manager] UpmClient::Send -- Unable to send message (not connected to UPM process).
[Package Manager] Cannot connect to Unity Package Manager local server
Mono: successfully reloaded assembly
- Finished resetting the current domain, in  0.923 seconds
Domain Reload Profiling: 1432ms
	BeginReloadAssembly (203ms)
		ExecutionOrderSort (0ms)
		DisableScriptedObjects (5ms)
		BackupInstance (0ms)
		ReleaseScriptingObjects (0ms)
		CreateAndSetChildDomain (34ms)
	RebuildCommonClasses (34ms)
	RebuildNativeTypeToScriptingClass (12ms)
	initialDomainReloadingComplete (30ms)
	LoadAllAssembliesAndSetupDomain (231ms)
		LoadAssemblies (324ms)
		RebuildTransferFunctionScriptingTraits (0ms)
		AnalyzeDomain (23ms)
			TypeCache.Refresh (9ms)
				TypeCache.ScanAssembly (1ms)
			ScanForSourceGeneratedMonoScriptInfo (6ms)
			ResolveRequiredComponents (6ms)
	FinalizeReload (923ms)
		ReleaseScriptCaches (0ms)
		RebuildScriptCaches (0ms)
		SetupLoadedEditorAssemblies (442ms)
			LogAssemblyErrors (0ms)
			InitializePlatformSupportModulesInManaged (8ms)
			SetLoadedEditorAssemblies (3ms)
			RefreshPlugins (0ms)
			BeforeProcessingInitializeOnLoad (62ms)
			ProcessInitializeOnLoadAttributes (343ms)
			ProcessInitializeOnLoadMethodAttributes (20ms)
			AfterProcessingInitializeOnLoad (8ms)
			EditorAssembliesLoaded (0ms)
		ExecutionOrderSort2 (0ms)
		AwakeInstancesAfterBackupRestoration (6ms)
Refreshing native plugins compatible for Editor in 3.68 ms, found 3 plugins.
Preloading 0 native plugins for Editor in 0.00 ms.
Unloading 3127 Unused Serialized files (Serialized files now loaded: 0)
Unloading 14 unused Assets / (28.6 KB). Loaded Objects now: 3814.
Memory consumption went from 135.3 MB to 135.3 MB.
Total: 3.777400 ms (FindLiveObjects: 0.574600 ms CreateObjectMapping: 0.116200 ms MarkObjects: 3.026500 ms  DeleteObjects: 0.058900 ms)

Prepare: number of updated asset objects reloaded= 0
AssetImportParameters requested are different than current active one (requested -> active):
  custom:container-demuxer-ogg: 62fdf1f143b41e24485cea50d1cbac27 -> 
  custom:scripting/monoscript/fileName/GameManager.cs: f6182d712e34e20e3202214886862cdb -> 9933fbcc6190e2a9171c2ec8808a053e
  custom:scripting/monoscript/fileName/Income.cs: 938d875b4ea58c05495f38a939171226 -> 
  custom:video-decoder-ogg-theora: a1e56fd34408186e4bbccfd4996cb3dc -> 
  custom:framework-win-MediaFoundation: 216162199b28c13a410421893ffa2e32 -> 
  custom:scripting/monoscript/fileName/Tower.cs: 0e51d5638e1e2b20f04394d6225c671a -> 16583eaf01662413665c0a8803428cd6
  custom:CustomObjectIndexerAttribute: 9a22284fe3817be447336de3de66b15e -> 
  custom:scripting/monoscript/fileName/Readme.cs: 5aedf578fb2663036982fb7b05aaf325 -> 
  custom:scripting/monoscript/fileName/Tooltip.cs: b7163f69ad820c51a0cfd3387a68b1d4 -> efb4e7ecf4b2142538150f2477ca1e4e
  custom:container-demuxer-webm: 4f35f7cbe854078d1ac9338744f61a02 -> 
  custom:scripting/monoscript/fileName/GoldMine.cs: bab3e2ee0cdfb32214ea1458d0239fb0 -> 
  custom:scripting/monoscript/fileName/GatheringHous.cs: 6a29be3f36fcfccf43587dfd206bf4d9 -> 
  custom:container-muxer-webm: aa71ff27fc2769a1b78a27578f13a17b -> 
  custom:scripting/monoscript/fileName/ReadmeEditor.cs: ff7ced1e41c1b99ddf5dfefc88f6bd50 -> 
  custom:video-decoder-webm-vp8: 9c59270c3fd7afecdb556c50c9e8de78 -> 
  custom:SearchIndexIgnoredProperties: e643bd26f0fe6173181afceb89e7c659 -> 
  custom:AudioImporter_EditorPlatform: d09bf68614088b80899f8185d706f6e7 -> 
  custom:scripting/monoscript/fileName/LumberMill.cs: c2d45524fbd0d6e9a670d983de5f81d7 -> 
  custom:scripting/monoscript/fileName/Slime.cs: e872c3a4bc36777cb1cc31d8379690c8 -> 05272bae05f111c6b0609e32e93d89d5
  custom:scripting/monoscript/fileName/Bar.cs: 890822e7dfd0f89892a6fd3ee944f62e -> 71c40e549b4fade8bed144aaff5a79ac
  custom:scripting/monoscript/fileName/TooltipManager.cs: 902a800de15a4facdbc6dbb1be6c1339 -> bc11dd805cb64c1c2f88cd7ae96fba24
  custom:video-encoder-webm-vp8: eb34c28f22e8b96e1ab97ce403110664 -> 
  custom:audio-decoder-ogg-vorbis: bf7c407c2cedff20999df2af8eb42d56 -> 
  custom:scripting/monoscript/fileName/Bullet.cs: 48ff13ede6c310cc0acf4a30e818a1de -> a4f5918e799041ba1f6608f13912eb8b
  custom:scripting/monoscript/fileName/TowerBuild.cs: 3807a8e615ef6a49dfd3f6bc5055a7a9 -> 9ea8b859a681512b782b9b3988d2f5f8
  custom:scripting/monoscript/fileName/Wave.cs: c8b913f1d5cb3bff026a08ce26c83aad -> 6e300e3b5d1a1dd15fa0115918e06e83
  custom:audio-encoder-webm-vorbis: bf7c407c2cedff20999df2af8eb42d56 -> 
  custom:scripting/monoscript/fileName/WaterReflection.cs: f1c57f2ce2c094032b710e8e5eb21bd7 -> 
  custom:scripting/monoscript/fileName/Tile.cs: e6480a408e34695897b31a69fad2b871 -> a94101d916c115d73aff3567a86e16d8
  custom:scripting/precompiled-assembly-types:Assembly-CSharp: e62b66366f159171f02e707cec416dc6 -> dff8c55d4e0e9ddc22cc808f571b8c31
========================================================================
Received Prepare
Caller must complete domain reload
Begin MonoManager ReloadAssembly
- Loaded All Assemblies, in  0.421 seconds
Native extension for WindowsStandalone target not found
Native extension for WebGL target not found
[Package Manager] Server::EnsureServerProcessIsRunning -- launch failed, reason: Unity was launched with the -noUpm command-line argument
[Package Manager] UpmClient::Send -- Unable to send message (not connected to UPM process).
[Package Manager] Cannot connect to Unity Package Manager local server
Mono: successfully reloaded assembly
- Finished resetting the current domain, in  0.908 seconds
Domain Reload Profiling: 1328ms
	BeginReloadAssembly (148ms)
		ExecutionOrderSort (0ms)
		DisableScriptedObjects (5ms)
		BackupInstance (0ms)
		ReleaseScriptingObjects (0ms)
		CreateAndSetChildDomain (28ms)
	RebuildCommonClasses (33ms)
	RebuildNativeTypeToScriptingClass (14ms)
	initialDomainReloadingComplete (31ms)
	LoadAllAssembliesAndSetupDomain (193ms)
		LoadAssemblies (265ms)
		RebuildTransferFunctionScriptingTraits (0ms)
		AnalyzeDomain (13ms)
			TypeCache.Refresh (5ms)
				TypeCache.ScanAssembly (0ms)
			ScanForSourceGeneratedMonoScriptInfo (0ms)
			ResolveRequiredComponents (6ms)
	FinalizeReload (909ms)
		ReleaseScriptCaches (0ms)
		RebuildScriptCaches (0ms)
		SetupLoadedEditorAssemblies (450ms)
			LogAssemblyErrors (0ms)
			InitializePlatformSupportModulesInManaged (9ms)
			SetLoadedEditorAssemblies (3ms)
			RefreshPlugins (0ms)
			BeforeProcessingInitializeOnLoad (65ms)
			ProcessInitializeOnLoadAttributes (345ms)
			ProcessInitializeOnLoadMethodAttributes (21ms)
			AfterProcessingInitializeOnLoad (8ms)
			EditorAssembliesLoaded (0ms)
		ExecutionOrderSort2 (0ms)
		AwakeInstancesAfterBackupRestoration (7ms)
Refreshing native plugins compatible for Editor in 3.47 ms, found 3 plugins.
Preloading 0 native plugins for Editor in 0.00 ms.
Unloading 3127 Unused Serialized files (Serialized files now loaded: 0)
Unloading 14 unused Assets / (28.6 KB). Loaded Objects now: 3817.
Memory consumption went from 135.3 MB to 135.3 MB.
Total: 2.792700 ms (FindLiveObjects: 0.354600 ms CreateObjectMapping: 0.076400 ms MarkObjects: 2.316700 ms  DeleteObjects: 0.043700 ms)

Prepare: number of updated asset objects reloaded= 0
AssetImportParameters requested are different than current active one (requested -> active):
  custom:container-demuxer-ogg: 62fdf1f143b41e24485cea50d1cbac27 -> 
  custom:scripting/monoscript/fileName/GameManager.cs: f6182d712e34e20e3202214886862cdb -> 9933fbcc6190e2a9171c2ec8808a053e
  custom:scripting/monoscript/fileName/Income.cs: 938d875b4ea58c05495f38a939171226 -> 
  custom:video-decoder-ogg-theora: a1e56fd34408186e4bbccfd4996cb3dc -> 
  custom:framework-win-MediaFoundation: 216162199b28c13a410421893ffa2e32 -> 
  custom:scripting/monoscript/fileName/Tower.cs: 0e51d5638e1e2b20f04394d6225c671a -> 16583eaf01662413665c0a8803428cd6
  custom:CustomObjectIndexerAttribute: 9a22284fe3817be447336de3de66b15e -> 
  custom:scripting/monoscript/fileName/Readme.cs: 5aedf578fb2663036982fb7b05aaf325 -> 
  custom:scripting/monoscript/fileName/Tooltip.cs: b7163f69ad820c51a0cfd3387a68b1d4 -> efb4e7ecf4b2142538150f2477ca1e4e
  custom:container-demuxer-webm: 4f35f7cbe854078d1ac9338744f61a02 -> 
  custom:scripting/monoscript/fileName/GoldMine.cs: bab3e2ee0cdfb32214ea1458d0239fb0 -> 
  custom:scripting/monoscript/fileName/GatheringHous.cs: 6a29be3f36fcfccf43587dfd206bf4d9 -> 
  custom:container-muxer-webm: aa71ff27fc2769a1b78a27578f13a17b -> 
  custom:scripting/monoscript/fileName/ReadmeEditor.cs: ff7ced1e41c1b99ddf5dfefc88f6bd50 -> 
  custom:video-decoder-webm-vp8: 9c59270c3fd7afecdb556c50c9e8de78 -> 
  custom:SearchIndexIgnoredProperties: e643bd26f0fe6173181afceb89e7c659 -> 
  custom:AudioImporter_EditorPlatform: d09bf68614088b80899f8185d706f6e7 -> 
  custom:scripting/monoscript/fileName/LumberMill.cs: c2d45524fbd0d6e9a670d983de5f81d7 -> 
  custom:scripting/monoscript/fileName/Slime.cs: e872c3a4bc36777cb1cc31d8379690c8 -> 05272bae05f111c6b0609e32e93d89d5
  custom:scripting/monoscript/fileName/Bar.cs: 890822e7dfd0f89892a6fd3ee944f62e -> 71c40e549b4fade8bed144aaff5a79ac
  custom:scripting/monoscript/fileName/TooltipManager.cs: 902a800de15a4facdbc6dbb1be6c1339 -> bc11dd805cb64c1c2f88cd7ae96fba24
  custom:video-encoder-webm-vp8: eb34c28f22e8b96e1ab97ce403110664 -> 
  custom:audio-decoder-ogg-vorbis: bf7c407c2cedff20999df2af8eb42d56 -> 
  custom:scripting/monoscript/fileName/Bullet.cs: 48ff13ede6c310cc0acf4a30e818a1de -> a4f5918e799041ba1f6608f13912eb8b
  custom:scripting/monoscript/fileName/TowerBuild.cs: 3807a8e615ef6a49dfd3f6bc5055a7a9 -> 9ea8b859a681512b782b9b3988d2f5f8
  custom:scripting/monoscript/fileName/Wave.cs: c8b913f1d5cb3bff026a08ce26c83aad -> 6e300e3b5d1a1dd15fa0115918e06e83
  custom:audio-encoder-webm-vorbis: bf7c407c2cedff20999df2af8eb42d56 -> 
  custom:scripting/monoscript/fileName/WaterReflection.cs: f1c57f2ce2c094032b710e8e5eb21bd7 -> 
  custom:scripting/monoscript/fileName/Tile.cs: e6480a408e34695897b31a69fad2b871 -> a94101d916c115d73aff3567a86e16d8
  custom:scripting/precompiled-assembly-types:Assembly-CSharp: e62b66366f159171f02e707cec416dc6 -> dff8c55d4e0e9ddc22cc808f571b8c31
========================================================================
Received Prepare
Caller must complete domain reload
Begin MonoManager ReloadAssembly
- Loaded All Assemblies, in  0.492 seconds
Native extension for WindowsStandalone target not found
Native extension for WebGL target not found
[Package Manager] Server::EnsureServerProcessIsRunning -- launch failed, reason: Unity was launched with the -noUpm command-line argument
[Package Manager] UpmClient::Send -- Unable to send message (not connected to UPM process).
[Package Manager] Cannot connect to Unity Package Manager local server
Mono: successfully reloaded assembly
- Finished resetting the current domain, in  0.882 seconds
Domain Reload Profiling: 1371ms
	BeginReloadAssembly (204ms)
		ExecutionOrderSort (0ms)
		DisableScriptedObjects (4ms)
		BackupInstance (0ms)
		ReleaseScriptingObjects (0ms)
		CreateAndSetChildDomain (32ms)
	RebuildCommonClasses (32ms)
	RebuildNativeTypeToScriptingClass (11ms)
	initialDomainReloadingComplete (31ms)
	LoadAllAssembliesAndSetupDomain (210ms)
		LoadAssemblies (306ms)
		RebuildTransferFunctionScriptingTraits (0ms)
		AnalyzeDomain (27ms)
			TypeCache.Refresh (10ms)
				TypeCache.ScanAssembly (1ms)
			ScanForSourceGeneratedMonoScriptInfo (9ms)
			ResolveRequiredComponents (7ms)
	FinalizeReload (883ms)
		ReleaseScriptCaches (0ms)
		RebuildScriptCaches (0ms)
		SetupLoadedEditorAssemblies (421ms)
			LogAssemblyErrors (0ms)
			InitializePlatformSupportModulesInManaged (8ms)
			SetLoadedEditorAssemblies (3ms)
			RefreshPlugins (0ms)
			BeforeProcessingInitializeOnLoad (58ms)
			ProcessInitializeOnLoadAttributes (325ms)
			ProcessInitializeOnLoadMethodAttributes (20ms)
			AfterProcessingInitializeOnLoad (7ms)
			EditorAssembliesLoaded (0ms)
		ExecutionOrderSort2 (0ms)
		AwakeInstancesAfterBackupRestoration (6ms)
Refreshing native plugins compatible for Editor in 3.77 ms, found 3 plugins.
Preloading 0 native plugins for Editor in 0.00 ms.
Unloading 3127 Unused Serialized files (Serialized files now loaded: 0)
Unloading 14 unused Assets / (28.7 KB). Loaded Objects now: 3820.
Memory consumption went from 135.3 MB to 135.3 MB.
Total: 3.001000 ms (FindLiveObjects: 0.393400 ms CreateObjectMapping: 0.080700 ms MarkObjects: 2.476900 ms  DeleteObjects: 0.048600 ms)

Prepare: number of updated asset objects reloaded= 0
AssetImportParameters requested are different than current active one (requested -> active):
  custom:container-demuxer-ogg: 62fdf1f143b41e24485cea50d1cbac27 -> 
  custom:scripting/monoscript/fileName/GameManager.cs: f6182d712e34e20e3202214886862cdb -> 9933fbcc6190e2a9171c2ec8808a053e
  custom:scripting/monoscript/fileName/Income.cs: 938d875b4ea58c05495f38a939171226 -> 
  custom:video-decoder-ogg-theora: a1e56fd34408186e4bbccfd4996cb3dc -> 
  custom:framework-win-MediaFoundation: 216162199b28c13a410421893ffa2e32 -> 
  custom:scripting/monoscript/fileName/Tower.cs: 0e51d5638e1e2b20f04394d6225c671a -> 16583eaf01662413665c0a8803428cd6
  custom:CustomObjectIndexerAttribute: 9a22284fe3817be447336de3de66b15e -> 
  custom:scripting/monoscript/fileName/Readme.cs: 5aedf578fb2663036982fb7b05aaf325 -> 
  custom:scripting/monoscript/fileName/Tooltip.cs: b7163f69ad820c51a0cfd3387a68b1d4 -> efb4e7ecf4b2142538150f2477ca1e4e
  custom:container-demuxer-webm: 4f35f7cbe854078d1ac9338744f61a02 -> 
  custom:scripting/monoscript/fileName/GoldMine.cs: bab3e2ee0cdfb32214ea1458d0239fb0 -> 
  custom:scripting/monoscript/fileName/GatheringHous.cs: 6a29be3f36fcfccf43587dfd206bf4d9 -> 
  custom:container-muxer-webm: aa71ff27fc2769a1b78a27578f13a17b -> 
  custom:scripting/monoscript/fileName/ReadmeEditor.cs: ff7ced1e41c1b99ddf5dfefc88f6bd50 -> 
  custom:video-decoder-webm-vp8: 9c59270c3fd7afecdb556c50c9e8de78 -> 
  custom:SearchIndexIgnoredProperties: e643bd26f0fe6173181afceb89e7c659 -> 
  custom:AudioImporter_EditorPlatform: d09bf68614088b80899f8185d706f6e7 -> 
  custom:scripting/monoscript/fileName/LumberMill.cs: c2d45524fbd0d6e9a670d983de5f81d7 -> 
  custom:scripting/monoscript/fileName/Slime.cs: e872c3a4bc36777cb1cc31d8379690c8 -> 05272bae05f111c6b0609e32e93d89d5
  custom:scripting/monoscript/fileName/Bar.cs: 890822e7dfd0f89892a6fd3ee944f62e -> 71c40e549b4fade8bed144aaff5a79ac
  custom:scripting/monoscript/fileName/TooltipManager.cs: 902a800de15a4facdbc6dbb1be6c1339 -> bc11dd805cb64c1c2f88cd7ae96fba24
  custom:video-encoder-webm-vp8: eb34c28f22e8b96e1ab97ce403110664 -> 
  custom:audio-decoder-ogg-vorbis: bf7c407c2cedff20999df2af8eb42d56 -> 
  custom:scripting/monoscript/fileName/Bullet.cs: 48ff13ede6c310cc0acf4a30e818a1de -> a4f5918e799041ba1f6608f13912eb8b
  custom:scripting/monoscript/fileName/TowerBuild.cs: 3807a8e615ef6a49dfd3f6bc5055a7a9 -> 9ea8b859a681512b782b9b3988d2f5f8
  custom:scripting/monoscript/fileName/Wave.cs: c8b913f1d5cb3bff026a08ce26c83aad -> 6e300e3b5d1a1dd15fa0115918e06e83
  custom:audio-encoder-webm-vorbis: bf7c407c2cedff20999df2af8eb42d56 -> 
  custom:scripting/monoscript/fileName/WaterReflection.cs: f1c57f2ce2c094032b710e8e5eb21bd7 -> 
  custom:scripting/monoscript/fileName/Tile.cs: e6480a408e34695897b31a69fad2b871 -> a94101d916c115d73aff3567a86e16d8
  custom:scripting/precompiled-assembly-types:Assembly-CSharp: e62b66366f159171f02e707cec416dc6 -> dff8c55d4e0e9ddc22cc808f571b8c31
========================================================================
Received Prepare
Caller must complete domain reload
Begin MonoManager ReloadAssembly
- Loaded All Assemblies, in  0.401 seconds
Native extension for WindowsStandalone target not found
Native extension for WebGL target not found
[Package Manager] Server::EnsureServerProcessIsRunning -- launch failed, reason: Unity was launched with the -noUpm command-line argument
[Package Manager] UpmClient::Send -- Unable to send message (not connected to UPM process).
[Package Manager] Cannot connect to Unity Package Manager local server
Mono: successfully reloaded assembly
- Finished resetting the current domain, in  0.921 seconds
Domain Reload Profiling: 1319ms
	BeginReloadAssembly (137ms)
		ExecutionOrderSort (0ms)
		DisableScriptedObjects (4ms)
		BackupInstance (0ms)
		ReleaseScriptingObjects (0ms)
		CreateAndSetChildDomain (27ms)
	RebuildCommonClasses (32ms)
	RebuildNativeTypeToScriptingClass (11ms)
	initialDomainReloadingComplete (28ms)
	LoadAllAssembliesAndSetupDomain (189ms)
		LoadAssemblies (250ms)
		RebuildTransferFunctionScriptingTraits (0ms)
		AnalyzeDomain (14ms)
			TypeCache.Refresh (6ms)
				TypeCache.ScanAssembly (0ms)
			ScanForSourceGeneratedMonoScriptInfo (0ms)
			ResolveRequiredComponents (6ms)
	FinalizeReload (922ms)
		ReleaseScriptCaches (0ms)
		RebuildScriptCaches (0ms)
		SetupLoadedEditorAssemblies (451ms)
			LogAssemblyErrors (0ms)
			InitializePlatformSupportModulesInManaged (8ms)
			SetLoadedEditorAssemblies (3ms)
			RefreshPlugins (0ms)
			BeforeProcessingInitializeOnLoad (62ms)
			ProcessInitializeOnLoadAttributes (348ms)
			ProcessInitializeOnLoadMethodAttributes (21ms)
			AfterProcessingInitializeOnLoad (8ms)
			EditorAssembliesLoaded (0ms)
		ExecutionOrderSort2 (0ms)
		AwakeInstancesAfterBackupRestoration (6ms)
Refreshing native plugins compatible for Editor in 3.44 ms, found 3 plugins.
Preloading 0 native plugins for Editor in 0.00 ms.
Unloading 3127 Unused Serialized files (Serialized files now loaded: 0)
Unloading 14 unused Assets / (28.7 KB). Loaded Objects now: 3823.
Memory consumption went from 135.3 MB to 135.3 MB.
Total: 2.962200 ms (FindLiveObjects: 0.424100 ms CreateObjectMapping: 0.109300 ms MarkObjects: 2.384000 ms  DeleteObjects: 0.043600 ms)

Prepare: number of updated asset objects reloaded= 0
AssetImportParameters requested are different than current active one (requested -> active):
  custom:container-demuxer-ogg: 62fdf1f143b41e24485cea50d1cbac27 -> 
  custom:scripting/monoscript/fileName/GameManager.cs: f6182d712e34e20e3202214886862cdb -> 9933fbcc6190e2a9171c2ec8808a053e
  custom:scripting/monoscript/fileName/Income.cs: 938d875b4ea58c05495f38a939171226 -> 
  custom:video-decoder-ogg-theora: a1e56fd34408186e4bbccfd4996cb3dc -> 
  custom:framework-win-MediaFoundation: 216162199b28c13a410421893ffa2e32 -> 
  custom:scripting/monoscript/fileName/Tower.cs: 0e51d5638e1e2b20f04394d6225c671a -> 16583eaf01662413665c0a8803428cd6
  custom:CustomObjectIndexerAttribute: 9a22284fe3817be447336de3de66b15e -> 
  custom:scripting/monoscript/fileName/Readme.cs: 5aedf578fb2663036982fb7b05aaf325 -> 
  custom:scripting/monoscript/fileName/Tooltip.cs: b7163f69ad820c51a0cfd3387a68b1d4 -> efb4e7ecf4b2142538150f2477ca1e4e
  custom:container-demuxer-webm: 4f35f7cbe854078d1ac9338744f61a02 -> 
  custom:scripting/monoscript/fileName/GoldMine.cs: bab3e2ee0cdfb32214ea1458d0239fb0 -> 
  custom:scripting/monoscript/fileName/GatheringHous.cs: 6a29be3f36fcfccf43587dfd206bf4d9 -> 
  custom:container-muxer-webm: aa71ff27fc2769a1b78a27578f13a17b -> 
  custom:scripting/monoscript/fileName/ReadmeEditor.cs: ff7ced1e41c1b99ddf5dfefc88f6bd50 -> 
  custom:video-decoder-webm-vp8: 9c59270c3fd7afecdb556c50c9e8de78 -> 
  custom:SearchIndexIgnoredProperties: e643bd26f0fe6173181afceb89e7c659 -> 
  custom:AudioImporter_EditorPlatform: d09bf68614088b80899f8185d706f6e7 -> 
  custom:scripting/monoscript/fileName/LumberMill.cs: c2d45524fbd0d6e9a670d983de5f81d7 -> 
  custom:scripting/monoscript/fileName/Slime.cs: e872c3a4bc36777cb1cc31d8379690c8 -> 05272bae05f111c6b0609e32e93d89d5
  custom:scripting/monoscript/fileName/Bar.cs: 890822e7dfd0f89892a6fd3ee944f62e -> 71c40e549b4fade8bed144aaff5a79ac
  custom:scripting/monoscript/fileName/TooltipManager.cs: 902a800de15a4facdbc6dbb1be6c1339 -> bc11dd805cb64c1c2f88cd7ae96fba24
  custom:video-encoder-webm-vp8: eb34c28f22e8b96e1ab97ce403110664 -> 
  custom:audio-decoder-ogg-vorbis: bf7c407c2cedff20999df2af8eb42d56 -> 
  custom:scripting/monoscript/fileName/Bullet.cs: 48ff13ede6c310cc0acf4a30e818a1de -> a4f5918e799041ba1f6608f13912eb8b
  custom:scripting/monoscript/fileName/TowerBuild.cs: 3807a8e615ef6a49dfd3f6bc5055a7a9 -> 9ea8b859a681512b782b9b3988d2f5f8
  custom:scripting/monoscript/fileName/Wave.cs: c8b913f1d5cb3bff026a08ce26c83aad -> 6e300e3b5d1a1dd15fa0115918e06e83
  custom:audio-encoder-webm-vorbis: bf7c407c2cedff20999df2af8eb42d56 -> 
  custom:scripting/monoscript/fileName/WaterReflection.cs: f1c57f2ce2c094032b710e8e5eb21bd7 -> 
  custom:scripting/monoscript/fileName/Tile.cs: e6480a408e34695897b31a69fad2b871 -> a94101d916c115d73aff3567a86e16d8
  custom:scripting/precompiled-assembly-types:Assembly-CSharp: e62b66366f159171f02e707cec416dc6 -> dff8c55d4e0e9ddc22cc808f571b8c31
========================================================================
Received Prepare
Caller must complete domain reload
Begin MonoManager ReloadAssembly
- Loaded All Assemblies, in  0.422 seconds
Native extension for WindowsStandalone target not found
Native extension for WebGL target not found
[Package Manager] Server::EnsureServerProcessIsRunning -- launch failed, reason: Unity was launched with the -noUpm command-line argument
[Package Manager] UpmClient::Send -- Unable to send message (not connected to UPM process).
[Package Manager] Cannot connect to Unity Package Manager local server
Mono: successfully reloaded assembly
- Finished resetting the current domain, in  0.959 seconds
Domain Reload Profiling: 1378ms
	BeginReloadAssembly (142ms)
		ExecutionOrderSort (0ms)
		DisableScriptedObjects (4ms)
		BackupInstance (0ms)
		ReleaseScriptingObjects (0ms)
		CreateAndSetChildDomain (30ms)
	RebuildCommonClasses (35ms)
	RebuildNativeTypeToScriptingClass (13ms)
	initialDomainReloadingComplete (28ms)
	LoadAllAssembliesAndSetupDomain (200ms)
		LoadAssemblies (264ms)
		RebuildTransferFunctionScriptingTraits (0ms)
		AnalyzeDomain (13ms)
			TypeCache.Refresh (5ms)
				TypeCache.ScanAssembly (0ms)
			ScanForSourceGeneratedMonoScriptInfo (0ms)
			ResolveRequiredComponents (5ms)
	FinalizeReload (959ms)
		ReleaseScriptCaches (0ms)
		RebuildScriptCaches (0ms)
		SetupLoadedEditorAssemblies (472ms)
			LogAssemblyErrors (0ms)
			InitializePlatformSupportModulesInManaged (9ms)
			SetLoadedEditorAssemblies (3ms)
			RefreshPlugins (0ms)
			BeforeProcessingInitializeOnLoad (66ms)
			ProcessInitializeOnLoadAttributes (363ms)
			ProcessInitializeOnLoadMethodAttributes (22ms)
			AfterProcessingInitializeOnLoad (9ms)
			EditorAssembliesLoaded (0ms)
		ExecutionOrderSort2 (0ms)
		AwakeInstancesAfterBackupRestoration (7ms)
Refreshing native plugins compatible for Editor in 3.12 ms, found 3 plugins.
Preloading 0 native plugins for Editor in 0.00 ms.
Unloading 3127 Unused Serialized files (Serialized files now loaded: 0)
Unloading 14 unused Assets / (28.7 KB). Loaded Objects now: 3826.
Memory consumption went from 135.3 MB to 135.3 MB.
Total: 2.783200 ms (FindLiveObjects: 0.324600 ms CreateObjectMapping: 0.088200 ms MarkObjects: 2.326900 ms  DeleteObjects: 0.042800 ms)

Prepare: number of updated asset objects reloaded= 0
AssetImportParameters requested are different than current active one (requested -> active):
  custom:container-demuxer-ogg: 62fdf1f143b41e24485cea50d1cbac27 -> 
  custom:scripting/monoscript/fileName/GameManager.cs: f6182d712e34e20e3202214886862cdb -> 9933fbcc6190e2a9171c2ec8808a053e
  custom:scripting/monoscript/fileName/Income.cs: 938d875b4ea58c05495f38a939171226 -> 
  custom:video-decoder-ogg-theora: a1e56fd34408186e4bbccfd4996cb3dc -> 
  custom:framework-win-MediaFoundation: 216162199b28c13a410421893ffa2e32 -> 
  custom:scripting/monoscript/fileName/Tower.cs: 0e51d5638e1e2b20f04394d6225c671a -> 16583eaf01662413665c0a8803428cd6
  custom:CustomObjectIndexerAttribute: 9a22284fe3817be447336de3de66b15e -> 
  custom:scripting/monoscript/fileName/Readme.cs: 5aedf578fb2663036982fb7b05aaf325 -> 
  custom:scripting/monoscript/fileName/Tooltip.cs: b7163f69ad820c51a0cfd3387a68b1d4 -> efb4e7ecf4b2142538150f2477ca1e4e
  custom:container-demuxer-webm: 4f35f7cbe854078d1ac9338744f61a02 -> 
  custom:scripting/monoscript/fileName/GoldMine.cs: bab3e2ee0cdfb32214ea1458d0239fb0 -> 
  custom:scripting/monoscript/fileName/GatheringHous.cs: 6a29be3f36fcfccf43587dfd206bf4d9 -> 
  custom:container-muxer-webm: aa71ff27fc2769a1b78a27578f13a17b -> 
  custom:scripting/monoscript/fileName/ReadmeEditor.cs: ff7ced1e41c1b99ddf5dfefc88f6bd50 -> 
  custom:video-decoder-webm-vp8: 9c59270c3fd7afecdb556c50c9e8de78 -> 
  custom:SearchIndexIgnoredProperties: e643bd26f0fe6173181afceb89e7c659 -> 
  custom:AudioImporter_EditorPlatform: d09bf68614088b80899f8185d706f6e7 -> 
  custom:scripting/monoscript/fileName/LumberMill.cs: c2d45524fbd0d6e9a670d983de5f81d7 -> 
  custom:scripting/monoscript/fileName/Slime.cs: e872c3a4bc36777cb1cc31d8379690c8 -> 05272bae05f111c6b0609e32e93d89d5
  custom:scripting/monoscript/fileName/Bar.cs: 890822e7dfd0f89892a6fd3ee944f62e -> 71c40e549b4fade8bed144aaff5a79ac
  custom:scripting/monoscript/fileName/TooltipManager.cs: 902a800de15a4facdbc6dbb1be6c1339 -> bc11dd805cb64c1c2f88cd7ae96fba24
  custom:video-encoder-webm-vp8: eb34c28f22e8b96e1ab97ce403110664 -> 
  custom:audio-decoder-ogg-vorbis: bf7c407c2cedff20999df2af8eb42d56 -> 
  custom:scripting/monoscript/fileName/Bullet.cs: 48ff13ede6c310cc0acf4a30e818a1de -> a4f5918e799041ba1f6608f13912eb8b
  custom:scripting/monoscript/fileName/TowerBuild.cs: 3807a8e615ef6a49dfd3f6bc5055a7a9 -> 9ea8b859a681512b782b9b3988d2f5f8
  custom:scripting/monoscript/fileName/Wave.cs: c8b913f1d5cb3bff026a08ce26c83aad -> 6e300e3b5d1a1dd15fa0115918e06e83
  custom:audio-encoder-webm-vorbis: bf7c407c2cedff20999df2af8eb42d56 -> 
  custom:scripting/monoscript/fileName/WaterReflection.cs: f1c57f2ce2c094032b710e8e5eb21bd7 -> 
  custom:scripting/monoscript/fileName/Tile.cs: e6480a408e34695897b31a69fad2b871 -> a94101d916c115d73aff3567a86e16d8
  custom:scripting/precompiled-assembly-types:Assembly-CSharp: e62b66366f159171f02e707cec416dc6 -> dff8c55d4e0e9ddc22cc808f571b8c31
========================================================================
Received Prepare
Caller must complete domain reload
Begin MonoManager ReloadAssembly
- Loaded All Assemblies, in  0.414 seconds
Native extension for WindowsStandalone target not found
Native extension for WebGL target not found
[Package Manager] Server::EnsureServerProcessIsRunning -- launch failed, reason: Unity was launched with the -noUpm command-line argument
[Package Manager] UpmClient::Send -- Unable to send message (not connected to UPM process).
[Package Manager] Cannot connect to Unity Package Manager local server
Mono: successfully reloaded assembly
- Finished resetting the current domain, in  0.907 seconds
Domain Reload Profiling: 1319ms
	BeginReloadAssembly (144ms)
		ExecutionOrderSort (0ms)
		DisableScriptedObjects (5ms)
		BackupInstance (0ms)
		ReleaseScriptingObjects (0ms)
		CreateAndSetChildDomain (27ms)
	RebuildCommonClasses (32ms)
	RebuildNativeTypeToScriptingClass (12ms)
	initialDomainReloadingComplete (28ms)
	LoadAllAssembliesAndSetupDomain (197ms)
		LoadAssemblies (253ms)
		RebuildTransferFunctionScriptingTraits (0ms)
		AnalyzeDomain (24ms)
			TypeCache.Refresh (11ms)
				TypeCache.ScanAssembly (1ms)
			ScanForSourceGeneratedMonoScriptInfo (6ms)
			ResolveRequiredComponents (5ms)
	FinalizeReload (907ms)
		ReleaseScriptCaches (0ms)
		RebuildScriptCaches (0ms)
		SetupLoadedEditorAssemblies (465ms)
			LogAssemblyErrors (0ms)
			InitializePlatformSupportModulesInManaged (8ms)
			SetLoadedEditorAssemblies (3ms)
			RefreshPlugins (0ms)
			BeforeProcessingInitializeOnLoad (56ms)
			ProcessInitializeOnLoadAttributes (304ms)
			ProcessInitializeOnLoadMethodAttributes (27ms)
			AfterProcessingInitializeOnLoad (67ms)
			EditorAssembliesLoaded (0ms)
		ExecutionOrderSort2 (0ms)
		AwakeInstancesAfterBackupRestoration (7ms)
Refreshing native plugins compatible for Editor in 2.92 ms, found 3 plugins.
Preloading 0 native plugins for Editor in 0.00 ms.
Unloading 3127 Unused Serialized files (Serialized files now loaded: 0)
Unloading 14 unused Assets / (28.8 KB). Loaded Objects now: 3829.
Memory consumption went from 135.3 MB to 135.3 MB.
Total: 2.623700 ms (FindLiveObjects: 0.277400 ms CreateObjectMapping: 0.077200 ms MarkObjects: 2.227700 ms  DeleteObjects: 0.040500 ms)

Prepare: number of updated asset objects reloaded= 0
AssetImportParameters requested are different than current active one (requested -> active):
  custom:container-demuxer-ogg: 62fdf1f143b41e24485cea50d1cbac27 -> 
  custom:scripting/monoscript/fileName/GameManager.cs: f6182d712e34e20e3202214886862cdb -> 9933fbcc6190e2a9171c2ec8808a053e
  custom:scripting/monoscript/fileName/Income.cs: 938d875b4ea58c05495f38a939171226 -> 
  custom:video-decoder-ogg-theora: a1e56fd34408186e4bbccfd4996cb3dc -> 
  custom:framework-win-MediaFoundation: 216162199b28c13a410421893ffa2e32 -> 
  custom:scripting/monoscript/fileName/Tower.cs: 0e51d5638e1e2b20f04394d6225c671a -> 16583eaf01662413665c0a8803428cd6
  custom:CustomObjectIndexerAttribute: 9a22284fe3817be447336de3de66b15e -> 
  custom:scripting/monoscript/fileName/Readme.cs: 5aedf578fb2663036982fb7b05aaf325 -> 
  custom:scripting/monoscript/fileName/Tooltip.cs: b7163f69ad820c51a0cfd3387a68b1d4 -> efb4e7ecf4b2142538150f2477ca1e4e
  custom:container-demuxer-webm: 4f35f7cbe854078d1ac9338744f61a02 -> 
  custom:scripting/monoscript/fileName/GoldMine.cs: bab3e2ee0cdfb32214ea1458d0239fb0 -> 
  custom:scripting/monoscript/fileName/GatheringHous.cs: 6a29be3f36fcfccf43587dfd206bf4d9 -> 
  custom:container-muxer-webm: aa71ff27fc2769a1b78a27578f13a17b -> 
  custom:scripting/monoscript/fileName/ReadmeEditor.cs: ff7ced1e41c1b99ddf5dfefc88f6bd50 -> 
  custom:video-decoder-webm-vp8: 9c59270c3fd7afecdb556c50c9e8de78 -> 
  custom:SearchIndexIgnoredProperties: e643bd26f0fe6173181afceb89e7c659 -> 
  custom:AudioImporter_EditorPlatform: d09bf68614088b80899f8185d706f6e7 -> 
  custom:scripting/monoscript/fileName/LumberMill.cs: c2d45524fbd0d6e9a670d983de5f81d7 -> 
  custom:scripting/monoscript/fileName/Slime.cs: e872c3a4bc36777cb1cc31d8379690c8 -> 05272bae05f111c6b0609e32e93d89d5
  custom:scripting/monoscript/fileName/Bar.cs: 890822e7dfd0f89892a6fd3ee944f62e -> 71c40e549b4fade8bed144aaff5a79ac
  custom:scripting/monoscript/fileName/TooltipManager.cs: 902a800de15a4facdbc6dbb1be6c1339 -> bc11dd805cb64c1c2f88cd7ae96fba24
  custom:video-encoder-webm-vp8: eb34c28f22e8b96e1ab97ce403110664 -> 
  custom:audio-decoder-ogg-vorbis: bf7c407c2cedff20999df2af8eb42d56 -> 
  custom:scripting/monoscript/fileName/Bullet.cs: 48ff13ede6c310cc0acf4a30e818a1de -> a4f5918e799041ba1f6608f13912eb8b
  custom:scripting/monoscript/fileName/TowerBuild.cs: 3807a8e615ef6a49dfd3f6bc5055a7a9 -> 9ea8b859a681512b782b9b3988d2f5f8
  custom:scripting/monoscript/fileName/Wave.cs: c8b913f1d5cb3bff026a08ce26c83aad -> 6e300e3b5d1a1dd15fa0115918e06e83
  custom:audio-encoder-webm-vorbis: bf7c407c2cedff20999df2af8eb42d56 -> 
  custom:scripting/monoscript/fileName/WaterReflection.cs: f1c57f2ce2c094032b710e8e5eb21bd7 -> 
  custom:scripting/monoscript/fileName/Tile.cs: e6480a408e34695897b31a69fad2b871 -> a94101d916c115d73aff3567a86e16d8
  custom:scripting/precompiled-assembly-types:Assembly-CSharp: e62b66366f159171f02e707cec416dc6 -> dff8c55d4e0e9ddc22cc808f571b8c31
========================================================================
Received Prepare
Caller must complete domain reload
Begin MonoManager ReloadAssembly
- Loaded All Assemblies, in  0.420 seconds
Native extension for WindowsStandalone target not found
Native extension for WebGL target not found
[Package Manager] Server::EnsureServerProcessIsRunning -- launch failed, reason: Unity was launched with the -noUpm command-line argument
[Package Manager] UpmClient::Send -- Unable to send message (not connected to UPM process).
[Package Manager] Cannot connect to Unity Package Manager local server
Mono: successfully reloaded assembly
- Finished resetting the current domain, in  0.960 seconds
Domain Reload Profiling: 1377ms
	BeginReloadAssembly (142ms)
		ExecutionOrderSort (0ms)
		DisableScriptedObjects (4ms)
		BackupInstance (0ms)
		ReleaseScriptingObjects (0ms)
		CreateAndSetChildDomain (27ms)
	RebuildCommonClasses (38ms)
	RebuildNativeTypeToScriptingClass (11ms)
	initialDomainReloadingComplete (27ms)
	LoadAllAssembliesAndSetupDomain (198ms)
		LoadAssemblies (262ms)
		RebuildTransferFunctionScriptingTraits (0ms)
		AnalyzeDomain (17ms)
			TypeCache.Refresh (6ms)
				TypeCache.ScanAssembly (0ms)
			ScanForSourceGeneratedMonoScriptInfo (0ms)
			ResolveRequiredComponents (8ms)
	FinalizeReload (961ms)
		ReleaseScriptCaches (0ms)
		RebuildScriptCaches (0ms)
		SetupLoadedEditorAssemblies (489ms)
			LogAssemblyErrors (0ms)
			InitializePlatformSupportModulesInManaged (8ms)
			SetLoadedEditorAssemblies (3ms)
			RefreshPlugins (0ms)
			BeforeProcessingInitializeOnLoad (67ms)
			ProcessInitializeOnLoadAttributes (378ms)
			ProcessInitializeOnLoadMethodAttributes (24ms)
			AfterProcessingInitializeOnLoad (8ms)
			EditorAssembliesLoaded (0ms)
		ExecutionOrderSort2 (0ms)
		AwakeInstancesAfterBackupRestoration (6ms)
Refreshing native plugins compatible for Editor in 3.53 ms, found 3 plugins.
Preloading 0 native plugins for Editor in 0.00 ms.
Unloading 3127 Unused Serialized files (Serialized files now loaded: 0)
Unloading 14 unused Assets / (28.8 KB). Loaded Objects now: 3832.
Memory consumption went from 135.3 MB to 135.3 MB.
Total: 2.791300 ms (FindLiveObjects: 0.324900 ms CreateObjectMapping: 0.080500 ms MarkObjects: 2.341200 ms  DeleteObjects: 0.043700 ms)

Prepare: number of updated asset objects reloaded= 0
AssetImportParameters requested are different than current active one (requested -> active):
  custom:container-demuxer-ogg: 62fdf1f143b41e24485cea50d1cbac27 -> 
  custom:scripting/monoscript/fileName/GameManager.cs: f6182d712e34e20e3202214886862cdb -> 9933fbcc6190e2a9171c2ec8808a053e
  custom:scripting/monoscript/fileName/Income.cs: 938d875b4ea58c05495f38a939171226 -> 
  custom:video-decoder-ogg-theora: a1e56fd34408186e4bbccfd4996cb3dc -> 
  custom:framework-win-MediaFoundation: 216162199b28c13a410421893ffa2e32 -> 
  custom:scripting/monoscript/fileName/Tower.cs: 0e51d5638e1e2b20f04394d6225c671a -> 16583eaf01662413665c0a8803428cd6
  custom:CustomObjectIndexerAttribute: 9a22284fe3817be447336de3de66b15e -> 
  custom:scripting/monoscript/fileName/Readme.cs: 5aedf578fb2663036982fb7b05aaf325 -> 
  custom:scripting/monoscript/fileName/Tooltip.cs: b7163f69ad820c51a0cfd3387a68b1d4 -> efb4e7ecf4b2142538150f2477ca1e4e
  custom:container-demuxer-webm: 4f35f7cbe854078d1ac9338744f61a02 -> 
  custom:scripting/monoscript/fileName/GoldMine.cs: bab3e2ee0cdfb32214ea1458d0239fb0 -> 
  custom:scripting/monoscript/fileName/GatheringHous.cs: 6a29be3f36fcfccf43587dfd206bf4d9 -> 
  custom:container-muxer-webm: aa71ff27fc2769a1b78a27578f13a17b -> 
  custom:scripting/monoscript/fileName/ReadmeEditor.cs: ff7ced1e41c1b99ddf5dfefc88f6bd50 -> 
  custom:video-decoder-webm-vp8: 9c59270c3fd7afecdb556c50c9e8de78 -> 
  custom:SearchIndexIgnoredProperties: e643bd26f0fe6173181afceb89e7c659 -> 
  custom:AudioImporter_EditorPlatform: d09bf68614088b80899f8185d706f6e7 -> 
  custom:scripting/monoscript/fileName/LumberMill.cs: c2d45524fbd0d6e9a670d983de5f81d7 -> 
  custom:scripting/monoscript/fileName/Slime.cs: e872c3a4bc36777cb1cc31d8379690c8 -> 05272bae05f111c6b0609e32e93d89d5
  custom:scripting/monoscript/fileName/Bar.cs: 890822e7dfd0f89892a6fd3ee944f62e -> 71c40e549b4fade8bed144aaff5a79ac
  custom:scripting/monoscript/fileName/TooltipManager.cs: 902a800de15a4facdbc6dbb1be6c1339 -> bc11dd805cb64c1c2f88cd7ae96fba24
  custom:video-encoder-webm-vp8: eb34c28f22e8b96e1ab97ce403110664 -> 
  custom:audio-decoder-ogg-vorbis: bf7c407c2cedff20999df2af8eb42d56 -> 
  custom:scripting/monoscript/fileName/Bullet.cs: 48ff13ede6c310cc0acf4a30e818a1de -> a4f5918e799041ba1f6608f13912eb8b
  custom:scripting/monoscript/fileName/TowerBuild.cs: 3807a8e615ef6a49dfd3f6bc5055a7a9 -> 9ea8b859a681512b782b9b3988d2f5f8
  custom:scripting/monoscript/fileName/Wave.cs: c8b913f1d5cb3bff026a08ce26c83aad -> 6e300e3b5d1a1dd15fa0115918e06e83
  custom:audio-encoder-webm-vorbis: bf7c407c2cedff20999df2af8eb42d56 -> 
  custom:scripting/monoscript/fileName/WaterReflection.cs: f1c57f2ce2c094032b710e8e5eb21bd7 -> 
  custom:scripting/monoscript/fileName/Tile.cs: e6480a408e34695897b31a69fad2b871 -> a94101d916c115d73aff3567a86e16d8
  custom:scripting/precompiled-assembly-types:Assembly-CSharp: e62b66366f159171f02e707cec416dc6 -> dff8c55d4e0e9ddc22cc808f571b8c31
========================================================================
Received Prepare
Caller must complete domain reload
Begin MonoManager ReloadAssembly
- Loaded All Assemblies, in  0.411 seconds
Native extension for WindowsStandalone target not found
Native extension for WebGL target not found
[Package Manager] Server::EnsureServerProcessIsRunning -- launch failed, reason: Unity was launched with the -noUpm command-line argument
[Package Manager] UpmClient::Send -- Unable to send message (not connected to UPM process).
[Package Manager] Cannot connect to Unity Package Manager local server
Mono: successfully reloaded assembly
- Finished resetting the current domain, in  0.840 seconds
Domain Reload Profiling: 1249ms
	BeginReloadAssembly (142ms)
		ExecutionOrderSort (0ms)
		DisableScriptedObjects (4ms)
		BackupInstance (0ms)
		ReleaseScriptingObjects (0ms)
		CreateAndSetChildDomain (31ms)
	RebuildCommonClasses (32ms)
	RebuildNativeTypeToScriptingClass (12ms)
	initialDomainReloadingComplete (27ms)
	LoadAllAssembliesAndSetupDomain (195ms)
		LoadAssemblies (250ms)
		RebuildTransferFunctionScriptingTraits (0ms)
		AnalyzeDomain (21ms)
			TypeCache.Refresh (8ms)
				TypeCache.ScanAssembly (1ms)
			ScanForSourceGeneratedMonoScriptInfo (6ms)
			ResolveRequiredComponents (5ms)
	FinalizeReload (840ms)
		ReleaseScriptCaches (0ms)
		RebuildScriptCaches (0ms)
		SetupLoadedEditorAssemblies (425ms)
			LogAssemblyErrors (0ms)
			InitializePlatformSupportModulesInManaged (7ms)
			SetLoadedEditorAssemblies (3ms)
			RefreshPlugins (0ms)
			BeforeProcessingInitializeOnLoad (54ms)
			ProcessInitializeOnLoadAttributes (333ms)
			ProcessInitializeOnLoadMethodAttributes (21ms)
			AfterProcessingInitializeOnLoad (7ms)
			EditorAssembliesLoaded (0ms)
		ExecutionOrderSort2 (0ms)
		AwakeInstancesAfterBackupRestoration (6ms)
Refreshing native plugins compatible for Editor in 2.91 ms, found 3 plugins.
Preloading 0 native plugins for Editor in 0.00 ms.
Unloading 3127 Unused Serialized files (Serialized files now loaded: 0)
Unloading 14 unused Assets / (28.7 KB). Loaded Objects now: 3835.
Memory consumption went from 135.3 MB to 135.3 MB.
Total: 2.649500 ms (FindLiveObjects: 0.275300 ms CreateObjectMapping: 0.076100 ms MarkObjects: 2.255800 ms  DeleteObjects: 0.041400 ms)

Prepare: number of updated asset objects reloaded= 0
AssetImportParameters requested are different than current active one (requested -> active):
  custom:container-demuxer-ogg: 62fdf1f143b41e24485cea50d1cbac27 -> 
  custom:scripting/monoscript/fileName/GameManager.cs: f6182d712e34e20e3202214886862cdb -> 9933fbcc6190e2a9171c2ec8808a053e
  custom:scripting/monoscript/fileName/Income.cs: 938d875b4ea58c05495f38a939171226 -> 
  custom:video-decoder-ogg-theora: a1e56fd34408186e4bbccfd4996cb3dc -> 
  custom:framework-win-MediaFoundation: 216162199b28c13a410421893ffa2e32 -> 
  custom:scripting/monoscript/fileName/Tower.cs: 0e51d5638e1e2b20f04394d6225c671a -> 16583eaf01662413665c0a8803428cd6
  custom:CustomObjectIndexerAttribute: 9a22284fe3817be447336de3de66b15e -> 
  custom:scripting/monoscript/fileName/Readme.cs: 5aedf578fb2663036982fb7b05aaf325 -> 
  custom:scripting/monoscript/fileName/Tooltip.cs: b7163f69ad820c51a0cfd3387a68b1d4 -> efb4e7ecf4b2142538150f2477ca1e4e
  custom:container-demuxer-webm: 4f35f7cbe854078d1ac9338744f61a02 -> 
  custom:scripting/monoscript/fileName/GoldMine.cs: bab3e2ee0cdfb32214ea1458d0239fb0 -> 
  custom:scripting/monoscript/fileName/GatheringHous.cs: 6a29be3f36fcfccf43587dfd206bf4d9 -> 
  custom:container-muxer-webm: aa71ff27fc2769a1b78a27578f13a17b -> 
  custom:scripting/monoscript/fileName/ReadmeEditor.cs: ff7ced1e41c1b99ddf5dfefc88f6bd50 -> 
  custom:video-decoder-webm-vp8: 9c59270c3fd7afecdb556c50c9e8de78 -> 
  custom:SearchIndexIgnoredProperties: e643bd26f0fe6173181afceb89e7c659 -> 
  custom:AudioImporter_EditorPlatform: d09bf68614088b80899f8185d706f6e7 -> 
  custom:scripting/monoscript/fileName/LumberMill.cs: c2d45524fbd0d6e9a670d983de5f81d7 -> 
  custom:scripting/monoscript/fileName/Slime.cs: e872c3a4bc36777cb1cc31d8379690c8 -> 05272bae05f111c6b0609e32e93d89d5
  custom:scripting/monoscript/fileName/Bar.cs: 890822e7dfd0f89892a6fd3ee944f62e -> 71c40e549b4fade8bed144aaff5a79ac
  custom:scripting/monoscript/fileName/TooltipManager.cs: 902a800de15a4facdbc6dbb1be6c1339 -> bc11dd805cb64c1c2f88cd7ae96fba24
  custom:video-encoder-webm-vp8: eb34c28f22e8b96e1ab97ce403110664 -> 
  custom:audio-decoder-ogg-vorbis: bf7c407c2cedff20999df2af8eb42d56 -> 
  custom:scripting/monoscript/fileName/Bullet.cs: 48ff13ede6c310cc0acf4a30e818a1de -> a4f5918e799041ba1f6608f13912eb8b
  custom:scripting/monoscript/fileName/TowerBuild.cs: 3807a8e615ef6a49dfd3f6bc5055a7a9 -> 9ea8b859a681512b782b9b3988d2f5f8
  custom:scripting/monoscript/fileName/Wave.cs: c8b913f1d5cb3bff026a08ce26c83aad -> 6e300e3b5d1a1dd15fa0115918e06e83
  custom:audio-encoder-webm-vorbis: bf7c407c2cedff20999df2af8eb42d56 -> 
  custom:scripting/monoscript/fileName/WaterReflection.cs: f1c57f2ce2c094032b710e8e5eb21bd7 -> 
  custom:scripting/monoscript/fileName/Tile.cs: e6480a408e34695897b31a69fad2b871 -> a94101d916c115d73aff3567a86e16d8
  custom:scripting/precompiled-assembly-types:Assembly-CSharp: e62b66366f159171f02e707cec416dc6 -> dff8c55d4e0e9ddc22cc808f571b8c31
========================================================================
Received Prepare
Caller must complete domain reload
Begin MonoManager ReloadAssembly
- Loaded All Assemblies, in  0.405 seconds
Native extension for WindowsStandalone target not found
Native extension for WebGL target not found
[Package Manager] Server::EnsureServerProcessIsRunning -- launch failed, reason: Unity was launched with the -noUpm command-line argument
[Package Manager] UpmClient::Send -- Unable to send message (not connected to UPM process).
[Package Manager] Cannot connect to Unity Package Manager local server
Mono: successfully reloaded assembly
- Finished resetting the current domain, in  0.914 seconds
Domain Reload Profiling: 1317ms
	BeginReloadAssembly (138ms)
		ExecutionOrderSort (0ms)
		DisableScriptedObjects (4ms)
		BackupInstance (0ms)
		ReleaseScriptingObjects (0ms)
		CreateAndSetChildDomain (27ms)
	RebuildCommonClasses (32ms)
	RebuildNativeTypeToScriptingClass (12ms)
	initialDomainReloadingComplete (31ms)
	LoadAllAssembliesAndSetupDomain (188ms)
		LoadAssemblies (253ms)
		RebuildTransferFunctionScriptingTraits (0ms)
		AnalyzeDomain (13ms)
			TypeCache.Refresh (5ms)
				TypeCache.ScanAssembly (0ms)
			ScanForSourceGeneratedMonoScriptInfo (0ms)
			ResolveRequiredComponents (6ms)
	FinalizeReload (915ms)
		ReleaseScriptCaches (0ms)
		RebuildScriptCaches (0ms)
		SetupLoadedEditorAssemblies (464ms)
			LogAssemblyErrors (0ms)
			InitializePlatformSupportModulesInManaged (10ms)
			SetLoadedEditorAssemblies (4ms)
			RefreshPlugins (0ms)
			BeforeProcessingInitializeOnLoad (65ms)
			ProcessInitializeOnLoadAttributes (352ms)
			ProcessInitializeOnLoadMethodAttributes (23ms)
			AfterProcessingInitializeOnLoad (9ms)
			EditorAssembliesLoaded (0ms)
		ExecutionOrderSort2 (0ms)
		AwakeInstancesAfterBackupRestoration (8ms)
Refreshing native plugins compatible for Editor in 3.71 ms, found 3 plugins.
Preloading 0 native plugins for Editor in 0.00 ms.
Unloading 3127 Unused Serialized files (Serialized files now loaded: 0)
Unloading 14 unused Assets / (28.7 KB). Loaded Objects now: 3838.
Memory consumption went from 135.3 MB to 135.3 MB.
Total: 2.895400 ms (FindLiveObjects: 0.341900 ms CreateObjectMapping: 0.077800 ms MarkObjects: 2.428100 ms  DeleteObjects: 0.046600 ms)

Prepare: number of updated asset objects reloaded= 0
AssetImportParameters requested are different than current active one (requested -> active):
  custom:container-demuxer-ogg: 62fdf1f143b41e24485cea50d1cbac27 -> 
  custom:scripting/monoscript/fileName/GameManager.cs: f6182d712e34e20e3202214886862cdb -> 9933fbcc6190e2a9171c2ec8808a053e
  custom:scripting/monoscript/fileName/Income.cs: 938d875b4ea58c05495f38a939171226 -> 
  custom:video-decoder-ogg-theora: a1e56fd34408186e4bbccfd4996cb3dc -> 
  custom:framework-win-MediaFoundation: 216162199b28c13a410421893ffa2e32 -> 
  custom:scripting/monoscript/fileName/Tower.cs: 0e51d5638e1e2b20f04394d6225c671a -> 16583eaf01662413665c0a8803428cd6
  custom:CustomObjectIndexerAttribute: 9a22284fe3817be447336de3de66b15e -> 
  custom:scripting/monoscript/fileName/Readme.cs: 5aedf578fb2663036982fb7b05aaf325 -> 
  custom:scripting/monoscript/fileName/Tooltip.cs: b7163f69ad820c51a0cfd3387a68b1d4 -> efb4e7ecf4b2142538150f2477ca1e4e
  custom:container-demuxer-webm: 4f35f7cbe854078d1ac9338744f61a02 -> 
  custom:scripting/monoscript/fileName/GoldMine.cs: bab3e2ee0cdfb32214ea1458d0239fb0 -> 
  custom:scripting/monoscript/fileName/GatheringHous.cs: 6a29be3f36fcfccf43587dfd206bf4d9 -> 
  custom:container-muxer-webm: aa71ff27fc2769a1b78a27578f13a17b -> 
  custom:scripting/monoscript/fileName/ReadmeEditor.cs: ff7ced1e41c1b99ddf5dfefc88f6bd50 -> 
  custom:video-decoder-webm-vp8: 9c59270c3fd7afecdb556c50c9e8de78 -> 
  custom:SearchIndexIgnoredProperties: e643bd26f0fe6173181afceb89e7c659 -> 
  custom:AudioImporter_EditorPlatform: d09bf68614088b80899f8185d706f6e7 -> 
  custom:scripting/monoscript/fileName/LumberMill.cs: c2d45524fbd0d6e9a670d983de5f81d7 -> 
  custom:scripting/monoscript/fileName/Slime.cs: e872c3a4bc36777cb1cc31d8379690c8 -> 05272bae05f111c6b0609e32e93d89d5
  custom:scripting/monoscript/fileName/Bar.cs: 890822e7dfd0f89892a6fd3ee944f62e -> 71c40e549b4fade8bed144aaff5a79ac
  custom:scripting/monoscript/fileName/TooltipManager.cs: 902a800de15a4facdbc6dbb1be6c1339 -> bc11dd805cb64c1c2f88cd7ae96fba24
  custom:video-encoder-webm-vp8: eb34c28f22e8b96e1ab97ce403110664 -> 
  custom:audio-decoder-ogg-vorbis: bf7c407c2cedff20999df2af8eb42d56 -> 
  custom:scripting/monoscript/fileName/Bullet.cs: 48ff13ede6c310cc0acf4a30e818a1de -> a4f5918e799041ba1f6608f13912eb8b
  custom:scripting/monoscript/fileName/TowerBuild.cs: 3807a8e615ef6a49dfd3f6bc5055a7a9 -> 9ea8b859a681512b782b9b3988d2f5f8
  custom:scripting/monoscript/fileName/Wave.cs: c8b913f1d5cb3bff026a08ce26c83aad -> 6e300e3b5d1a1dd15fa0115918e06e83
  custom:audio-encoder-webm-vorbis: bf7c407c2cedff20999df2af8eb42d56 -> 
  custom:scripting/monoscript/fileName/WaterReflection.cs: f1c57f2ce2c094032b710e8e5eb21bd7 -> 
  custom:scripting/monoscript/fileName/Tile.cs: e6480a408e34695897b31a69fad2b871 -> a94101d916c115d73aff3567a86e16d8
  custom:scripting/precompiled-assembly-types:Assembly-CSharp: e62b66366f159171f02e707cec416dc6 -> dff8c55d4e0e9ddc22cc808f571b8c31
========================================================================
Received Prepare
Caller must complete domain reload
Begin MonoManager ReloadAssembly
- Loaded All Assemblies, in  0.418 seconds
Native extension for WindowsStandalone target not found
Native extension for WebGL target not found
[Package Manager] Server::EnsureServerProcessIsRunning -- launch failed, reason: Unity was launched with the -noUpm command-line argument
[Package Manager] UpmClient::Send -- Unable to send message (not connected to UPM process).
[Package Manager] Cannot connect to Unity Package Manager local server
Mono: successfully reloaded assembly
- Finished resetting the current domain, in  0.979 seconds
Domain Reload Profiling: 1395ms
	BeginReloadAssembly (140ms)
		ExecutionOrderSort (0ms)
		DisableScriptedObjects (4ms)
		BackupInstance (0ms)
		ReleaseScriptingObjects (0ms)
		CreateAndSetChildDomain (28ms)
	RebuildCommonClasses (34ms)
	RebuildNativeTypeToScriptingClass (15ms)
	initialDomainReloadingComplete (28ms)
	LoadAllAssembliesAndSetupDomain (198ms)
		LoadAssemblies (262ms)
		RebuildTransferFunctionScriptingTraits (0ms)
		AnalyzeDomain (13ms)
			TypeCache.Refresh (5ms)
				TypeCache.ScanAssembly (0ms)
			ScanForSourceGeneratedMonoScriptInfo (0ms)
			ResolveRequiredComponents (6ms)
	FinalizeReload (980ms)
		ReleaseScriptCaches (0ms)
		RebuildScriptCaches (0ms)
		SetupLoadedEditorAssemblies (486ms)
			LogAssemblyErrors (0ms)
			InitializePlatformSupportModulesInManaged (8ms)
			SetLoadedEditorAssemblies (3ms)
			RefreshPlugins (0ms)
			BeforeProcessingInitializeOnLoad (74ms)
			ProcessInitializeOnLoadAttributes (369ms)
			ProcessInitializeOnLoadMethodAttributes (22ms)
			AfterProcessingInitializeOnLoad (10ms)
			EditorAssembliesLoaded (0ms)
		ExecutionOrderSort2 (0ms)
		AwakeInstancesAfterBackupRestoration (9ms)
Refreshing native plugins compatible for Editor in 2.91 ms, found 3 plugins.
Preloading 0 native plugins for Editor in 0.00 ms.
Unloading 3127 Unused Serialized files (Serialized files now loaded: 0)
Unloading 14 unused Assets / (28.8 KB). Loaded Objects now: 3841.
Memory consumption went from 135.3 MB to 135.3 MB.
Total: 2.721600 ms (FindLiveObjects: 0.288700 ms CreateObjectMapping: 0.077500 ms MarkObjects: 2.308400 ms  DeleteObjects: 0.046200 ms)

Prepare: number of updated asset objects reloaded= 0
AssetImportParameters requested are different than current active one (requested -> active):
  custom:container-demuxer-ogg: 62fdf1f143b41e24485cea50d1cbac27 -> 
  custom:scripting/monoscript/fileName/GameManager.cs: f6182d712e34e20e3202214886862cdb -> 9933fbcc6190e2a9171c2ec8808a053e
  custom:scripting/monoscript/fileName/Income.cs: 938d875b4ea58c05495f38a939171226 -> 
  custom:video-decoder-ogg-theora: a1e56fd34408186e4bbccfd4996cb3dc -> 
  custom:framework-win-MediaFoundation: 216162199b28c13a410421893ffa2e32 -> 
  custom:scripting/monoscript/fileName/Tower.cs: 0e51d5638e1e2b20f04394d6225c671a -> 16583eaf01662413665c0a8803428cd6
  custom:CustomObjectIndexerAttribute: 9a22284fe3817be447336de3de66b15e -> 
  custom:scripting/monoscript/fileName/Readme.cs: 5aedf578fb2663036982fb7b05aaf325 -> 
  custom:scripting/monoscript/fileName/Tooltip.cs: b7163f69ad820c51a0cfd3387a68b1d4 -> efb4e7ecf4b2142538150f2477ca1e4e
  custom:container-demuxer-webm: 4f35f7cbe854078d1ac9338744f61a02 -> 
  custom:scripting/monoscript/fileName/GoldMine.cs: bab3e2ee0cdfb32214ea1458d0239fb0 -> 
  custom:scripting/monoscript/fileName/GatheringHous.cs: 6a29be3f36fcfccf43587dfd206bf4d9 -> 
  custom:container-muxer-webm: aa71ff27fc2769a1b78a27578f13a17b -> 
  custom:scripting/monoscript/fileName/ReadmeEditor.cs: ff7ced1e41c1b99ddf5dfefc88f6bd50 -> 
  custom:video-decoder-webm-vp8: 9c59270c3fd7afecdb556c50c9e8de78 -> 
  custom:SearchIndexIgnoredProperties: e643bd26f0fe6173181afceb89e7c659 -> 
  custom:AudioImporter_EditorPlatform: d09bf68614088b80899f8185d706f6e7 -> 
  custom:scripting/monoscript/fileName/LumberMill.cs: c2d45524fbd0d6e9a670d983de5f81d7 -> 
  custom:scripting/monoscript/fileName/Slime.cs: e872c3a4bc36777cb1cc31d8379690c8 -> 05272bae05f111c6b0609e32e93d89d5
  custom:scripting/monoscript/fileName/Bar.cs: 890822e7dfd0f89892a6fd3ee944f62e -> 71c40e549b4fade8bed144aaff5a79ac
  custom:scripting/monoscript/fileName/TooltipManager.cs: 902a800de15a4facdbc6dbb1be6c1339 -> bc11dd805cb64c1c2f88cd7ae96fba24
  custom:video-encoder-webm-vp8: eb34c28f22e8b96e1ab97ce403110664 -> 
  custom:audio-decoder-ogg-vorbis: bf7c407c2cedff20999df2af8eb42d56 -> 
  custom:scripting/monoscript/fileName/Bullet.cs: 48ff13ede6c310cc0acf4a30e818a1de -> a4f5918e799041ba1f6608f13912eb8b
  custom:scripting/monoscript/fileName/TowerBuild.cs: 3807a8e615ef6a49dfd3f6bc5055a7a9 -> 9ea8b859a681512b782b9b3988d2f5f8
  custom:scripting/monoscript/fileName/Wave.cs: c8b913f1d5cb3bff026a08ce26c83aad -> 6e300e3b5d1a1dd15fa0115918e06e83
  custom:audio-encoder-webm-vorbis: bf7c407c2cedff20999df2af8eb42d56 -> 
  custom:scripting/monoscript/fileName/WaterReflection.cs: f1c57f2ce2c094032b710e8e5eb21bd7 -> 
  custom:scripting/monoscript/fileName/Tile.cs: e6480a408e34695897b31a69fad2b871 -> a94101d916c115d73aff3567a86e16d8
  custom:scripting/precompiled-assembly-types:Assembly-CSharp: e62b66366f159171f02e707cec416dc6 -> dff8c55d4e0e9ddc22cc808f571b8c31
========================================================================
Received Prepare
Caller must complete domain reload
Begin MonoManager ReloadAssembly
- Loaded All Assemblies, in  0.417 seconds
Native extension for WindowsStandalone target not found
Native extension for WebGL target not found
[Package Manager] Server::EnsureServerProcessIsRunning -- launch failed, reason: Unity was launched with the -noUpm command-line argument
[Package Manager] UpmClient::Send -- Unable to send message (not connected to UPM process).
[Package Manager] Cannot connect to Unity Package Manager local server
Mono: successfully reloaded assembly
- Finished resetting the current domain, in  0.848 seconds
Domain Reload Profiling: 1263ms
	BeginReloadAssembly (139ms)
		ExecutionOrderSort (0ms)
		DisableScriptedObjects (4ms)
		BackupInstance (0ms)
		ReleaseScriptingObjects (0ms)
		CreateAndSetChildDomain (29ms)
	RebuildCommonClasses (32ms)
	RebuildNativeTypeToScriptingClass (11ms)
	initialDomainReloadingComplete (29ms)
	LoadAllAssembliesAndSetupDomain (202ms)
		LoadAssemblies (255ms)
		RebuildTransferFunctionScriptingTraits (0ms)
		AnalyzeDomain (22ms)
			TypeCache.Refresh (8ms)
				TypeCache.ScanAssembly (1ms)
			ScanForSourceGeneratedMonoScriptInfo (7ms)
			ResolveRequiredComponents (5ms)
	FinalizeReload (849ms)
		ReleaseScriptCaches (0ms)
		RebuildScriptCaches (0ms)
		SetupLoadedEditorAssemblies (403ms)
			LogAssemblyErrors (0ms)
			InitializePlatformSupportModulesInManaged (8ms)
			SetLoadedEditorAssemblies (3ms)
			RefreshPlugins (0ms)
			BeforeProcessingInitializeOnLoad (55ms)
			ProcessInitializeOnLoadAttributes (307ms)
			ProcessInitializeOnLoadMethodAttributes (22ms)
			AfterProcessingInitializeOnLoad (7ms)
			EditorAssembliesLoaded (0ms)
		ExecutionOrderSort2 (0ms)
		AwakeInstancesAfterBackupRestoration (6ms)
Refreshing native plugins compatible for Editor in 2.89 ms, found 3 plugins.
Preloading 0 native plugins for Editor in 0.00 ms.
Unloading 3127 Unused Serialized files (Serialized files now loaded: 0)
Unloading 14 unused Assets / (28.6 KB). Loaded Objects now: 3844.
Memory consumption went from 135.3 MB to 135.3 MB.
Total: 2.662700 ms (FindLiveObjects: 0.277100 ms CreateObjectMapping: 0.077000 ms MarkObjects: 2.266700 ms  DeleteObjects: 0.041000 ms)

Prepare: number of updated asset objects reloaded= 0
AssetImportParameters requested are different than current active one (requested -> active):
  custom:container-demuxer-ogg: 62fdf1f143b41e24485cea50d1cbac27 -> 
  custom:scripting/monoscript/fileName/GameManager.cs: f6182d712e34e20e3202214886862cdb -> 9933fbcc6190e2a9171c2ec8808a053e
  custom:scripting/monoscript/fileName/Income.cs: 938d875b4ea58c05495f38a939171226 -> 
  custom:video-decoder-ogg-theora: a1e56fd34408186e4bbccfd4996cb3dc -> 
  custom:framework-win-MediaFoundation: 216162199b28c13a410421893ffa2e32 -> 
  custom:scripting/monoscript/fileName/Tower.cs: 0e51d5638e1e2b20f04394d6225c671a -> 16583eaf01662413665c0a8803428cd6
  custom:CustomObjectIndexerAttribute: 9a22284fe3817be447336de3de66b15e -> 
  custom:scripting/monoscript/fileName/Readme.cs: 5aedf578fb2663036982fb7b05aaf325 -> 
  custom:scripting/monoscript/fileName/Tooltip.cs: b7163f69ad820c51a0cfd3387a68b1d4 -> efb4e7ecf4b2142538150f2477ca1e4e
  custom:container-demuxer-webm: 4f35f7cbe854078d1ac9338744f61a02 -> 
  custom:scripting/monoscript/fileName/GoldMine.cs: bab3e2ee0cdfb32214ea1458d0239fb0 -> 
  custom:scripting/monoscript/fileName/GatheringHous.cs: 6a29be3f36fcfccf43587dfd206bf4d9 -> 
  custom:container-muxer-webm: aa71ff27fc2769a1b78a27578f13a17b -> 
  custom:scripting/monoscript/fileName/ReadmeEditor.cs: ff7ced1e41c1b99ddf5dfefc88f6bd50 -> 
  custom:video-decoder-webm-vp8: 9c59270c3fd7afecdb556c50c9e8de78 -> 
  custom:SearchIndexIgnoredProperties: e643bd26f0fe6173181afceb89e7c659 -> 
  custom:AudioImporter_EditorPlatform: d09bf68614088b80899f8185d706f6e7 -> 
  custom:scripting/monoscript/fileName/LumberMill.cs: c2d45524fbd0d6e9a670d983de5f81d7 -> 
  custom:scripting/monoscript/fileName/Slime.cs: e872c3a4bc36777cb1cc31d8379690c8 -> 05272bae05f111c6b0609e32e93d89d5
  custom:scripting/monoscript/fileName/Bar.cs: 890822e7dfd0f89892a6fd3ee944f62e -> 71c40e549b4fade8bed144aaff5a79ac
  custom:scripting/monoscript/fileName/TooltipManager.cs: 902a800de15a4facdbc6dbb1be6c1339 -> bc11dd805cb64c1c2f88cd7ae96fba24
  custom:video-encoder-webm-vp8: eb34c28f22e8b96e1ab97ce403110664 -> 
  custom:audio-decoder-ogg-vorbis: bf7c407c2cedff20999df2af8eb42d56 -> 
  custom:scripting/monoscript/fileName/Bullet.cs: 48ff13ede6c310cc0acf4a30e818a1de -> a4f5918e799041ba1f6608f13912eb8b
  custom:scripting/monoscript/fileName/TowerBuild.cs: 3807a8e615ef6a49dfd3f6bc5055a7a9 -> 9ea8b859a681512b782b9b3988d2f5f8
  custom:scripting/monoscript/fileName/Wave.cs: c8b913f1d5cb3bff026a08ce26c83aad -> 6e300e3b5d1a1dd15fa0115918e06e83
  custom:audio-encoder-webm-vorbis: bf7c407c2cedff20999df2af8eb42d56 -> 
  custom:scripting/monoscript/fileName/WaterReflection.cs: f1c57f2ce2c094032b710e8e5eb21bd7 -> 
  custom:scripting/monoscript/fileName/Tile.cs: e6480a408e34695897b31a69fad2b871 -> a94101d916c115d73aff3567a86e16d8
  custom:scripting/precompiled-assembly-types:Assembly-CSharp: e62b66366f159171f02e707cec416dc6 -> dff8c55d4e0e9ddc22cc808f571b8c31
========================================================================
Received Prepare
Caller must complete domain reload
Begin MonoManager ReloadAssembly
- Loaded All Assemblies, in  0.406 seconds
Native extension for WindowsStandalone target not found
Native extension for WebGL target not found
[Package Manager] Server::EnsureServerProcessIsRunning -- launch failed, reason: Unity was launched with the -noUpm command-line argument
[Package Manager] UpmClient::Send -- Unable to send message (not connected to UPM process).
[Package Manager] Cannot connect to Unity Package Manager local server
Mono: successfully reloaded assembly
- Finished resetting the current domain, in  0.913 seconds
Domain Reload Profiling: 1317ms
	BeginReloadAssembly (136ms)
		ExecutionOrderSort (0ms)
		DisableScriptedObjects (4ms)
		BackupInstance (0ms)
		ReleaseScriptingObjects (0ms)
		CreateAndSetChildDomain (27ms)
	RebuildCommonClasses (35ms)
	RebuildNativeTypeToScriptingClass (13ms)
	initialDomainReloadingComplete (30ms)
	LoadAllAssembliesAndSetupDomain (189ms)
		LoadAssemblies (251ms)
		RebuildTransferFunctionScriptingTraits (0ms)
		AnalyzeDomain (14ms)
			TypeCache.Refresh (6ms)
				TypeCache.ScanAssembly (0ms)
			ScanForSourceGeneratedMonoScriptInfo (0ms)
			ResolveRequiredComponents (6ms)
	FinalizeReload (913ms)
		ReleaseScriptCaches (0ms)
		RebuildScriptCaches (0ms)
		SetupLoadedEditorAssemblies (464ms)
			LogAssemblyErrors (0ms)
			InitializePlatformSupportModulesInManaged (9ms)
			SetLoadedEditorAssemblies (3ms)
			RefreshPlugins (0ms)
			BeforeProcessingInitializeOnLoad (64ms)
			ProcessInitializeOnLoadAttributes (359ms)
			ProcessInitializeOnLoadMethodAttributes (20ms)
			AfterProcessingInitializeOnLoad (8ms)
			EditorAssembliesLoaded (0ms)
		ExecutionOrderSort2 (0ms)
		AwakeInstancesAfterBackupRestoration (7ms)
Refreshing native plugins compatible for Editor in 3.70 ms, found 3 plugins.
Preloading 0 native plugins for Editor in 0.00 ms.
Unloading 3127 Unused Serialized files (Serialized files now loaded: 0)
Unloading 14 unused Assets / (28.6 KB). Loaded Objects now: 3847.
Memory consumption went from 135.3 MB to 135.3 MB.
Total: 2.920600 ms (FindLiveObjects: 0.339800 ms CreateObjectMapping: 0.096500 ms MarkObjects: 2.444800 ms  DeleteObjects: 0.038700 ms)

Prepare: number of updated asset objects reloaded= 0
AssetImportParameters requested are different than current active one (requested -> active):
  custom:container-demuxer-ogg: 62fdf1f143b41e24485cea50d1cbac27 -> 
  custom:scripting/monoscript/fileName/GameManager.cs: f6182d712e34e20e3202214886862cdb -> 9933fbcc6190e2a9171c2ec8808a053e
  custom:scripting/monoscript/fileName/Income.cs: 938d875b4ea58c05495f38a939171226 -> 
  custom:video-decoder-ogg-theora: a1e56fd34408186e4bbccfd4996cb3dc -> 
  custom:framework-win-MediaFoundation: 216162199b28c13a410421893ffa2e32 -> 
  custom:scripting/monoscript/fileName/Tower.cs: 0e51d5638e1e2b20f04394d6225c671a -> 16583eaf01662413665c0a8803428cd6
  custom:CustomObjectIndexerAttribute: 9a22284fe3817be447336de3de66b15e -> 
  custom:scripting/monoscript/fileName/Readme.cs: 5aedf578fb2663036982fb7b05aaf325 -> 
  custom:scripting/monoscript/fileName/Tooltip.cs: b7163f69ad820c51a0cfd3387a68b1d4 -> efb4e7ecf4b2142538150f2477ca1e4e
  custom:container-demuxer-webm: 4f35f7cbe854078d1ac9338744f61a02 -> 
  custom:scripting/monoscript/fileName/GoldMine.cs: bab3e2ee0cdfb32214ea1458d0239fb0 -> 
  custom:scripting/monoscript/fileName/GatheringHous.cs: 6a29be3f36fcfccf43587dfd206bf4d9 -> 
  custom:container-muxer-webm: aa71ff27fc2769a1b78a27578f13a17b -> 
  custom:scripting/monoscript/fileName/ReadmeEditor.cs: ff7ced1e41c1b99ddf5dfefc88f6bd50 -> 
  custom:video-decoder-webm-vp8: 9c59270c3fd7afecdb556c50c9e8de78 -> 
  custom:SearchIndexIgnoredProperties: e643bd26f0fe6173181afceb89e7c659 -> 
  custom:AudioImporter_EditorPlatform: d09bf68614088b80899f8185d706f6e7 -> 
  custom:scripting/monoscript/fileName/LumberMill.cs: c2d45524fbd0d6e9a670d983de5f81d7 -> 
  custom:scripting/monoscript/fileName/Slime.cs: e872c3a4bc36777cb1cc31d8379690c8 -> 05272bae05f111c6b0609e32e93d89d5
  custom:scripting/monoscript/fileName/Bar.cs: 890822e7dfd0f89892a6fd3ee944f62e -> 71c40e549b4fade8bed144aaff5a79ac
  custom:scripting/monoscript/fileName/TooltipManager.cs: 902a800de15a4facdbc6dbb1be6c1339 -> bc11dd805cb64c1c2f88cd7ae96fba24
  custom:video-encoder-webm-vp8: eb34c28f22e8b96e1ab97ce403110664 -> 
  custom:audio-decoder-ogg-vorbis: bf7c407c2cedff20999df2af8eb42d56 -> 
  custom:scripting/monoscript/fileName/Bullet.cs: 48ff13ede6c310cc0acf4a30e818a1de -> a4f5918e799041ba1f6608f13912eb8b
  custom:scripting/monoscript/fileName/TowerBuild.cs: 3807a8e615ef6a49dfd3f6bc5055a7a9 -> 9ea8b859a681512b782b9b3988d2f5f8
  custom:scripting/monoscript/fileName/Wave.cs: c8b913f1d5cb3bff026a08ce26c83aad -> 6e300e3b5d1a1dd15fa0115918e06e83
  custom:audio-encoder-webm-vorbis: bf7c407c2cedff20999df2af8eb42d56 -> 
  custom:scripting/monoscript/fileName/WaterReflection.cs: f1c57f2ce2c094032b710e8e5eb21bd7 -> 
  custom:scripting/monoscript/fileName/Tile.cs: e6480a408e34695897b31a69fad2b871 -> a94101d916c115d73aff3567a86e16d8
  custom:scripting/precompiled-assembly-types:Assembly-CSharp: e62b66366f159171f02e707cec416dc6 -> dff8c55d4e0e9ddc22cc808f571b8c31
========================================================================
Received Prepare
Caller must complete domain reload
Begin MonoManager ReloadAssembly
- Loaded All Assemblies, in  0.434 seconds
Native extension for WindowsStandalone target not found
Native extension for WebGL target not found
[Package Manager] Server::EnsureServerProcessIsRunning -- launch failed, reason: Unity was launched with the -noUpm command-line argument
[Package Manager] UpmClient::Send -- Unable to send message (not connected to UPM process).
[Package Manager] Cannot connect to Unity Package Manager local server
Mono: successfully reloaded assembly
- Finished resetting the current domain, in  0.931 seconds
Domain Reload Profiling: 1362ms
	BeginReloadAssembly (144ms)
		ExecutionOrderSort (0ms)
		DisableScriptedObjects (4ms)
		BackupInstance (0ms)
		ReleaseScriptingObjects (0ms)
		CreateAndSetChildDomain (29ms)
	RebuildCommonClasses (39ms)
	RebuildNativeTypeToScriptingClass (15ms)
	initialDomainReloadingComplete (32ms)
	LoadAllAssembliesAndSetupDomain (200ms)
		LoadAssemblies (255ms)
		RebuildTransferFunctionScriptingTraits (0ms)
		AnalyzeDomain (24ms)
			TypeCache.Refresh (8ms)
				TypeCache.ScanAssembly (1ms)
			ScanForSourceGeneratedMonoScriptInfo (6ms)
			ResolveRequiredComponents (7ms)
	FinalizeReload (931ms)
		ReleaseScriptCaches (0ms)
		RebuildScriptCaches (0ms)
		SetupLoadedEditorAssemblies (491ms)
			LogAssemblyErrors (0ms)
			InitializePlatformSupportModulesInManaged (8ms)
			SetLoadedEditorAssemblies (3ms)
			RefreshPlugins (0ms)
			BeforeProcessingInitializeOnLoad (56ms)
			ProcessInitializeOnLoadAttributes (302ms)
			ProcessInitializeOnLoadMethodAttributes (20ms)
			AfterProcessingInitializeOnLoad (102ms)
			EditorAssembliesLoaded (0ms)
		ExecutionOrderSort2 (0ms)
		AwakeInstancesAfterBackupRestoration (8ms)
Refreshing native plugins compatible for Editor in 3.29 ms, found 3 plugins.
Preloading 0 native plugins for Editor in 0.00 ms.
Unloading 3127 Unused Serialized files (Serialized files now loaded: 0)
Unloading 14 unused Assets / (28.7 KB). Loaded Objects now: 3850.
Memory consumption went from 135.3 MB to 135.3 MB.
Total: 3.005600 ms (FindLiveObjects: 0.470200 ms CreateObjectMapping: 0.159400 ms MarkObjects: 2.315400 ms  DeleteObjects: 0.059500 ms)

Prepare: number of updated asset objects reloaded= 0
AssetImportParameters requested are different than current active one (requested -> active):
  custom:container-demuxer-ogg: 62fdf1f143b41e24485cea50d1cbac27 -> 
  custom:scripting/monoscript/fileName/GameManager.cs: f6182d712e34e20e3202214886862cdb -> 9933fbcc6190e2a9171c2ec8808a053e
  custom:scripting/monoscript/fileName/Income.cs: 938d875b4ea58c05495f38a939171226 -> 
  custom:video-decoder-ogg-theora: a1e56fd34408186e4bbccfd4996cb3dc -> 
  custom:framework-win-MediaFoundation: 216162199b28c13a410421893ffa2e32 -> 
  custom:scripting/monoscript/fileName/Tower.cs: 0e51d5638e1e2b20f04394d6225c671a -> 16583eaf01662413665c0a8803428cd6
  custom:CustomObjectIndexerAttribute: 9a22284fe3817be447336de3de66b15e -> 
  custom:scripting/monoscript/fileName/Readme.cs: 5aedf578fb2663036982fb7b05aaf325 -> 
  custom:scripting/monoscript/fileName/Tooltip.cs: b7163f69ad820c51a0cfd3387a68b1d4 -> efb4e7ecf4b2142538150f2477ca1e4e
  custom:container-demuxer-webm: 4f35f7cbe854078d1ac9338744f61a02 -> 
  custom:scripting/monoscript/fileName/GoldMine.cs: bab3e2ee0cdfb32214ea1458d0239fb0 -> 
  custom:scripting/monoscript/fileName/GatheringHous.cs: 6a29be3f36fcfccf43587dfd206bf4d9 -> 
  custom:container-muxer-webm: aa71ff27fc2769a1b78a27578f13a17b -> 
  custom:scripting/monoscript/fileName/ReadmeEditor.cs: ff7ced1e41c1b99ddf5dfefc88f6bd50 -> 
  custom:video-decoder-webm-vp8: 9c59270c3fd7afecdb556c50c9e8de78 -> 
  custom:SearchIndexIgnoredProperties: e643bd26f0fe6173181afceb89e7c659 -> 
  custom:AudioImporter_EditorPlatform: d09bf68614088b80899f8185d706f6e7 -> 
  custom:scripting/monoscript/fileName/LumberMill.cs: c2d45524fbd0d6e9a670d983de5f81d7 -> 
  custom:scripting/monoscript/fileName/Slime.cs: e872c3a4bc36777cb1cc31d8379690c8 -> 05272bae05f111c6b0609e32e93d89d5
  custom:scripting/monoscript/fileName/Bar.cs: 890822e7dfd0f89892a6fd3ee944f62e -> 71c40e549b4fade8bed144aaff5a79ac
  custom:scripting/monoscript/fileName/TooltipManager.cs: 902a800de15a4facdbc6dbb1be6c1339 -> bc11dd805cb64c1c2f88cd7ae96fba24
  custom:video-encoder-webm-vp8: eb34c28f22e8b96e1ab97ce403110664 -> 
  custom:audio-decoder-ogg-vorbis: bf7c407c2cedff20999df2af8eb42d56 -> 
  custom:scripting/monoscript/fileName/Bullet.cs: 48ff13ede6c310cc0acf4a30e818a1de -> a4f5918e799041ba1f6608f13912eb8b
  custom:scripting/monoscript/fileName/TowerBuild.cs: 3807a8e615ef6a49dfd3f6bc5055a7a9 -> 9ea8b859a681512b782b9b3988d2f5f8
  custom:scripting/monoscript/fileName/Wave.cs: c8b913f1d5cb3bff026a08ce26c83aad -> 6e300e3b5d1a1dd15fa0115918e06e83
  custom:audio-encoder-webm-vorbis: bf7c407c2cedff20999df2af8eb42d56 -> 
  custom:scripting/monoscript/fileName/WaterReflection.cs: f1c57f2ce2c094032b710e8e5eb21bd7 -> 
  custom:scripting/monoscript/fileName/Tile.cs: e6480a408e34695897b31a69fad2b871 -> a94101d916c115d73aff3567a86e16d8
  custom:scripting/precompiled-assembly-types:Assembly-CSharp: e62b66366f159171f02e707cec416dc6 -> dff8c55d4e0e9ddc22cc808f571b8c31
========================================================================
Received Prepare
Caller must complete domain reload
Begin MonoManager ReloadAssembly
- Loaded All Assemblies, in  0.398 seconds
Native extension for WindowsStandalone target not found
Native extension for WebGL target not found
[Package Manager] Server::EnsureServerProcessIsRunning -- launch failed, reason: Unity was launched with the -noUpm command-line argument
[Package Manager] UpmClient::Send -- Unable to send message (not connected to UPM process).
[Package Manager] Cannot connect to Unity Package Manager local server
Mono: successfully reloaded assembly
- Finished resetting the current domain, in  0.920 seconds
Domain Reload Profiling: 1316ms
	BeginReloadAssembly (136ms)
		ExecutionOrderSort (0ms)
		DisableScriptedObjects (5ms)
		BackupInstance (0ms)
		ReleaseScriptingObjects (0ms)
		CreateAndSetChildDomain (26ms)
	RebuildCommonClasses (32ms)
	RebuildNativeTypeToScriptingClass (11ms)
	initialDomainReloadingComplete (27ms)
	LoadAllAssembliesAndSetupDomain (189ms)
		LoadAssemblies (249ms)
		RebuildTransferFunctionScriptingTraits (0ms)
		AnalyzeDomain (17ms)
			TypeCache.Refresh (6ms)
				TypeCache.ScanAssembly (0ms)
			ScanForSourceGeneratedMonoScriptInfo (0ms)
			ResolveRequiredComponents (8ms)
	FinalizeReload (920ms)
		ReleaseScriptCaches (0ms)
		RebuildScriptCaches (0ms)
		SetupLoadedEditorAssemblies (471ms)
			LogAssemblyErrors (0ms)
			InitializePlatformSupportModulesInManaged (8ms)
			SetLoadedEditorAssemblies (3ms)
			RefreshPlugins (0ms)
			BeforeProcessingInitializeOnLoad (65ms)
			ProcessInitializeOnLoadAttributes (364ms)
			ProcessInitializeOnLoadMethodAttributes (23ms)
			AfterProcessingInitializeOnLoad (8ms)
			EditorAssembliesLoaded (0ms)
		ExecutionOrderSort2 (0ms)
		AwakeInstancesAfterBackupRestoration (7ms)
Refreshing native plugins compatible for Editor in 4.03 ms, found 3 plugins.
Preloading 0 native plugins for Editor in 0.00 ms.
Unloading 3127 Unused Serialized files (Serialized files now loaded: 0)
Unloading 14 unused Assets / (28.6 KB). Loaded Objects now: 3853.
Memory consumption went from 135.3 MB to 135.3 MB.
Total: 2.971500 ms (FindLiveObjects: 0.505600 ms CreateObjectMapping: 0.108200 ms MarkObjects: 2.318500 ms  DeleteObjects: 0.037900 ms)

Prepare: number of updated asset objects reloaded= 0
AssetImportParameters requested are different than current active one (requested -> active):
  custom:container-demuxer-ogg: 62fdf1f143b41e24485cea50d1cbac27 -> 
  custom:scripting/monoscript/fileName/GameManager.cs: f6182d712e34e20e3202214886862cdb -> 9933fbcc6190e2a9171c2ec8808a053e
  custom:scripting/monoscript/fileName/Income.cs: 938d875b4ea58c05495f38a939171226 -> 
  custom:video-decoder-ogg-theora: a1e56fd34408186e4bbccfd4996cb3dc -> 
  custom:framework-win-MediaFoundation: 216162199b28c13a410421893ffa2e32 -> 
  custom:scripting/monoscript/fileName/Tower.cs: 0e51d5638e1e2b20f04394d6225c671a -> 16583eaf01662413665c0a8803428cd6
  custom:CustomObjectIndexerAttribute: 9a22284fe3817be447336de3de66b15e -> 
  custom:scripting/monoscript/fileName/Readme.cs: 5aedf578fb2663036982fb7b05aaf325 -> 
  custom:scripting/monoscript/fileName/Tooltip.cs: b7163f69ad820c51a0cfd3387a68b1d4 -> efb4e7ecf4b2142538150f2477ca1e4e
  custom:container-demuxer-webm: 4f35f7cbe854078d1ac9338744f61a02 -> 
  custom:scripting/monoscript/fileName/GoldMine.cs: bab3e2ee0cdfb32214ea1458d0239fb0 -> 
  custom:scripting/monoscript/fileName/GatheringHous.cs: 6a29be3f36fcfccf43587dfd206bf4d9 -> 
  custom:container-muxer-webm: aa71ff27fc2769a1b78a27578f13a17b -> 
  custom:scripting/monoscript/fileName/ReadmeEditor.cs: ff7ced1e41c1b99ddf5dfefc88f6bd50 -> 
  custom:video-decoder-webm-vp8: 9c59270c3fd7afecdb556c50c9e8de78 -> 
  custom:SearchIndexIgnoredProperties: e643bd26f0fe6173181afceb89e7c659 -> 
  custom:AudioImporter_EditorPlatform: d09bf68614088b80899f8185d706f6e7 -> 
  custom:scripting/monoscript/fileName/LumberMill.cs: c2d45524fbd0d6e9a670d983de5f81d7 -> 
  custom:scripting/monoscript/fileName/Slime.cs: e872c3a4bc36777cb1cc31d8379690c8 -> 05272bae05f111c6b0609e32e93d89d5
  custom:scripting/monoscript/fileName/Bar.cs: 890822e7dfd0f89892a6fd3ee944f62e -> 71c40e549b4fade8bed144aaff5a79ac
  custom:scripting/monoscript/fileName/TooltipManager.cs: 902a800de15a4facdbc6dbb1be6c1339 -> bc11dd805cb64c1c2f88cd7ae96fba24
  custom:video-encoder-webm-vp8: eb34c28f22e8b96e1ab97ce403110664 -> 
  custom:audio-decoder-ogg-vorbis: bf7c407c2cedff20999df2af8eb42d56 -> 
  custom:scripting/monoscript/fileName/Bullet.cs: 48ff13ede6c310cc0acf4a30e818a1de -> a4f5918e799041ba1f6608f13912eb8b
  custom:scripting/monoscript/fileName/TowerBuild.cs: 3807a8e615ef6a49dfd3f6bc5055a7a9 -> 9ea8b859a681512b782b9b3988d2f5f8
  custom:scripting/monoscript/fileName/Wave.cs: c8b913f1d5cb3bff026a08ce26c83aad -> 6e300e3b5d1a1dd15fa0115918e06e83
  custom:audio-encoder-webm-vorbis: bf7c407c2cedff20999df2af8eb42d56 -> 
  custom:scripting/monoscript/fileName/WaterReflection.cs: f1c57f2ce2c094032b710e8e5eb21bd7 -> 
  custom:scripting/monoscript/fileName/Tile.cs: e6480a408e34695897b31a69fad2b871 -> a94101d916c115d73aff3567a86e16d8
  custom:scripting/precompiled-assembly-types:Assembly-CSharp: e62b66366f159171f02e707cec416dc6 -> dff8c55d4e0e9ddc22cc808f571b8c31
========================================================================
Received Import Request.
  Time since last request: 706.090079 seconds.
  path: Assets/Scripts/entities/Slime.cs
  artifactKey: Guid(1d2603dbf24482e47bab3ed7cf9f73aa) Importer(815301076,1909f56bfc062723c751e8b465ee728b)
Start importing Assets/Scripts/entities/Slime.cs using Guid(1d2603dbf24482e47bab3ed7cf9f73aa) Importer(815301076,1909f56bfc062723c751e8b465ee728b) [PhysX] Initialized MultithreadedTaskDispatcher with 12 workers.
 -> (artifact id: '4850dfbe761732907e5b3258157d4331') in 0.001635 seconds
Number of updated asset objects reloaded before import = 0
Number of asset objects unloaded after import = 0
========================================================================
Received Import Request.
  Time since last request: 8.555625 seconds.
  path: Assets/Scripts/entities/Slime.cs
  artifactKey: Guid(1d2603dbf24482e47bab3ed7cf9f73aa) Importer(815301076,1909f56bfc062723c751e8b465ee728b)
Start importing Assets/Scripts/entities/Slime.cs using Guid(1d2603dbf24482e47bab3ed7cf9f73aa) Importer(815301076,1909f56bfc062723c751e8b465ee728b) [PhysX] Initialized MultithreadedTaskDispatcher with 12 workers.
 -> (artifact id: '3280c82944ace731dccb92c8cf939f72') in 0.000567 seconds
Number of updated asset objects reloaded before import = 0
Number of asset objects unloaded after import = 0
========================================================================
Received Prepare
Caller must complete domain reload
Begin MonoManager ReloadAssembly
- Loaded All Assemblies, in  0.516 seconds
Native extension for WindowsStandalone target not found
Native extension for WebGL target not found
[Package Manager] Server::EnsureServerProcessIsRunning -- launch failed, reason: Unity was launched with the -noUpm command-line argument
[Package Manager] UpmClient::Send -- Unable to send message (not connected to UPM process).
[Package Manager] Cannot connect to Unity Package Manager local server
Mono: successfully reloaded assembly
- Finished resetting the current domain, in  0.873 seconds
Domain Reload Profiling: 1387ms
	BeginReloadAssembly (229ms)
		ExecutionOrderSort (0ms)
		DisableScriptedObjects (4ms)
		BackupInstance (0ms)
		ReleaseScriptingObjects (0ms)
		CreateAndSetChildDomain (54ms)
	RebuildCommonClasses (33ms)
	RebuildNativeTypeToScriptingClass (14ms)
	initialDomainReloadingComplete (32ms)
	LoadAllAssembliesAndSetupDomain (205ms)
		LoadAssemblies (265ms)
		RebuildTransferFunctionScriptingTraits (0ms)
		AnalyzeDomain (24ms)
			TypeCache.Refresh (8ms)
				TypeCache.ScanAssembly (1ms)
			ScanForSourceGeneratedMonoScriptInfo (7ms)
			ResolveRequiredComponents (7ms)
	FinalizeReload (874ms)
		ReleaseScriptCaches (0ms)
		RebuildScriptCaches (0ms)
		SetupLoadedEditorAssemblies (425ms)
			LogAssemblyErrors (0ms)
			InitializePlatformSupportModulesInManaged (9ms)
			SetLoadedEditorAssemblies (3ms)
			RefreshPlugins (0ms)
			BeforeProcessingInitializeOnLoad (57ms)
			ProcessInitializeOnLoadAttributes (329ms)
			ProcessInitializeOnLoadMethodAttributes (20ms)
			AfterProcessingInitializeOnLoad (7ms)
			EditorAssembliesLoaded (0ms)
		ExecutionOrderSort2 (0ms)
		AwakeInstancesAfterBackupRestoration (6ms)
Refreshing native plugins compatible for Editor in 3.38 ms, found 3 plugins.
Preloading 0 native plugins for Editor in 0.00 ms.
Unloading 3126 Unused Serialized files (Serialized files now loaded: 0)
Unloading 14 unused Assets / (28.6 KB). Loaded Objects now: 3856.
Memory consumption went from 135.1 MB to 135.0 MB.
Total: 21.755300 ms (FindLiveObjects: 1.515200 ms CreateObjectMapping: 0.540400 ms MarkObjects: 19.636100 ms  DeleteObjects: 0.061800 ms)

Prepare: number of updated asset objects reloaded= 0
AssetImportParameters requested are different than current active one (requested -> active):
  custom:container-demuxer-ogg: 62fdf1f143b41e24485cea50d1cbac27 -> 
  custom:scripting/monoscript/fileName/GameManager.cs: f6182d712e34e20e3202214886862cdb -> 9933fbcc6190e2a9171c2ec8808a053e
  custom:scripting/monoscript/fileName/Income.cs: 938d875b4ea58c05495f38a939171226 -> 
  custom:video-decoder-ogg-theora: a1e56fd34408186e4bbccfd4996cb3dc -> 
  custom:framework-win-MediaFoundation: 216162199b28c13a410421893ffa2e32 -> 
  custom:scripting/monoscript/fileName/Tower.cs: 0e51d5638e1e2b20f04394d6225c671a -> 16583eaf01662413665c0a8803428cd6
  custom:CustomObjectIndexerAttribute: 9a22284fe3817be447336de3de66b15e -> 
  custom:scripting/monoscript/fileName/Readme.cs: 5aedf578fb2663036982fb7b05aaf325 -> 
  custom:scripting/monoscript/fileName/Tooltip.cs: b7163f69ad820c51a0cfd3387a68b1d4 -> efb4e7ecf4b2142538150f2477ca1e4e
  custom:container-demuxer-webm: 4f35f7cbe854078d1ac9338744f61a02 -> 
  custom:scripting/monoscript/fileName/GoldMine.cs: bab3e2ee0cdfb32214ea1458d0239fb0 -> 
  custom:scripting/monoscript/fileName/GatheringHous.cs: 6a29be3f36fcfccf43587dfd206bf4d9 -> 
  custom:container-muxer-webm: aa71ff27fc2769a1b78a27578f13a17b -> 
  custom:scripting/monoscript/fileName/ReadmeEditor.cs: ff7ced1e41c1b99ddf5dfefc88f6bd50 -> 
  custom:video-decoder-webm-vp8: 9c59270c3fd7afecdb556c50c9e8de78 -> 
  custom:SearchIndexIgnoredProperties: e643bd26f0fe6173181afceb89e7c659 -> 
  custom:AudioImporter_EditorPlatform: d09bf68614088b80899f8185d706f6e7 -> 
  custom:scripting/monoscript/fileName/LumberMill.cs: c2d45524fbd0d6e9a670d983de5f81d7 -> 
  custom:scripting/monoscript/fileName/Slime.cs: e872c3a4bc36777cb1cc31d8379690c8 -> 05272bae05f111c6b0609e32e93d89d5
  custom:scripting/monoscript/fileName/Bar.cs: 890822e7dfd0f89892a6fd3ee944f62e -> 71c40e549b4fade8bed144aaff5a79ac
  custom:scripting/monoscript/fileName/TooltipManager.cs: 902a800de15a4facdbc6dbb1be6c1339 -> bc11dd805cb64c1c2f88cd7ae96fba24
  custom:video-encoder-webm-vp8: eb34c28f22e8b96e1ab97ce403110664 -> 
  custom:audio-decoder-ogg-vorbis: bf7c407c2cedff20999df2af8eb42d56 -> 
  custom:scripting/monoscript/fileName/Bullet.cs: 48ff13ede6c310cc0acf4a30e818a1de -> a4f5918e799041ba1f6608f13912eb8b
  custom:scripting/monoscript/fileName/TowerBuild.cs: 3807a8e615ef6a49dfd3f6bc5055a7a9 -> 9ea8b859a681512b782b9b3988d2f5f8
  custom:scripting/monoscript/fileName/Wave.cs: c8b913f1d5cb3bff026a08ce26c83aad -> 6e300e3b5d1a1dd15fa0115918e06e83
  custom:audio-encoder-webm-vorbis: bf7c407c2cedff20999df2af8eb42d56 -> 
  custom:scripting/monoscript/fileName/WaterReflection.cs: f1c57f2ce2c094032b710e8e5eb21bd7 -> 
  custom:scripting/monoscript/fileName/Tile.cs: e6480a408e34695897b31a69fad2b871 -> a94101d916c115d73aff3567a86e16d8
  custom:scripting/precompiled-assembly-types:Assembly-CSharp: e62b66366f159171f02e707cec416dc6 -> dff8c55d4e0e9ddc22cc808f571b8c31
========================================================================
Received Prepare
Caller must complete domain reload
Begin MonoManager ReloadAssembly
- Loaded All Assemblies, in  0.405 seconds
Native extension for WindowsStandalone target not found
Native extension for WebGL target not found
[Package Manager] Server::EnsureServerProcessIsRunning -- launch failed, reason: Unity was launched with the -noUpm command-line argument
[Package Manager] UpmClient::Send -- Unable to send message (not connected to UPM process).
[Package Manager] Cannot connect to Unity Package Manager local server
Mono: successfully reloaded assembly
- Finished resetting the current domain, in  0.926 seconds
Domain Reload Profiling: 1329ms
	BeginReloadAssembly (136ms)
		ExecutionOrderSort (0ms)
		DisableScriptedObjects (4ms)
		BackupInstance (0ms)
		ReleaseScriptingObjects (0ms)
		CreateAndSetChildDomain (26ms)
	RebuildCommonClasses (32ms)
	RebuildNativeTypeToScriptingClass (16ms)
	initialDomainReloadingComplete (32ms)
	LoadAllAssembliesAndSetupDomain (186ms)
		LoadAssemblies (248ms)
		RebuildTransferFunctionScriptingTraits (0ms)
		AnalyzeDomain (13ms)
			TypeCache.Refresh (5ms)
				TypeCache.ScanAssembly (0ms)
			ScanForSourceGeneratedMonoScriptInfo (0ms)
			ResolveRequiredComponents (6ms)
	FinalizeReload (927ms)
		ReleaseScriptCaches (0ms)
		RebuildScriptCaches (0ms)
		SetupLoadedEditorAssemblies (440ms)
			LogAssemblyErrors (0ms)
			InitializePlatformSupportModulesInManaged (8ms)
			SetLoadedEditorAssemblies (3ms)
			RefreshPlugins (0ms)
			BeforeProcessingInitializeOnLoad (63ms)
			ProcessInitializeOnLoadAttributes (338ms)
			ProcessInitializeOnLoadMethodAttributes (21ms)
			AfterProcessingInitializeOnLoad (8ms)
			EditorAssembliesLoaded (0ms)
		ExecutionOrderSort2 (0ms)
		AwakeInstancesAfterBackupRestoration (7ms)
Refreshing native plugins compatible for Editor in 3.20 ms, found 3 plugins.
Preloading 0 native plugins for Editor in 0.00 ms.
Unloading 3127 Unused Serialized files (Serialized files now loaded: 0)
Unloading 14 unused Assets / (28.6 KB). Loaded Objects now: 3859.
Memory consumption went from 135.3 MB to 135.3 MB.
Total: 2.817500 ms (FindLiveObjects: 0.350500 ms CreateObjectMapping: 0.080500 ms MarkObjects: 2.340500 ms  DeleteObjects: 0.045100 ms)

Prepare: number of updated asset objects reloaded= 0
AssetImportParameters requested are different than current active one (requested -> active):
  custom:container-demuxer-ogg: 62fdf1f143b41e24485cea50d1cbac27 -> 
  custom:scripting/monoscript/fileName/GameManager.cs: f6182d712e34e20e3202214886862cdb -> 9933fbcc6190e2a9171c2ec8808a053e
  custom:scripting/monoscript/fileName/Income.cs: 938d875b4ea58c05495f38a939171226 -> 
  custom:video-decoder-ogg-theora: a1e56fd34408186e4bbccfd4996cb3dc -> 
  custom:framework-win-MediaFoundation: 216162199b28c13a410421893ffa2e32 -> 
  custom:scripting/monoscript/fileName/Tower.cs: 0e51d5638e1e2b20f04394d6225c671a -> 16583eaf01662413665c0a8803428cd6
  custom:CustomObjectIndexerAttribute: 9a22284fe3817be447336de3de66b15e -> 
  custom:scripting/monoscript/fileName/Readme.cs: 5aedf578fb2663036982fb7b05aaf325 -> 
  custom:scripting/monoscript/fileName/Tooltip.cs: b7163f69ad820c51a0cfd3387a68b1d4 -> efb4e7ecf4b2142538150f2477ca1e4e
  custom:container-demuxer-webm: 4f35f7cbe854078d1ac9338744f61a02 -> 
  custom:scripting/monoscript/fileName/GoldMine.cs: bab3e2ee0cdfb32214ea1458d0239fb0 -> 
  custom:scripting/monoscript/fileName/GatheringHous.cs: 6a29be3f36fcfccf43587dfd206bf4d9 -> 
  custom:container-muxer-webm: aa71ff27fc2769a1b78a27578f13a17b -> 
  custom:scripting/monoscript/fileName/ReadmeEditor.cs: ff7ced1e41c1b99ddf5dfefc88f6bd50 -> 
  custom:video-decoder-webm-vp8: 9c59270c3fd7afecdb556c50c9e8de78 -> 
  custom:SearchIndexIgnoredProperties: e643bd26f0fe6173181afceb89e7c659 -> 
  custom:AudioImporter_EditorPlatform: d09bf68614088b80899f8185d706f6e7 -> 
  custom:scripting/monoscript/fileName/LumberMill.cs: c2d45524fbd0d6e9a670d983de5f81d7 -> 
  custom:scripting/monoscript/fileName/Slime.cs: e872c3a4bc36777cb1cc31d8379690c8 -> 05272bae05f111c6b0609e32e93d89d5
  custom:scripting/monoscript/fileName/Bar.cs: 890822e7dfd0f89892a6fd3ee944f62e -> 71c40e549b4fade8bed144aaff5a79ac
  custom:scripting/monoscript/fileName/TooltipManager.cs: 902a800de15a4facdbc6dbb1be6c1339 -> bc11dd805cb64c1c2f88cd7ae96fba24
  custom:video-encoder-webm-vp8: eb34c28f22e8b96e1ab97ce403110664 -> 
  custom:audio-decoder-ogg-vorbis: bf7c407c2cedff20999df2af8eb42d56 -> 
  custom:scripting/monoscript/fileName/Bullet.cs: 48ff13ede6c310cc0acf4a30e818a1de -> a4f5918e799041ba1f6608f13912eb8b
  custom:scripting/monoscript/fileName/TowerBuild.cs: 3807a8e615ef6a49dfd3f6bc5055a7a9 -> 9ea8b859a681512b782b9b3988d2f5f8
  custom:scripting/monoscript/fileName/Wave.cs: c8b913f1d5cb3bff026a08ce26c83aad -> 6e300e3b5d1a1dd15fa0115918e06e83
  custom:audio-encoder-webm-vorbis: bf7c407c2cedff20999df2af8eb42d56 -> 
  custom:scripting/monoscript/fileName/WaterReflection.cs: f1c57f2ce2c094032b710e8e5eb21bd7 -> 
  custom:scripting/monoscript/fileName/Tile.cs: e6480a408e34695897b31a69fad2b871 -> a94101d916c115d73aff3567a86e16d8
  custom:scripting/precompiled-assembly-types:Assembly-CSharp: e62b66366f159171f02e707cec416dc6 -> dff8c55d4e0e9ddc22cc808f571b8c31
========================================================================
Received Prepare
Caller must complete domain reload
Begin MonoManager ReloadAssembly
- Loaded All Assemblies, in  0.529 seconds
Native extension for WindowsStandalone target not found
Native extension for WebGL target not found
[Package Manager] Server::EnsureServerProcessIsRunning -- launch failed, reason: Unity was launched with the -noUpm command-line argument
[Package Manager] UpmClient::Send -- Unable to send message (not connected to UPM process).
[Package Manager] Cannot connect to Unity Package Manager local server
Mono: successfully reloaded assembly
- Finished resetting the current domain, in  0.868 seconds
Domain Reload Profiling: 1395ms
	BeginReloadAssembly (235ms)
		ExecutionOrderSort (0ms)
		DisableScriptedObjects (4ms)
		BackupInstance (0ms)
		ReleaseScriptingObjects (0ms)
		CreateAndSetChildDomain (128ms)
	RebuildCommonClasses (32ms)
	RebuildNativeTypeToScriptingClass (11ms)
	initialDomainReloadingComplete (30ms)
	LoadAllAssembliesAndSetupDomain (217ms)
		LoadAssemblies (268ms)
		RebuildTransferFunctionScriptingTraits (0ms)
		AnalyzeDomain (21ms)
			TypeCache.Refresh (8ms)
				TypeCache.ScanAssembly (1ms)
			ScanForSourceGeneratedMonoScriptInfo (6ms)
			ResolveRequiredComponents (6ms)
	FinalizeReload (869ms)
		ReleaseScriptCaches (0ms)
		RebuildScriptCaches (0ms)
		SetupLoadedEditorAssemblies (414ms)
			LogAssemblyErrors (0ms)
			InitializePlatformSupportModulesInManaged (7ms)
			SetLoadedEditorAssemblies (3ms)
			RefreshPlugins (0ms)
			BeforeProcessingInitializeOnLoad (59ms)
			ProcessInitializeOnLoadAttributes (318ms)
			ProcessInitializeOnLoadMethodAttributes (20ms)
			AfterProcessingInitializeOnLoad (7ms)
			EditorAssembliesLoaded (0ms)
		ExecutionOrderSort2 (0ms)
		AwakeInstancesAfterBackupRestoration (7ms)
Refreshing native plugins compatible for Editor in 3.57 ms, found 3 plugins.
Preloading 0 native plugins for Editor in 0.00 ms.
Unloading 3127 Unused Serialized files (Serialized files now loaded: 0)
Unloading 14 unused Assets / (28.7 KB). Loaded Objects now: 3862.
Memory consumption went from 135.3 MB to 135.3 MB.
Total: 3.015800 ms (FindLiveObjects: 0.394700 ms CreateObjectMapping: 0.103400 ms MarkObjects: 2.471200 ms  DeleteObjects: 0.045700 ms)

Prepare: number of updated asset objects reloaded= 0
AssetImportParameters requested are different than current active one (requested -> active):
  custom:container-demuxer-ogg: 62fdf1f143b41e24485cea50d1cbac27 -> 
  custom:scripting/monoscript/fileName/GameManager.cs: f6182d712e34e20e3202214886862cdb -> 9933fbcc6190e2a9171c2ec8808a053e
  custom:scripting/monoscript/fileName/Income.cs: 938d875b4ea58c05495f38a939171226 -> 
  custom:video-decoder-ogg-theora: a1e56fd34408186e4bbccfd4996cb3dc -> 
  custom:framework-win-MediaFoundation: 216162199b28c13a410421893ffa2e32 -> 
  custom:scripting/monoscript/fileName/Tower.cs: 0e51d5638e1e2b20f04394d6225c671a -> 16583eaf01662413665c0a8803428cd6
  custom:CustomObjectIndexerAttribute: 9a22284fe3817be447336de3de66b15e -> 
  custom:scripting/monoscript/fileName/Readme.cs: 5aedf578fb2663036982fb7b05aaf325 -> 
  custom:scripting/monoscript/fileName/Tooltip.cs: b7163f69ad820c51a0cfd3387a68b1d4 -> efb4e7ecf4b2142538150f2477ca1e4e
  custom:container-demuxer-webm: 4f35f7cbe854078d1ac9338744f61a02 -> 
  custom:scripting/monoscript/fileName/GoldMine.cs: bab3e2ee0cdfb32214ea1458d0239fb0 -> 
  custom:scripting/monoscript/fileName/GatheringHous.cs: 6a29be3f36fcfccf43587dfd206bf4d9 -> 
  custom:container-muxer-webm: aa71ff27fc2769a1b78a27578f13a17b -> 
  custom:scripting/monoscript/fileName/ReadmeEditor.cs: ff7ced1e41c1b99ddf5dfefc88f6bd50 -> 
  custom:video-decoder-webm-vp8: 9c59270c3fd7afecdb556c50c9e8de78 -> 
  custom:SearchIndexIgnoredProperties: e643bd26f0fe6173181afceb89e7c659 -> 
  custom:AudioImporter_EditorPlatform: d09bf68614088b80899f8185d706f6e7 -> 
  custom:scripting/monoscript/fileName/LumberMill.cs: c2d45524fbd0d6e9a670d983de5f81d7 -> 
  custom:scripting/monoscript/fileName/Slime.cs: e872c3a4bc36777cb1cc31d8379690c8 -> 05272bae05f111c6b0609e32e93d89d5
  custom:scripting/monoscript/fileName/Bar.cs: 890822e7dfd0f89892a6fd3ee944f62e -> 71c40e549b4fade8bed144aaff5a79ac
  custom:scripting/monoscript/fileName/TooltipManager.cs: 902a800de15a4facdbc6dbb1be6c1339 -> bc11dd805cb64c1c2f88cd7ae96fba24
  custom:video-encoder-webm-vp8: eb34c28f22e8b96e1ab97ce403110664 -> 
  custom:audio-decoder-ogg-vorbis: bf7c407c2cedff20999df2af8eb42d56 -> 
  custom:scripting/monoscript/fileName/Bullet.cs: 48ff13ede6c310cc0acf4a30e818a1de -> a4f5918e799041ba1f6608f13912eb8b
  custom:scripting/monoscript/fileName/TowerBuild.cs: 3807a8e615ef6a49dfd3f6bc5055a7a9 -> 9ea8b859a681512b782b9b3988d2f5f8
  custom:scripting/monoscript/fileName/Wave.cs: c8b913f1d5cb3bff026a08ce26c83aad -> 6e300e3b5d1a1dd15fa0115918e06e83
  custom:audio-encoder-webm-vorbis: bf7c407c2cedff20999df2af8eb42d56 -> 
  custom:scripting/monoscript/fileName/WaterReflection.cs: f1c57f2ce2c094032b710e8e5eb21bd7 -> 
  custom:scripting/monoscript/fileName/Tile.cs: e6480a408e34695897b31a69fad2b871 -> a94101d916c115d73aff3567a86e16d8
  custom:scripting/precompiled-assembly-types:Assembly-CSharp: e62b66366f159171f02e707cec416dc6 -> dff8c55d4e0e9ddc22cc808f571b8c31
========================================================================
Received Prepare
Caller must complete domain reload
Begin MonoManager ReloadAssembly
- Loaded All Assemblies, in  0.405 seconds
Native extension for WindowsStandalone target not found
Native extension for WebGL target not found
[Package Manager] Server::EnsureServerProcessIsRunning -- launch failed, reason: Unity was launched with the -noUpm command-line argument
[Package Manager] UpmClient::Send -- Unable to send message (not connected to UPM process).
[Package Manager] Cannot connect to Unity Package Manager local server
Mono: successfully reloaded assembly
- Finished resetting the current domain, in  0.899 seconds
Domain Reload Profiling: 1301ms
	BeginReloadAssembly (139ms)
		ExecutionOrderSort (0ms)
		DisableScriptedObjects (4ms)
		BackupInstance (0ms)
		ReleaseScriptingObjects (0ms)
		CreateAndSetChildDomain (27ms)
	RebuildCommonClasses (35ms)
	RebuildNativeTypeToScriptingClass (11ms)
	initialDomainReloadingComplete (27ms)
	LoadAllAssembliesAndSetupDomain (190ms)
		LoadAssemblies (253ms)
		RebuildTransferFunctionScriptingTraits (0ms)
		AnalyzeDomain (14ms)
			TypeCache.Refresh (6ms)
				TypeCache.ScanAssembly (0ms)
			ScanForSourceGeneratedMonoScriptInfo (0ms)
			ResolveRequiredComponents (6ms)
	FinalizeReload (899ms)
		ReleaseScriptCaches (0ms)
		RebuildScriptCaches (0ms)
		SetupLoadedEditorAssemblies (453ms)
			LogAssemblyErrors (0ms)
			InitializePlatformSupportModulesInManaged (8ms)
			SetLoadedEditorAssemblies (3ms)
			RefreshPlugins (0ms)
			BeforeProcessingInitializeOnLoad (62ms)
			ProcessInitializeOnLoadAttributes (350ms)
			ProcessInitializeOnLoadMethodAttributes (21ms)
			AfterProcessingInitializeOnLoad (8ms)
			EditorAssembliesLoaded (0ms)
		ExecutionOrderSort2 (0ms)
		AwakeInstancesAfterBackupRestoration (7ms)
Refreshing native plugins compatible for Editor in 3.68 ms, found 3 plugins.
Preloading 0 native plugins for Editor in 0.00 ms.
Unloading 3127 Unused Serialized files (Serialized files now loaded: 0)
Unloading 14 unused Assets / (28.7 KB). Loaded Objects now: 3865.
Memory consumption went from 135.3 MB to 135.3 MB.
Total: 2.725100 ms (FindLiveObjects: 0.333300 ms CreateObjectMapping: 0.076400 ms MarkObjects: 2.279400 ms  DeleteObjects: 0.035400 ms)

Prepare: number of updated asset objects reloaded= 0
AssetImportParameters requested are different than current active one (requested -> active):
  custom:container-demuxer-ogg: 62fdf1f143b41e24485cea50d1cbac27 -> 
  custom:scripting/monoscript/fileName/GameManager.cs: f6182d712e34e20e3202214886862cdb -> 9933fbcc6190e2a9171c2ec8808a053e
  custom:scripting/monoscript/fileName/Income.cs: 938d875b4ea58c05495f38a939171226 -> 
  custom:video-decoder-ogg-theora: a1e56fd34408186e4bbccfd4996cb3dc -> 
  custom:framework-win-MediaFoundation: 216162199b28c13a410421893ffa2e32 -> 
  custom:scripting/monoscript/fileName/Tower.cs: 0e51d5638e1e2b20f04394d6225c671a -> 16583eaf01662413665c0a8803428cd6
  custom:CustomObjectIndexerAttribute: 9a22284fe3817be447336de3de66b15e -> 
  custom:scripting/monoscript/fileName/Readme.cs: 5aedf578fb2663036982fb7b05aaf325 -> 
  custom:scripting/monoscript/fileName/Tooltip.cs: b7163f69ad820c51a0cfd3387a68b1d4 -> efb4e7ecf4b2142538150f2477ca1e4e
  custom:container-demuxer-webm: 4f35f7cbe854078d1ac9338744f61a02 -> 
  custom:scripting/monoscript/fileName/GoldMine.cs: bab3e2ee0cdfb32214ea1458d0239fb0 -> 
  custom:scripting/monoscript/fileName/GatheringHous.cs: 6a29be3f36fcfccf43587dfd206bf4d9 -> 
  custom:container-muxer-webm: aa71ff27fc2769a1b78a27578f13a17b -> 
  custom:scripting/monoscript/fileName/ReadmeEditor.cs: ff7ced1e41c1b99ddf5dfefc88f6bd50 -> 
  custom:video-decoder-webm-vp8: 9c59270c3fd7afecdb556c50c9e8de78 -> 
  custom:SearchIndexIgnoredProperties: e643bd26f0fe6173181afceb89e7c659 -> 
  custom:AudioImporter_EditorPlatform: d09bf68614088b80899f8185d706f6e7 -> 
  custom:scripting/monoscript/fileName/LumberMill.cs: c2d45524fbd0d6e9a670d983de5f81d7 -> 
  custom:scripting/monoscript/fileName/Slime.cs: e872c3a4bc36777cb1cc31d8379690c8 -> 05272bae05f111c6b0609e32e93d89d5
  custom:scripting/monoscript/fileName/Bar.cs: 890822e7dfd0f89892a6fd3ee944f62e -> 71c40e549b4fade8bed144aaff5a79ac
  custom:scripting/monoscript/fileName/TooltipManager.cs: 902a800de15a4facdbc6dbb1be6c1339 -> bc11dd805cb64c1c2f88cd7ae96fba24
  custom:video-encoder-webm-vp8: eb34c28f22e8b96e1ab97ce403110664 -> 
  custom:audio-decoder-ogg-vorbis: bf7c407c2cedff20999df2af8eb42d56 -> 
  custom:scripting/monoscript/fileName/Bullet.cs: 48ff13ede6c310cc0acf4a30e818a1de -> a4f5918e799041ba1f6608f13912eb8b
  custom:scripting/monoscript/fileName/TowerBuild.cs: 3807a8e615ef6a49dfd3f6bc5055a7a9 -> 9ea8b859a681512b782b9b3988d2f5f8
  custom:scripting/monoscript/fileName/Wave.cs: c8b913f1d5cb3bff026a08ce26c83aad -> 6e300e3b5d1a1dd15fa0115918e06e83
  custom:audio-encoder-webm-vorbis: bf7c407c2cedff20999df2af8eb42d56 -> 
  custom:scripting/monoscript/fileName/WaterReflection.cs: f1c57f2ce2c094032b710e8e5eb21bd7 -> 
  custom:scripting/monoscript/fileName/Tile.cs: e6480a408e34695897b31a69fad2b871 -> a94101d916c115d73aff3567a86e16d8
  custom:scripting/precompiled-assembly-types:Assembly-CSharp: e62b66366f159171f02e707cec416dc6 -> dff8c55d4e0e9ddc22cc808f571b8c31
========================================================================
Received Prepare
Caller must complete domain reload
Begin MonoManager ReloadAssembly
- Loaded All Assemblies, in  0.425 seconds
Native extension for WindowsStandalone target not found
Native extension for WebGL target not found
[Package Manager] Server::EnsureServerProcessIsRunning -- launch failed, reason: Unity was launched with the -noUpm command-line argument
[Package Manager] UpmClient::Send -- Unable to send message (not connected to UPM process).
[Package Manager] Cannot connect to Unity Package Manager local server
Mono: successfully reloaded assembly
- Finished resetting the current domain, in  0.889 seconds
Domain Reload Profiling: 1312ms
	BeginReloadAssembly (141ms)
		ExecutionOrderSort (0ms)
		DisableScriptedObjects (4ms)
		BackupInstance (0ms)
		ReleaseScriptingObjects (0ms)
		CreateAndSetChildDomain (27ms)
	RebuildCommonClasses (32ms)
	RebuildNativeTypeToScriptingClass (12ms)
	initialDomainReloadingComplete (29ms)
	LoadAllAssembliesAndSetupDomain (208ms)
		LoadAssemblies (266ms)
		RebuildTransferFunctionScriptingTraits (0ms)
		AnalyzeDomain (22ms)
			TypeCache.Refresh (8ms)
				TypeCache.ScanAssembly (1ms)
			ScanForSourceGeneratedMonoScriptInfo (6ms)
			ResolveRequiredComponents (5ms)
	FinalizeReload (889ms)
		ReleaseScriptCaches (0ms)
		RebuildScriptCaches (0ms)
		SetupLoadedEditorAssemblies (426ms)
			LogAssemblyErrors (0ms)
			InitializePlatformSupportModulesInManaged (8ms)
			SetLoadedEditorAssemblies (3ms)
			RefreshPlugins (0ms)
			BeforeProcessingInitializeOnLoad (63ms)
			ProcessInitializeOnLoadAttributes (325ms)
			ProcessInitializeOnLoadMethodAttributes (19ms)
			AfterProcessingInitializeOnLoad (7ms)
			EditorAssembliesLoaded (0ms)
		ExecutionOrderSort2 (0ms)
		AwakeInstancesAfterBackupRestoration (6ms)
Refreshing native plugins compatible for Editor in 3.67 ms, found 3 plugins.
Preloading 0 native plugins for Editor in 0.00 ms.
Unloading 3127 Unused Serialized files (Serialized files now loaded: 0)
Unloading 14 unused Assets / (28.6 KB). Loaded Objects now: 3868.
Memory consumption went from 135.3 MB to 135.3 MB.
Total: 3.814300 ms (FindLiveObjects: 0.523300 ms CreateObjectMapping: 0.123700 ms MarkObjects: 3.105300 ms  DeleteObjects: 0.060900 ms)

Prepare: number of updated asset objects reloaded= 0
AssetImportParameters requested are different than current active one (requested -> active):
  custom:container-demuxer-ogg: 62fdf1f143b41e24485cea50d1cbac27 -> 
  custom:scripting/monoscript/fileName/GameManager.cs: f6182d712e34e20e3202214886862cdb -> 9933fbcc6190e2a9171c2ec8808a053e
  custom:scripting/monoscript/fileName/Income.cs: 938d875b4ea58c05495f38a939171226 -> 
  custom:video-decoder-ogg-theora: a1e56fd34408186e4bbccfd4996cb3dc -> 
  custom:framework-win-MediaFoundation: 216162199b28c13a410421893ffa2e32 -> 
  custom:scripting/monoscript/fileName/Tower.cs: 0e51d5638e1e2b20f04394d6225c671a -> 16583eaf01662413665c0a8803428cd6
  custom:CustomObjectIndexerAttribute: 9a22284fe3817be447336de3de66b15e -> 
  custom:scripting/monoscript/fileName/Readme.cs: 5aedf578fb2663036982fb7b05aaf325 -> 
  custom:scripting/monoscript/fileName/Tooltip.cs: b7163f69ad820c51a0cfd3387a68b1d4 -> efb4e7ecf4b2142538150f2477ca1e4e
  custom:container-demuxer-webm: 4f35f7cbe854078d1ac9338744f61a02 -> 
  custom:scripting/monoscript/fileName/GoldMine.cs: bab3e2ee0cdfb32214ea1458d0239fb0 -> 
  custom:scripting/monoscript/fileName/GatheringHous.cs: 6a29be3f36fcfccf43587dfd206bf4d9 -> 
  custom:container-muxer-webm: aa71ff27fc2769a1b78a27578f13a17b -> 
  custom:scripting/monoscript/fileName/ReadmeEditor.cs: ff7ced1e41c1b99ddf5dfefc88f6bd50 -> 
  custom:video-decoder-webm-vp8: 9c59270c3fd7afecdb556c50c9e8de78 -> 
  custom:SearchIndexIgnoredProperties: e643bd26f0fe6173181afceb89e7c659 -> 
  custom:AudioImporter_EditorPlatform: d09bf68614088b80899f8185d706f6e7 -> 
  custom:scripting/monoscript/fileName/LumberMill.cs: c2d45524fbd0d6e9a670d983de5f81d7 -> 
  custom:scripting/monoscript/fileName/Slime.cs: e872c3a4bc36777cb1cc31d8379690c8 -> 05272bae05f111c6b0609e32e93d89d5
  custom:scripting/monoscript/fileName/Bar.cs: 890822e7dfd0f89892a6fd3ee944f62e -> 71c40e549b4fade8bed144aaff5a79ac
  custom:scripting/monoscript/fileName/TooltipManager.cs: 902a800de15a4facdbc6dbb1be6c1339 -> bc11dd805cb64c1c2f88cd7ae96fba24
  custom:video-encoder-webm-vp8: eb34c28f22e8b96e1ab97ce403110664 -> 
  custom:audio-decoder-ogg-vorbis: bf7c407c2cedff20999df2af8eb42d56 -> 
  custom:scripting/monoscript/fileName/Bullet.cs: 48ff13ede6c310cc0acf4a30e818a1de -> a4f5918e799041ba1f6608f13912eb8b
  custom:scripting/monoscript/fileName/TowerBuild.cs: 3807a8e615ef6a49dfd3f6bc5055a7a9 -> 9ea8b859a681512b782b9b3988d2f5f8
  custom:scripting/monoscript/fileName/Wave.cs: c8b913f1d5cb3bff026a08ce26c83aad -> 6e300e3b5d1a1dd15fa0115918e06e83
  custom:audio-encoder-webm-vorbis: bf7c407c2cedff20999df2af8eb42d56 -> 
  custom:scripting/monoscript/fileName/WaterReflection.cs: f1c57f2ce2c094032b710e8e5eb21bd7 -> 
  custom:scripting/monoscript/fileName/Tile.cs: e6480a408e34695897b31a69fad2b871 -> a94101d916c115d73aff3567a86e16d8
  custom:scripting/precompiled-assembly-types:Assembly-CSharp: e62b66366f159171f02e707cec416dc6 -> dff8c55d4e0e9ddc22cc808f571b8c31
========================================================================
Received Prepare
Caller must complete domain reload
Begin MonoManager ReloadAssembly
- Loaded All Assemblies, in  0.412 seconds
Native extension for WindowsStandalone target not found
Native extension for WebGL target not found
[Package Manager] Server::EnsureServerProcessIsRunning -- launch failed, reason: Unity was launched with the -noUpm command-line argument
[Package Manager] UpmClient::Send -- Unable to send message (not connected to UPM process).
[Package Manager] Cannot connect to Unity Package Manager local server
Mono: successfully reloaded assembly
- Finished resetting the current domain, in  0.916 seconds
Domain Reload Profiling: 1326ms
	BeginReloadAssembly (147ms)
		ExecutionOrderSort (0ms)
		DisableScriptedObjects (5ms)
		BackupInstance (0ms)
		ReleaseScriptingObjects (0ms)
		CreateAndSetChildDomain (29ms)
	RebuildCommonClasses (32ms)
	RebuildNativeTypeToScriptingClass (11ms)
	initialDomainReloadingComplete (27ms)
	LoadAllAssembliesAndSetupDomain (192ms)
		LoadAssemblies (262ms)
		RebuildTransferFunctionScriptingTraits (0ms)
		AnalyzeDomain (13ms)
			TypeCache.Refresh (5ms)
				TypeCache.ScanAssembly (0ms)
			ScanForSourceGeneratedMonoScriptInfo (0ms)
			ResolveRequiredComponents (6ms)
	FinalizeReload (917ms)
		ReleaseScriptCaches (0ms)
		RebuildScriptCaches (0ms)
		SetupLoadedEditorAssemblies (455ms)
			LogAssemblyErrors (0ms)
			InitializePlatformSupportModulesInManaged (8ms)
			SetLoadedEditorAssemblies (4ms)
			RefreshPlugins (0ms)
			BeforeProcessingInitializeOnLoad (63ms)
			ProcessInitializeOnLoadAttributes (349ms)
			ProcessInitializeOnLoadMethodAttributes (22ms)
			AfterProcessingInitializeOnLoad (9ms)
			EditorAssembliesLoaded (0ms)
		ExecutionOrderSort2 (0ms)
		AwakeInstancesAfterBackupRestoration (7ms)
Refreshing native plugins compatible for Editor in 3.25 ms, found 3 plugins.
Preloading 0 native plugins for Editor in 0.00 ms.
Unloading 3127 Unused Serialized files (Serialized files now loaded: 0)
Unloading 14 unused Assets / (28.6 KB). Loaded Objects now: 3871.
Memory consumption went from 135.4 MB to 135.4 MB.
Total: 2.982700 ms (FindLiveObjects: 0.364400 ms CreateObjectMapping: 0.155900 ms MarkObjects: 2.420000 ms  DeleteObjects: 0.041600 ms)

Prepare: number of updated asset objects reloaded= 0
AssetImportParameters requested are different than current active one (requested -> active):
  custom:container-demuxer-ogg: 62fdf1f143b41e24485cea50d1cbac27 -> 
  custom:scripting/monoscript/fileName/GameManager.cs: f6182d712e34e20e3202214886862cdb -> 9933fbcc6190e2a9171c2ec8808a053e
  custom:scripting/monoscript/fileName/Income.cs: 938d875b4ea58c05495f38a939171226 -> 
  custom:video-decoder-ogg-theora: a1e56fd34408186e4bbccfd4996cb3dc -> 
  custom:framework-win-MediaFoundation: 216162199b28c13a410421893ffa2e32 -> 
  custom:scripting/monoscript/fileName/Tower.cs: 0e51d5638e1e2b20f04394d6225c671a -> 16583eaf01662413665c0a8803428cd6
  custom:CustomObjectIndexerAttribute: 9a22284fe3817be447336de3de66b15e -> 
  custom:scripting/monoscript/fileName/Readme.cs: 5aedf578fb2663036982fb7b05aaf325 -> 
  custom:scripting/monoscript/fileName/Tooltip.cs: b7163f69ad820c51a0cfd3387a68b1d4 -> efb4e7ecf4b2142538150f2477ca1e4e
  custom:container-demuxer-webm: 4f35f7cbe854078d1ac9338744f61a02 -> 
  custom:scripting/monoscript/fileName/GoldMine.cs: bab3e2ee0cdfb32214ea1458d0239fb0 -> 
  custom:scripting/monoscript/fileName/GatheringHous.cs: 6a29be3f36fcfccf43587dfd206bf4d9 -> 
  custom:container-muxer-webm: aa71ff27fc2769a1b78a27578f13a17b -> 
  custom:scripting/monoscript/fileName/ReadmeEditor.cs: ff7ced1e41c1b99ddf5dfefc88f6bd50 -> 
  custom:video-decoder-webm-vp8: 9c59270c3fd7afecdb556c50c9e8de78 -> 
  custom:SearchIndexIgnoredProperties: e643bd26f0fe6173181afceb89e7c659 -> 
  custom:AudioImporter_EditorPlatform: d09bf68614088b80899f8185d706f6e7 -> 
  custom:scripting/monoscript/fileName/LumberMill.cs: c2d45524fbd0d6e9a670d983de5f81d7 -> 
  custom:scripting/monoscript/fileName/Slime.cs: e872c3a4bc36777cb1cc31d8379690c8 -> 05272bae05f111c6b0609e32e93d89d5
  custom:scripting/monoscript/fileName/Bar.cs: 890822e7dfd0f89892a6fd3ee944f62e -> 71c40e549b4fade8bed144aaff5a79ac
  custom:scripting/monoscript/fileName/TooltipManager.cs: 902a800de15a4facdbc6dbb1be6c1339 -> bc11dd805cb64c1c2f88cd7ae96fba24
  custom:video-encoder-webm-vp8: eb34c28f22e8b96e1ab97ce403110664 -> 
  custom:audio-decoder-ogg-vorbis: bf7c407c2cedff20999df2af8eb42d56 -> 
  custom:scripting/monoscript/fileName/Bullet.cs: 48ff13ede6c310cc0acf4a30e818a1de -> a4f5918e799041ba1f6608f13912eb8b
  custom:scripting/monoscript/fileName/TowerBuild.cs: 3807a8e615ef6a49dfd3f6bc5055a7a9 -> 9ea8b859a681512b782b9b3988d2f5f8
  custom:scripting/monoscript/fileName/Wave.cs: c8b913f1d5cb3bff026a08ce26c83aad -> 6e300e3b5d1a1dd15fa0115918e06e83
  custom:audio-encoder-webm-vorbis: bf7c407c2cedff20999df2af8eb42d56 -> 
  custom:scripting/monoscript/fileName/WaterReflection.cs: f1c57f2ce2c094032b710e8e5eb21bd7 -> 
  custom:scripting/monoscript/fileName/Tile.cs: e6480a408e34695897b31a69fad2b871 -> a94101d916c115d73aff3567a86e16d8
  custom:scripting/precompiled-assembly-types:Assembly-CSharp: e62b66366f159171f02e707cec416dc6 -> dff8c55d4e0e9ddc22cc808f571b8c31
========================================================================
Received Prepare
Caller must complete domain reload
Begin MonoManager ReloadAssembly
- Loaded All Assemblies, in  0.454 seconds
Native extension for WindowsStandalone target not found
Native extension for WebGL target not found
[Package Manager] Server::EnsureServerProcessIsRunning -- launch failed, reason: Unity was launched with the -noUpm command-line argument
[Package Manager] UpmClient::Send -- Unable to send message (not connected to UPM process).
[Package Manager] Cannot connect to Unity Package Manager local server
Mono: successfully reloaded assembly
- Finished resetting the current domain, in  0.890 seconds
Domain Reload Profiling: 1341ms
	BeginReloadAssembly (171ms)
		ExecutionOrderSort (0ms)
		DisableScriptedObjects (5ms)
		BackupInstance (0ms)
		ReleaseScriptingObjects (0ms)
		CreateAndSetChildDomain (28ms)
	RebuildCommonClasses (43ms)
	RebuildNativeTypeToScriptingClass (13ms)
	initialDomainReloadingComplete (27ms)
	LoadAllAssembliesAndSetupDomain (197ms)
		LoadAssemblies (280ms)
		RebuildTransferFunctionScriptingTraits (0ms)
		AnalyzeDomain (24ms)
			TypeCache.Refresh (10ms)
				TypeCache.ScanAssembly (1ms)
			ScanForSourceGeneratedMonoScriptInfo (7ms)
			ResolveRequiredComponents (5ms)
	FinalizeReload (890ms)
		ReleaseScriptCaches (0ms)
		RebuildScriptCaches (0ms)
		SetupLoadedEditorAssemblies (425ms)
			LogAssemblyErrors (0ms)
			InitializePlatformSupportModulesInManaged (7ms)
			SetLoadedEditorAssemblies (3ms)
			RefreshPlugins (0ms)
			BeforeProcessingInitializeOnLoad (56ms)
			ProcessInitializeOnLoadAttributes (333ms)
			ProcessInitializeOnLoadMethodAttributes (18ms)
			AfterProcessingInitializeOnLoad (7ms)
			EditorAssembliesLoaded (0ms)
		ExecutionOrderSort2 (0ms)
		AwakeInstancesAfterBackupRestoration (6ms)
Refreshing native plugins compatible for Editor in 3.12 ms, found 3 plugins.
Preloading 0 native plugins for Editor in 0.00 ms.
Unloading 3127 Unused Serialized files (Serialized files now loaded: 0)
Unloading 14 unused Assets / (28.7 KB). Loaded Objects now: 3874.
Memory consumption went from 135.4 MB to 135.4 MB.
Total: 2.768900 ms (FindLiveObjects: 0.326700 ms CreateObjectMapping: 0.077400 ms MarkObjects: 2.320000 ms  DeleteObjects: 0.043700 ms)

Prepare: number of updated asset objects reloaded= 0
AssetImportParameters requested are different than current active one (requested -> active):
  custom:container-demuxer-ogg: 62fdf1f143b41e24485cea50d1cbac27 -> 
  custom:scripting/monoscript/fileName/GameManager.cs: f6182d712e34e20e3202214886862cdb -> 9933fbcc6190e2a9171c2ec8808a053e
  custom:scripting/monoscript/fileName/Income.cs: 938d875b4ea58c05495f38a939171226 -> 
  custom:video-decoder-ogg-theora: a1e56fd34408186e4bbccfd4996cb3dc -> 
  custom:framework-win-MediaFoundation: 216162199b28c13a410421893ffa2e32 -> 
  custom:scripting/monoscript/fileName/Tower.cs: 0e51d5638e1e2b20f04394d6225c671a -> 16583eaf01662413665c0a8803428cd6
  custom:CustomObjectIndexerAttribute: 9a22284fe3817be447336de3de66b15e -> 
  custom:scripting/monoscript/fileName/Readme.cs: 5aedf578fb2663036982fb7b05aaf325 -> 
  custom:scripting/monoscript/fileName/Tooltip.cs: b7163f69ad820c51a0cfd3387a68b1d4 -> efb4e7ecf4b2142538150f2477ca1e4e
  custom:container-demuxer-webm: 4f35f7cbe854078d1ac9338744f61a02 -> 
  custom:scripting/monoscript/fileName/GoldMine.cs: bab3e2ee0cdfb32214ea1458d0239fb0 -> 
  custom:scripting/monoscript/fileName/GatheringHous.cs: 6a29be3f36fcfccf43587dfd206bf4d9 -> 
  custom:container-muxer-webm: aa71ff27fc2769a1b78a27578f13a17b -> 
  custom:scripting/monoscript/fileName/ReadmeEditor.cs: ff7ced1e41c1b99ddf5dfefc88f6bd50 -> 
  custom:video-decoder-webm-vp8: 9c59270c3fd7afecdb556c50c9e8de78 -> 
  custom:SearchIndexIgnoredProperties: e643bd26f0fe6173181afceb89e7c659 -> 
  custom:AudioImporter_EditorPlatform: d09bf68614088b80899f8185d706f6e7 -> 
  custom:scripting/monoscript/fileName/LumberMill.cs: c2d45524fbd0d6e9a670d983de5f81d7 -> 
  custom:scripting/monoscript/fileName/Slime.cs: e872c3a4bc36777cb1cc31d8379690c8 -> 05272bae05f111c6b0609e32e93d89d5
  custom:scripting/monoscript/fileName/Bar.cs: 890822e7dfd0f89892a6fd3ee944f62e -> 71c40e549b4fade8bed144aaff5a79ac
  custom:scripting/monoscript/fileName/TooltipManager.cs: 902a800de15a4facdbc6dbb1be6c1339 -> bc11dd805cb64c1c2f88cd7ae96fba24
  custom:video-encoder-webm-vp8: eb34c28f22e8b96e1ab97ce403110664 -> 
  custom:audio-decoder-ogg-vorbis: bf7c407c2cedff20999df2af8eb42d56 -> 
  custom:scripting/monoscript/fileName/Bullet.cs: 48ff13ede6c310cc0acf4a30e818a1de -> a4f5918e799041ba1f6608f13912eb8b
  custom:scripting/monoscript/fileName/TowerBuild.cs: 3807a8e615ef6a49dfd3f6bc5055a7a9 -> 9ea8b859a681512b782b9b3988d2f5f8
  custom:scripting/monoscript/fileName/Wave.cs: c8b913f1d5cb3bff026a08ce26c83aad -> 6e300e3b5d1a1dd15fa0115918e06e83
  custom:audio-encoder-webm-vorbis: bf7c407c2cedff20999df2af8eb42d56 -> 
  custom:scripting/monoscript/fileName/WaterReflection.cs: f1c57f2ce2c094032b710e8e5eb21bd7 -> 
  custom:scripting/monoscript/fileName/Tile.cs: e6480a408e34695897b31a69fad2b871 -> a94101d916c115d73aff3567a86e16d8
  custom:scripting/precompiled-assembly-types:Assembly-CSharp: e62b66366f159171f02e707cec416dc6 -> dff8c55d4e0e9ddc22cc808f571b8c31
========================================================================
Received Prepare
Caller must complete domain reload
Begin MonoManager ReloadAssembly
- Loaded All Assemblies, in  0.423 seconds
Native extension for WindowsStandalone target not found
Native extension for WebGL target not found
[Package Manager] Server::EnsureServerProcessIsRunning -- launch failed, reason: Unity was launched with the -noUpm command-line argument
[Package Manager] UpmClient::Send -- Unable to send message (not connected to UPM process).
[Package Manager] Cannot connect to Unity Package Manager local server
Mono: successfully reloaded assembly
- Finished resetting the current domain, in  0.964 seconds
Domain Reload Profiling: 1383ms
	BeginReloadAssembly (145ms)
		ExecutionOrderSort (0ms)
		DisableScriptedObjects (4ms)
		BackupInstance (0ms)
		ReleaseScriptingObjects (0ms)
		CreateAndSetChildDomain (28ms)
	RebuildCommonClasses (32ms)
	RebuildNativeTypeToScriptingClass (11ms)
	initialDomainReloadingComplete (31ms)
	LoadAllAssembliesAndSetupDomain (200ms)
		LoadAssemblies (270ms)
		RebuildTransferFunctionScriptingTraits (0ms)
		AnalyzeDomain (12ms)
			TypeCache.Refresh (5ms)
				TypeCache.ScanAssembly (0ms)
			ScanForSourceGeneratedMonoScriptInfo (0ms)
			ResolveRequiredComponents (6ms)
	FinalizeReload (964ms)
		ReleaseScriptCaches (0ms)
		RebuildScriptCaches (0ms)
		SetupLoadedEditorAssemblies (493ms)
			LogAssemblyErrors (0ms)
			InitializePlatformSupportModulesInManaged (10ms)
			SetLoadedEditorAssemblies (3ms)
			RefreshPlugins (0ms)
			BeforeProcessingInitializeOnLoad (69ms)
			ProcessInitializeOnLoadAttributes (376ms)
			ProcessInitializeOnLoadMethodAttributes (25ms)
			AfterProcessingInitializeOnLoad (10ms)
			EditorAssembliesLoaded (0ms)
		ExecutionOrderSort2 (0ms)
		AwakeInstancesAfterBackupRestoration (7ms)
Refreshing native plugins compatible for Editor in 3.88 ms, found 3 plugins.
Preloading 0 native plugins for Editor in 0.00 ms.
Unloading 3127 Unused Serialized files (Serialized files now loaded: 0)
Unloading 14 unused Assets / (28.8 KB). Loaded Objects now: 3877.
Memory consumption went from 135.4 MB to 135.4 MB.
Total: 3.138600 ms (FindLiveObjects: 0.338200 ms CreateObjectMapping: 0.079000 ms MarkObjects: 2.674100 ms  DeleteObjects: 0.046300 ms)

Prepare: number of updated asset objects reloaded= 0
AssetImportParameters requested are different than current active one (requested -> active):
  custom:container-demuxer-ogg: 62fdf1f143b41e24485cea50d1cbac27 -> 
  custom:scripting/monoscript/fileName/GameManager.cs: f6182d712e34e20e3202214886862cdb -> 9933fbcc6190e2a9171c2ec8808a053e
  custom:scripting/monoscript/fileName/Income.cs: 938d875b4ea58c05495f38a939171226 -> 
  custom:video-decoder-ogg-theora: a1e56fd34408186e4bbccfd4996cb3dc -> 
  custom:framework-win-MediaFoundation: 216162199b28c13a410421893ffa2e32 -> 
  custom:scripting/monoscript/fileName/Tower.cs: 0e51d5638e1e2b20f04394d6225c671a -> 16583eaf01662413665c0a8803428cd6
  custom:CustomObjectIndexerAttribute: 9a22284fe3817be447336de3de66b15e -> 
  custom:scripting/monoscript/fileName/Readme.cs: 5aedf578fb2663036982fb7b05aaf325 -> 
  custom:scripting/monoscript/fileName/Tooltip.cs: b7163f69ad820c51a0cfd3387a68b1d4 -> efb4e7ecf4b2142538150f2477ca1e4e
  custom:container-demuxer-webm: 4f35f7cbe854078d1ac9338744f61a02 -> 
  custom:scripting/monoscript/fileName/GoldMine.cs: bab3e2ee0cdfb32214ea1458d0239fb0 -> 
  custom:scripting/monoscript/fileName/GatheringHous.cs: 6a29be3f36fcfccf43587dfd206bf4d9 -> 
  custom:container-muxer-webm: aa71ff27fc2769a1b78a27578f13a17b -> 
  custom:scripting/monoscript/fileName/ReadmeEditor.cs: ff7ced1e41c1b99ddf5dfefc88f6bd50 -> 
  custom:video-decoder-webm-vp8: 9c59270c3fd7afecdb556c50c9e8de78 -> 
  custom:SearchIndexIgnoredProperties: e643bd26f0fe6173181afceb89e7c659 -> 
  custom:AudioImporter_EditorPlatform: d09bf68614088b80899f8185d706f6e7 -> 
  custom:scripting/monoscript/fileName/LumberMill.cs: c2d45524fbd0d6e9a670d983de5f81d7 -> 
  custom:scripting/monoscript/fileName/Slime.cs: e872c3a4bc36777cb1cc31d8379690c8 -> 05272bae05f111c6b0609e32e93d89d5
  custom:scripting/monoscript/fileName/Bar.cs: 890822e7dfd0f89892a6fd3ee944f62e -> 71c40e549b4fade8bed144aaff5a79ac
  custom:scripting/monoscript/fileName/TooltipManager.cs: 902a800de15a4facdbc6dbb1be6c1339 -> bc11dd805cb64c1c2f88cd7ae96fba24
  custom:video-encoder-webm-vp8: eb34c28f22e8b96e1ab97ce403110664 -> 
  custom:audio-decoder-ogg-vorbis: bf7c407c2cedff20999df2af8eb42d56 -> 
  custom:scripting/monoscript/fileName/Bullet.cs: 48ff13ede6c310cc0acf4a30e818a1de -> a4f5918e799041ba1f6608f13912eb8b
  custom:scripting/monoscript/fileName/TowerBuild.cs: 3807a8e615ef6a49dfd3f6bc5055a7a9 -> 9ea8b859a681512b782b9b3988d2f5f8
  custom:scripting/monoscript/fileName/Wave.cs: c8b913f1d5cb3bff026a08ce26c83aad -> 6e300e3b5d1a1dd15fa0115918e06e83
  custom:audio-encoder-webm-vorbis: bf7c407c2cedff20999df2af8eb42d56 -> 
  custom:scripting/monoscript/fileName/WaterReflection.cs: f1c57f2ce2c094032b710e8e5eb21bd7 -> 
  custom:scripting/monoscript/fileName/Tile.cs: e6480a408e34695897b31a69fad2b871 -> a94101d916c115d73aff3567a86e16d8
  custom:scripting/precompiled-assembly-types:Assembly-CSharp: e62b66366f159171f02e707cec416dc6 -> dff8c55d4e0e9ddc22cc808f571b8c31
========================================================================
Received Import Request.
  Time since last request: 152.144300 seconds.
  path: Assets/Prefabs/Arrow.prefab
  artifactKey: Guid(e530754f8a214b643a54123eaa798bef) Importer(815301076,1909f56bfc062723c751e8b465ee728b)
Start importing Assets/Prefabs/Arrow.prefab using Guid(e530754f8a214b643a54123eaa798bef) Importer(815301076,1909f56bfc062723c751e8b465ee728b) [PhysX] Initialized MultithreadedTaskDispatcher with 12 workers.
 -> (artifact id: 'c5cc7a11c0c8d509b26fe38ea92241b7') in 0.001722 seconds
Number of updated asset objects reloaded before import = 0
Number of asset objects unloaded after import = 0
========================================================================
Received Import Request.
  Time since last request: 0.000017 seconds.
  path: Assets/Prefabs/Slime.prefab
  artifactKey: Guid(8d8f34502b2fc3a4a8ba0edc6484040f) Importer(815301076,1909f56bfc062723c751e8b465ee728b)
Start importing Assets/Prefabs/Slime.prefab using Guid(8d8f34502b2fc3a4a8ba0edc6484040f) Importer(815301076,1909f56bfc062723c751e8b465ee728b) [PhysX] Initialized MultithreadedTaskDispatcher with 12 workers.
 -> (artifact id: 'd7514c963ff01dcf12993ccf883ee164') in 0.000600 seconds
Number of updated asset objects reloaded before import = 0
Number of asset objects unloaded after import = 0
========================================================================
Received Import Request.
  Time since last request: 47.660843 seconds.
  path: Assets/Prefabs/ArrowTower.prefab
  artifactKey: Guid(5824a3eb4c50251438fc8288b90d6a00) Importer(815301076,1909f56bfc062723c751e8b465ee728b)
Start importing Assets/Prefabs/ArrowTower.prefab using Guid(5824a3eb4c50251438fc8288b90d6a00) Importer(815301076,1909f56bfc062723c751e8b465ee728b) [PhysX] Initialized MultithreadedTaskDispatcher with 12 workers.
 -> (artifact id: '6af1c2bce3733489e96ab2331808d53d') in 0.000472 seconds
Number of updated asset objects reloaded before import = 0
Number of asset objects unloaded after import = 0
========================================================================
Received Import Request.
  Time since last request: 0.019322 seconds.
  path: Assets/Prefabs/Arrow.prefab
  artifactKey: Guid(e530754f8a214b643a54123eaa798bef) Importer(815301076,1909f56bfc062723c751e8b465ee728b)
Start importing Assets/Prefabs/Arrow.prefab using Guid(e530754f8a214b643a54123eaa798bef) Importer(815301076,1909f56bfc062723c751e8b465ee728b) [PhysX] Initialized MultithreadedTaskDispatcher with 12 workers.
 -> (artifact id: 'c5cc7a11c0c8d509b26fe38ea92241b7') in 0.000504 seconds
Number of updated asset objects reloaded before import = 0
Number of asset objects unloaded after import = 0
========================================================================
Received Import Request.
  Time since last request: 91.894457 seconds.
  path: Assets/Prefabs/Arrow.prefab
  artifactKey: Guid(e530754f8a214b643a54123eaa798bef) Importer(815301076,1909f56bfc062723c751e8b465ee728b)
Start importing Assets/Prefabs/Arrow.prefab using Guid(e530754f8a214b643a54123eaa798bef) Importer(815301076,1909f56bfc062723c751e8b465ee728b) [PhysX] Initialized MultithreadedTaskDispatcher with 12 workers.
 -> (artifact id: 'c5cc7a11c0c8d509b26fe38ea92241b7') in 0.000527 seconds
Number of updated asset objects reloaded before import = 0
Number of asset objects unloaded after import = 0
========================================================================
Received Import Request.
  Time since last request: 0.000016 seconds.
  path: Assets/Prefabs/Slime.prefab
  artifactKey: Guid(8d8f34502b2fc3a4a8ba0edc6484040f) Importer(815301076,1909f56bfc062723c751e8b465ee728b)
Start importing Assets/Prefabs/Slime.prefab using Guid(8d8f34502b2fc3a4a8ba0edc6484040f) Importer(815301076,1909f56bfc062723c751e8b465ee728b) [PhysX] Initialized MultithreadedTaskDispatcher with 12 workers.
 -> (artifact id: '0fecb660f33d72e5bc8a73a3813cfbc3') in 0.000317 seconds
Number of updated asset objects reloaded before import = 0
Number of asset objects unloaded after import = 0
========================================================================
Received Import Request.
  Time since last request: 49.295882 seconds.
  path: Assets/Prefabs/Arrow.prefab
  artifactKey: Guid(e530754f8a214b643a54123eaa798bef) Importer(815301076,1909f56bfc062723c751e8b465ee728b)
Start importing Assets/Prefabs/Arrow.prefab using Guid(e530754f8a214b643a54123eaa798bef) Importer(815301076,1909f56bfc062723c751e8b465ee728b) [PhysX] Initialized MultithreadedTaskDispatcher with 12 workers.
 -> (artifact id: 'c5cc7a11c0c8d509b26fe38ea92241b7') in 0.000527 seconds
Number of updated asset objects reloaded before import = 0
Number of asset objects unloaded after import = 0
========================================================================
Received Import Request.
  Time since last request: 0.000016 seconds.
  path: Assets/Prefabs/Slime.prefab
  artifactKey: Guid(8d8f34502b2fc3a4a8ba0edc6484040f) Importer(815301076,1909f56bfc062723c751e8b465ee728b)
Start importing Assets/Prefabs/Slime.prefab using Guid(8d8f34502b2fc3a4a8ba0edc6484040f) Importer(815301076,1909f56bfc062723c751e8b465ee728b) [PhysX] Initialized MultithreadedTaskDispatcher with 12 workers.
 -> (artifact id: '0fecb660f33d72e5bc8a73a3813cfbc3') in 0.000301 seconds
Number of updated asset objects reloaded before import = 0
Number of asset objects unloaded after import = 0
========================================================================
Received Prepare
Caller must complete domain reload
Begin MonoManager ReloadAssembly
- Loaded All Assemblies, in  0.418 seconds
Native extension for WindowsStandalone target not found
Native extension for WebGL target not found
[Package Manager] Server::EnsureServerProcessIsRunning -- launch failed, reason: Unity was launched with the -noUpm command-line argument
[Package Manager] UpmClient::Send -- Unable to send message (not connected to UPM process).
[Package Manager] Cannot connect to Unity Package Manager local server
Mono: successfully reloaded assembly
- Finished resetting the current domain, in  0.848 seconds
Domain Reload Profiling: 1265ms
	BeginReloadAssembly (139ms)
		ExecutionOrderSort (0ms)
		DisableScriptedObjects (5ms)
		BackupInstance (0ms)
		ReleaseScriptingObjects (0ms)
		CreateAndSetChildDomain (28ms)
	RebuildCommonClasses (34ms)
	RebuildNativeTypeToScriptingClass (12ms)
	initialDomainReloadingComplete (27ms)
	LoadAllAssembliesAndSetupDomain (204ms)
		LoadAssemblies (259ms)
		RebuildTransferFunctionScriptingTraits (0ms)
		AnalyzeDomain (21ms)
			TypeCache.Refresh (8ms)
				TypeCache.ScanAssembly (1ms)
			ScanForSourceGeneratedMonoScriptInfo (6ms)
			ResolveRequiredComponents (5ms)
	FinalizeReload (849ms)
		ReleaseScriptCaches (0ms)
		RebuildScriptCaches (0ms)
		SetupLoadedEditorAssemblies (424ms)
			LogAssemblyErrors (0ms)
			InitializePlatformSupportModulesInManaged (8ms)
			SetLoadedEditorAssemblies (3ms)
			RefreshPlugins (0ms)
			BeforeProcessingInitializeOnLoad (58ms)
			ProcessInitializeOnLoadAttributes (325ms)
			ProcessInitializeOnLoadMethodAttributes (22ms)
			AfterProcessingInitializeOnLoad (7ms)
			EditorAssembliesLoaded (0ms)
		ExecutionOrderSort2 (0ms)
		AwakeInstancesAfterBackupRestoration (7ms)
Refreshing native plugins compatible for Editor in 3.01 ms, found 3 plugins.
Preloading 0 native plugins for Editor in 0.00 ms.
Unloading 3126 Unused Serialized files (Serialized files now loaded: 0)
Unloading 14 unused Assets / (28.7 KB). Loaded Objects now: 3880.
Memory consumption went from 135.1 MB to 135.1 MB.
Total: 2.737600 ms (FindLiveObjects: 0.330900 ms CreateObjectMapping: 0.078300 ms MarkObjects: 2.285600 ms  DeleteObjects: 0.041400 ms)

Prepare: number of updated asset objects reloaded= 0
AssetImportParameters requested are different than current active one (requested -> active):
  custom:container-demuxer-ogg: 62fdf1f143b41e24485cea50d1cbac27 -> 
  custom:scripting/monoscript/fileName/GameManager.cs: f6182d712e34e20e3202214886862cdb -> 9933fbcc6190e2a9171c2ec8808a053e
  custom:scripting/monoscript/fileName/Income.cs: 938d875b4ea58c05495f38a939171226 -> 
  custom:video-decoder-ogg-theora: a1e56fd34408186e4bbccfd4996cb3dc -> 
  custom:framework-win-MediaFoundation: 216162199b28c13a410421893ffa2e32 -> 
  custom:scripting/monoscript/fileName/Tower.cs: 0e51d5638e1e2b20f04394d6225c671a -> 16583eaf01662413665c0a8803428cd6
  custom:CustomObjectIndexerAttribute: 9a22284fe3817be447336de3de66b15e -> 
  custom:scripting/monoscript/fileName/Readme.cs: 5aedf578fb2663036982fb7b05aaf325 -> 
  custom:scripting/monoscript/fileName/Tooltip.cs: b7163f69ad820c51a0cfd3387a68b1d4 -> efb4e7ecf4b2142538150f2477ca1e4e
  custom:container-demuxer-webm: 4f35f7cbe854078d1ac9338744f61a02 -> 
  custom:scripting/monoscript/fileName/GoldMine.cs: bab3e2ee0cdfb32214ea1458d0239fb0 -> 
  custom:scripting/monoscript/fileName/GatheringHous.cs: 6a29be3f36fcfccf43587dfd206bf4d9 -> 
  custom:container-muxer-webm: aa71ff27fc2769a1b78a27578f13a17b -> 
  custom:scripting/monoscript/fileName/ReadmeEditor.cs: ff7ced1e41c1b99ddf5dfefc88f6bd50 -> 
  custom:video-decoder-webm-vp8: 9c59270c3fd7afecdb556c50c9e8de78 -> 
  custom:SearchIndexIgnoredProperties: e643bd26f0fe6173181afceb89e7c659 -> 
  custom:AudioImporter_EditorPlatform: d09bf68614088b80899f8185d706f6e7 -> 
  custom:scripting/monoscript/fileName/LumberMill.cs: c2d45524fbd0d6e9a670d983de5f81d7 -> 
  custom:scripting/monoscript/fileName/Slime.cs: e872c3a4bc36777cb1cc31d8379690c8 -> 05272bae05f111c6b0609e32e93d89d5
  custom:scripting/monoscript/fileName/Bar.cs: 890822e7dfd0f89892a6fd3ee944f62e -> 71c40e549b4fade8bed144aaff5a79ac
  custom:scripting/monoscript/fileName/TooltipManager.cs: 902a800de15a4facdbc6dbb1be6c1339 -> bc11dd805cb64c1c2f88cd7ae96fba24
  custom:video-encoder-webm-vp8: eb34c28f22e8b96e1ab97ce403110664 -> 
  custom:audio-decoder-ogg-vorbis: bf7c407c2cedff20999df2af8eb42d56 -> 
  custom:scripting/monoscript/fileName/Bullet.cs: 48ff13ede6c310cc0acf4a30e818a1de -> a4f5918e799041ba1f6608f13912eb8b
  custom:scripting/monoscript/fileName/TowerBuild.cs: 3807a8e615ef6a49dfd3f6bc5055a7a9 -> 9ea8b859a681512b782b9b3988d2f5f8
  custom:scripting/monoscript/fileName/Wave.cs: c8b913f1d5cb3bff026a08ce26c83aad -> 6e300e3b5d1a1dd15fa0115918e06e83
  custom:audio-encoder-webm-vorbis: bf7c407c2cedff20999df2af8eb42d56 -> 
  custom:scripting/monoscript/fileName/WaterReflection.cs: f1c57f2ce2c094032b710e8e5eb21bd7 -> 
  custom:scripting/monoscript/fileName/Tile.cs: e6480a408e34695897b31a69fad2b871 -> a94101d916c115d73aff3567a86e16d8
  custom:scripting/precompiled-assembly-types:Assembly-CSharp: e62b66366f159171f02e707cec416dc6 -> dff8c55d4e0e9ddc22cc808f571b8c31
========================================================================
Received Prepare
Caller must complete domain reload
Begin MonoManager ReloadAssembly
- Loaded All Assemblies, in  0.395 seconds
Native extension for WindowsStandalone target not found
Native extension for WebGL target not found
[Package Manager] Server::EnsureServerProcessIsRunning -- launch failed, reason: Unity was launched with the -noUpm command-line argument
[Package Manager] UpmClient::Send -- Unable to send message (not connected to UPM process).
[Package Manager] Cannot connect to Unity Package Manager local server
Mono: successfully reloaded assembly
- Finished resetting the current domain, in  0.889 seconds
Domain Reload Profiling: 1282ms
	BeginReloadAssembly (139ms)
		ExecutionOrderSort (0ms)
		DisableScriptedObjects (5ms)
		BackupInstance (0ms)
		ReleaseScriptingObjects (0ms)
		CreateAndSetChildDomain (27ms)
	RebuildCommonClasses (31ms)
	RebuildNativeTypeToScriptingClass (11ms)
	initialDomainReloadingComplete (27ms)
	LoadAllAssembliesAndSetupDomain (184ms)
		LoadAssemblies (248ms)
		RebuildTransferFunctionScriptingTraits (0ms)
		AnalyzeDomain (14ms)
			TypeCache.Refresh (6ms)
				TypeCache.ScanAssembly (0ms)
			ScanForSourceGeneratedMonoScriptInfo (0ms)
			ResolveRequiredComponents (6ms)
	FinalizeReload (890ms)
		ReleaseScriptCaches (0ms)
		RebuildScriptCaches (0ms)
		SetupLoadedEditorAssemblies (453ms)
			LogAssemblyErrors (0ms)
			InitializePlatformSupportModulesInManaged (9ms)
			SetLoadedEditorAssemblies (3ms)
			RefreshPlugins (0ms)
			BeforeProcessingInitializeOnLoad (63ms)
			ProcessInitializeOnLoadAttributes (349ms)
			ProcessInitializeOnLoadMethodAttributes (21ms)
			AfterProcessingInitializeOnLoad (8ms)
			EditorAssembliesLoaded (0ms)
		ExecutionOrderSort2 (0ms)
		AwakeInstancesAfterBackupRestoration (7ms)
Refreshing native plugins compatible for Editor in 3.68 ms, found 3 plugins.
Preloading 0 native plugins for Editor in 0.00 ms.
Unloading 3127 Unused Serialized files (Serialized files now loaded: 0)
Unloading 14 unused Assets / (28.6 KB). Loaded Objects now: 3883.
Memory consumption went from 135.4 MB to 135.4 MB.
Total: 2.793500 ms (FindLiveObjects: 0.339500 ms CreateObjectMapping: 0.086500 ms MarkObjects: 2.326600 ms  DeleteObjects: 0.039700 ms)

Prepare: number of updated asset objects reloaded= 0
AssetImportParameters requested are different than current active one (requested -> active):
  custom:container-demuxer-ogg: 62fdf1f143b41e24485cea50d1cbac27 -> 
  custom:scripting/monoscript/fileName/GameManager.cs: f6182d712e34e20e3202214886862cdb -> 9933fbcc6190e2a9171c2ec8808a053e
  custom:scripting/monoscript/fileName/Income.cs: 938d875b4ea58c05495f38a939171226 -> 
  custom:video-decoder-ogg-theora: a1e56fd34408186e4bbccfd4996cb3dc -> 
  custom:framework-win-MediaFoundation: 216162199b28c13a410421893ffa2e32 -> 
  custom:scripting/monoscript/fileName/Tower.cs: 0e51d5638e1e2b20f04394d6225c671a -> 16583eaf01662413665c0a8803428cd6
  custom:CustomObjectIndexerAttribute: 9a22284fe3817be447336de3de66b15e -> 
  custom:scripting/monoscript/fileName/Readme.cs: 5aedf578fb2663036982fb7b05aaf325 -> 
  custom:scripting/monoscript/fileName/Tooltip.cs: b7163f69ad820c51a0cfd3387a68b1d4 -> efb4e7ecf4b2142538150f2477ca1e4e
  custom:container-demuxer-webm: 4f35f7cbe854078d1ac9338744f61a02 -> 
  custom:scripting/monoscript/fileName/GoldMine.cs: bab3e2ee0cdfb32214ea1458d0239fb0 -> 
  custom:scripting/monoscript/fileName/GatheringHous.cs: 6a29be3f36fcfccf43587dfd206bf4d9 -> 
  custom:container-muxer-webm: aa71ff27fc2769a1b78a27578f13a17b -> 
  custom:scripting/monoscript/fileName/ReadmeEditor.cs: ff7ced1e41c1b99ddf5dfefc88f6bd50 -> 
  custom:video-decoder-webm-vp8: 9c59270c3fd7afecdb556c50c9e8de78 -> 
  custom:SearchIndexIgnoredProperties: e643bd26f0fe6173181afceb89e7c659 -> 
  custom:AudioImporter_EditorPlatform: d09bf68614088b80899f8185d706f6e7 -> 
  custom:scripting/monoscript/fileName/LumberMill.cs: c2d45524fbd0d6e9a670d983de5f81d7 -> 
  custom:scripting/monoscript/fileName/Slime.cs: e872c3a4bc36777cb1cc31d8379690c8 -> 05272bae05f111c6b0609e32e93d89d5
  custom:scripting/monoscript/fileName/Bar.cs: 890822e7dfd0f89892a6fd3ee944f62e -> 71c40e549b4fade8bed144aaff5a79ac
  custom:scripting/monoscript/fileName/TooltipManager.cs: 902a800de15a4facdbc6dbb1be6c1339 -> bc11dd805cb64c1c2f88cd7ae96fba24
  custom:video-encoder-webm-vp8: eb34c28f22e8b96e1ab97ce403110664 -> 
  custom:audio-decoder-ogg-vorbis: bf7c407c2cedff20999df2af8eb42d56 -> 
  custom:scripting/monoscript/fileName/Bullet.cs: 48ff13ede6c310cc0acf4a30e818a1de -> a4f5918e799041ba1f6608f13912eb8b
  custom:scripting/monoscript/fileName/TowerBuild.cs: 3807a8e615ef6a49dfd3f6bc5055a7a9 -> 9ea8b859a681512b782b9b3988d2f5f8
  custom:scripting/monoscript/fileName/Wave.cs: c8b913f1d5cb3bff026a08ce26c83aad -> 6e300e3b5d1a1dd15fa0115918e06e83
  custom:audio-encoder-webm-vorbis: bf7c407c2cedff20999df2af8eb42d56 -> 
  custom:scripting/monoscript/fileName/WaterReflection.cs: f1c57f2ce2c094032b710e8e5eb21bd7 -> 
  custom:scripting/monoscript/fileName/Tile.cs: e6480a408e34695897b31a69fad2b871 -> a94101d916c115d73aff3567a86e16d8
  custom:scripting/precompiled-assembly-types:Assembly-CSharp: e62b66366f159171f02e707cec416dc6 -> dff8c55d4e0e9ddc22cc808f571b8c31
========================================================================
Received Import Request.
  Time since last request: 58.391694 seconds.
  path: Assets/Prefabs/ArrowTower.prefab
  artifactKey: Guid(5824a3eb4c50251438fc8288b90d6a00) Importer(815301076,1909f56bfc062723c751e8b465ee728b)
Start importing Assets/Prefabs/ArrowTower.prefab using Guid(5824a3eb4c50251438fc8288b90d6a00) Importer(815301076,1909f56bfc062723c751e8b465ee728b) [PhysX] Initialized MultithreadedTaskDispatcher with 12 workers.
 -> (artifact id: '13e192b014f281000b70ddf31bcfd42d') in 0.001727 seconds
Number of updated asset objects reloaded before import = 0
Number of asset objects unloaded after import = 0
========================================================================
Received Prepare
Caller must complete domain reload
Begin MonoManager ReloadAssembly
- Loaded All Assemblies, in  0.404 seconds
Native extension for WindowsStandalone target not found
Native extension for WebGL target not found
[Package Manager] Server::EnsureServerProcessIsRunning -- launch failed, reason: Unity was launched with the -noUpm command-line argument
[Package Manager] UpmClient::Send -- Unable to send message (not connected to UPM process).
[Package Manager] Cannot connect to Unity Package Manager local server
Mono: successfully reloaded assembly
- Finished resetting the current domain, in  0.869 seconds
Domain Reload Profiling: 1270ms
	BeginReloadAssembly (138ms)
		ExecutionOrderSort (0ms)
		DisableScriptedObjects (4ms)
		BackupInstance (0ms)
		ReleaseScriptingObjects (0ms)
		CreateAndSetChildDomain (27ms)
	RebuildCommonClasses (33ms)
	RebuildNativeTypeToScriptingClass (13ms)
	initialDomainReloadingComplete (27ms)
	LoadAllAssembliesAndSetupDomain (190ms)
		LoadAssemblies (245ms)
		RebuildTransferFunctionScriptingTraits (0ms)
		AnalyzeDomain (22ms)
			TypeCache.Refresh (8ms)
				TypeCache.ScanAssembly (1ms)
			ScanForSourceGeneratedMonoScriptInfo (6ms)
			ResolveRequiredComponents (6ms)
	FinalizeReload (869ms)
		ReleaseScriptCaches (0ms)
		RebuildScriptCaches (0ms)
		SetupLoadedEditorAssemblies (432ms)
			LogAssemblyErrors (0ms)
			InitializePlatformSupportModulesInManaged (9ms)
			SetLoadedEditorAssemblies (3ms)
			RefreshPlugins (0ms)
			BeforeProcessingInitializeOnLoad (61ms)
			ProcessInitializeOnLoadAttributes (333ms)
			ProcessInitializeOnLoadMethodAttributes (19ms)
			AfterProcessingInitializeOnLoad (7ms)
			EditorAssembliesLoaded (0ms)
		ExecutionOrderSort2 (0ms)
		AwakeInstancesAfterBackupRestoration (6ms)
Refreshing native plugins compatible for Editor in 3.12 ms, found 3 plugins.
Preloading 0 native plugins for Editor in 0.00 ms.
Unloading 3126 Unused Serialized files (Serialized files now loaded: 0)
Unloading 14 unused Assets / (28.8 KB). Loaded Objects now: 3886.
Memory consumption went from 135.1 MB to 135.1 MB.
Total: 2.995400 ms (FindLiveObjects: 0.332700 ms CreateObjectMapping: 0.078500 ms MarkObjects: 2.530700 ms  DeleteObjects: 0.052700 ms)

Prepare: number of updated asset objects reloaded= 0
AssetImportParameters requested are different than current active one (requested -> active):
  custom:container-demuxer-ogg: 62fdf1f143b41e24485cea50d1cbac27 -> 
  custom:scripting/monoscript/fileName/GameManager.cs: f6182d712e34e20e3202214886862cdb -> 9933fbcc6190e2a9171c2ec8808a053e
  custom:scripting/monoscript/fileName/Income.cs: 938d875b4ea58c05495f38a939171226 -> 
  custom:video-decoder-ogg-theora: a1e56fd34408186e4bbccfd4996cb3dc -> 
  custom:framework-win-MediaFoundation: 216162199b28c13a410421893ffa2e32 -> 
  custom:scripting/monoscript/fileName/Tower.cs: 0e51d5638e1e2b20f04394d6225c671a -> 16583eaf01662413665c0a8803428cd6
  custom:CustomObjectIndexerAttribute: 9a22284fe3817be447336de3de66b15e -> 
  custom:scripting/monoscript/fileName/Readme.cs: 5aedf578fb2663036982fb7b05aaf325 -> 
  custom:scripting/monoscript/fileName/Tooltip.cs: b7163f69ad820c51a0cfd3387a68b1d4 -> efb4e7ecf4b2142538150f2477ca1e4e
  custom:container-demuxer-webm: 4f35f7cbe854078d1ac9338744f61a02 -> 
  custom:scripting/monoscript/fileName/GoldMine.cs: bab3e2ee0cdfb32214ea1458d0239fb0 -> 
  custom:scripting/monoscript/fileName/GatheringHous.cs: 6a29be3f36fcfccf43587dfd206bf4d9 -> 
  custom:container-muxer-webm: aa71ff27fc2769a1b78a27578f13a17b -> 
  custom:scripting/monoscript/fileName/ReadmeEditor.cs: ff7ced1e41c1b99ddf5dfefc88f6bd50 -> 
  custom:video-decoder-webm-vp8: 9c59270c3fd7afecdb556c50c9e8de78 -> 
  custom:SearchIndexIgnoredProperties: e643bd26f0fe6173181afceb89e7c659 -> 
  custom:AudioImporter_EditorPlatform: d09bf68614088b80899f8185d706f6e7 -> 
  custom:scripting/monoscript/fileName/LumberMill.cs: c2d45524fbd0d6e9a670d983de5f81d7 -> 
  custom:scripting/monoscript/fileName/Slime.cs: e872c3a4bc36777cb1cc31d8379690c8 -> 05272bae05f111c6b0609e32e93d89d5
  custom:scripting/monoscript/fileName/Bar.cs: 890822e7dfd0f89892a6fd3ee944f62e -> 71c40e549b4fade8bed144aaff5a79ac
  custom:scripting/monoscript/fileName/TooltipManager.cs: 902a800de15a4facdbc6dbb1be6c1339 -> bc11dd805cb64c1c2f88cd7ae96fba24
  custom:video-encoder-webm-vp8: eb34c28f22e8b96e1ab97ce403110664 -> 
  custom:audio-decoder-ogg-vorbis: bf7c407c2cedff20999df2af8eb42d56 -> 
  custom:scripting/monoscript/fileName/Bullet.cs: 48ff13ede6c310cc0acf4a30e818a1de -> a4f5918e799041ba1f6608f13912eb8b
  custom:scripting/monoscript/fileName/TowerBuild.cs: 3807a8e615ef6a49dfd3f6bc5055a7a9 -> 9ea8b859a681512b782b9b3988d2f5f8
  custom:scripting/monoscript/fileName/Wave.cs: c8b913f1d5cb3bff026a08ce26c83aad -> 6e300e3b5d1a1dd15fa0115918e06e83
  custom:audio-encoder-webm-vorbis: bf7c407c2cedff20999df2af8eb42d56 -> 
  custom:scripting/monoscript/fileName/WaterReflection.cs: f1c57f2ce2c094032b710e8e5eb21bd7 -> 
  custom:scripting/monoscript/fileName/Tile.cs: e6480a408e34695897b31a69fad2b871 -> a94101d916c115d73aff3567a86e16d8
  custom:scripting/precompiled-assembly-types:Assembly-CSharp: e62b66366f159171f02e707cec416dc6 -> dff8c55d4e0e9ddc22cc808f571b8c31
========================================================================
Received Import Request.
  Time since last request: 5.323537 seconds.
  path: Assets/Prefabs/ArrowTower.prefab
  artifactKey: Guid(5824a3eb4c50251438fc8288b90d6a00) Importer(815301076,1909f56bfc062723c751e8b465ee728b)
Start importing Assets/Prefabs/ArrowTower.prefab using Guid(5824a3eb4c50251438fc8288b90d6a00) Importer(815301076,1909f56bfc062723c751e8b465ee728b) [PhysX] Initialized MultithreadedTaskDispatcher with 12 workers.
 -> (artifact id: '13e192b014f281000b70ddf31bcfd42d') in 0.002286 seconds
Number of updated asset objects reloaded before import = 0
Number of asset objects unloaded after import = 0
========================================================================
Received Prepare
Caller must complete domain reload
Begin MonoManager ReloadAssembly
- Loaded All Assemblies, in  0.406 seconds
Native extension for WindowsStandalone target not found
Native extension for WebGL target not found
[Package Manager] Server::EnsureServerProcessIsRunning -- launch failed, reason: Unity was launched with the -noUpm command-line argument
[Package Manager] UpmClient::Send -- Unable to send message (not connected to UPM process).
[Package Manager] Cannot connect to Unity Package Manager local server
Mono: successfully reloaded assembly
- Finished resetting the current domain, in  0.889 seconds
Domain Reload Profiling: 1292ms
	BeginReloadAssembly (138ms)
		ExecutionOrderSort (0ms)
		DisableScriptedObjects (4ms)
		BackupInstance (0ms)
		ReleaseScriptingObjects (0ms)
		CreateAndSetChildDomain (27ms)
	RebuildCommonClasses (37ms)
	RebuildNativeTypeToScriptingClass (11ms)
	initialDomainReloadingComplete (32ms)
	LoadAllAssembliesAndSetupDomain (185ms)
		LoadAssemblies (248ms)
		RebuildTransferFunctionScriptingTraits (0ms)
		AnalyzeDomain (15ms)
			TypeCache.Refresh (6ms)
				TypeCache.ScanAssembly (0ms)
			ScanForSourceGeneratedMonoScriptInfo (0ms)
			ResolveRequiredComponents (6ms)
	FinalizeReload (890ms)
		ReleaseScriptCaches (0ms)
		RebuildScriptCaches (0ms)
		SetupLoadedEditorAssemblies (449ms)
			LogAssemblyErrors (0ms)
			InitializePlatformSupportModulesInManaged (8ms)
			SetLoadedEditorAssemblies (3ms)
			RefreshPlugins (0ms)
			BeforeProcessingInitializeOnLoad (62ms)
			ProcessInitializeOnLoadAttributes (347ms)
			ProcessInitializeOnLoadMethodAttributes (20ms)
			AfterProcessingInitializeOnLoad (9ms)
			EditorAssembliesLoaded (0ms)
		ExecutionOrderSort2 (0ms)
		AwakeInstancesAfterBackupRestoration (8ms)
Refreshing native plugins compatible for Editor in 3.23 ms, found 3 plugins.
Preloading 0 native plugins for Editor in 0.00 ms.
Unloading 3126 Unused Serialized files (Serialized files now loaded: 0)
Unloading 14 unused Assets / (28.8 KB). Loaded Objects now: 3889.
Memory consumption went from 135.1 MB to 135.1 MB.
Total: 2.839800 ms (FindLiveObjects: 0.391700 ms CreateObjectMapping: 0.104100 ms MarkObjects: 2.304700 ms  DeleteObjects: 0.038600 ms)

Prepare: number of updated asset objects reloaded= 0
AssetImportParameters requested are different than current active one (requested -> active):
  custom:container-demuxer-ogg: 62fdf1f143b41e24485cea50d1cbac27 -> 
  custom:scripting/monoscript/fileName/GameManager.cs: f6182d712e34e20e3202214886862cdb -> 9933fbcc6190e2a9171c2ec8808a053e
  custom:scripting/monoscript/fileName/Income.cs: 938d875b4ea58c05495f38a939171226 -> 
  custom:video-decoder-ogg-theora: a1e56fd34408186e4bbccfd4996cb3dc -> 
  custom:framework-win-MediaFoundation: 216162199b28c13a410421893ffa2e32 -> 
  custom:scripting/monoscript/fileName/Tower.cs: 0e51d5638e1e2b20f04394d6225c671a -> 16583eaf01662413665c0a8803428cd6
  custom:CustomObjectIndexerAttribute: 9a22284fe3817be447336de3de66b15e -> 
  custom:scripting/monoscript/fileName/Readme.cs: 5aedf578fb2663036982fb7b05aaf325 -> 
  custom:scripting/monoscript/fileName/Tooltip.cs: b7163f69ad820c51a0cfd3387a68b1d4 -> efb4e7ecf4b2142538150f2477ca1e4e
  custom:container-demuxer-webm: 4f35f7cbe854078d1ac9338744f61a02 -> 
  custom:scripting/monoscript/fileName/GoldMine.cs: bab3e2ee0cdfb32214ea1458d0239fb0 -> 
  custom:scripting/monoscript/fileName/GatheringHous.cs: 6a29be3f36fcfccf43587dfd206bf4d9 -> 
  custom:container-muxer-webm: aa71ff27fc2769a1b78a27578f13a17b -> 
  custom:scripting/monoscript/fileName/ReadmeEditor.cs: ff7ced1e41c1b99ddf5dfefc88f6bd50 -> 
  custom:video-decoder-webm-vp8: 9c59270c3fd7afecdb556c50c9e8de78 -> 
  custom:SearchIndexIgnoredProperties: e643bd26f0fe6173181afceb89e7c659 -> 
  custom:AudioImporter_EditorPlatform: d09bf68614088b80899f8185d706f6e7 -> 
  custom:scripting/monoscript/fileName/LumberMill.cs: c2d45524fbd0d6e9a670d983de5f81d7 -> 
  custom:scripting/monoscript/fileName/Slime.cs: e872c3a4bc36777cb1cc31d8379690c8 -> 05272bae05f111c6b0609e32e93d89d5
  custom:scripting/monoscript/fileName/Bar.cs: 890822e7dfd0f89892a6fd3ee944f62e -> 71c40e549b4fade8bed144aaff5a79ac
  custom:scripting/monoscript/fileName/TooltipManager.cs: 902a800de15a4facdbc6dbb1be6c1339 -> bc11dd805cb64c1c2f88cd7ae96fba24
  custom:video-encoder-webm-vp8: eb34c28f22e8b96e1ab97ce403110664 -> 
  custom:audio-decoder-ogg-vorbis: bf7c407c2cedff20999df2af8eb42d56 -> 
  custom:scripting/monoscript/fileName/Bullet.cs: 48ff13ede6c310cc0acf4a30e818a1de -> a4f5918e799041ba1f6608f13912eb8b
  custom:scripting/monoscript/fileName/TowerBuild.cs: 3807a8e615ef6a49dfd3f6bc5055a7a9 -> 9ea8b859a681512b782b9b3988d2f5f8
  custom:scripting/monoscript/fileName/Wave.cs: c8b913f1d5cb3bff026a08ce26c83aad -> 6e300e3b5d1a1dd15fa0115918e06e83
  custom:audio-encoder-webm-vorbis: bf7c407c2cedff20999df2af8eb42d56 -> 
  custom:scripting/monoscript/fileName/WaterReflection.cs: f1c57f2ce2c094032b710e8e5eb21bd7 -> 
  custom:scripting/monoscript/fileName/Tile.cs: e6480a408e34695897b31a69fad2b871 -> a94101d916c115d73aff3567a86e16d8
  custom:scripting/precompiled-assembly-types:Assembly-CSharp: e62b66366f159171f02e707cec416dc6 -> dff8c55d4e0e9ddc22cc808f571b8c31
========================================================================
Received Import Request.
  Time since last request: 16.631468 seconds.
  path: Assets/Prefabs/ArrowTower.prefab
  artifactKey: Guid(5824a3eb4c50251438fc8288b90d6a00) Importer(815301076,1909f56bfc062723c751e8b465ee728b)
Start importing Assets/Prefabs/ArrowTower.prefab using Guid(5824a3eb4c50251438fc8288b90d6a00) Importer(815301076,1909f56bfc062723c751e8b465ee728b) [PhysX] Initialized MultithreadedTaskDispatcher with 12 workers.
 -> (artifact id: '13e192b014f281000b70ddf31bcfd42d') in 0.001615 seconds
Number of updated asset objects reloaded before import = 0
Number of asset objects unloaded after import = 0
========================================================================
Received Prepare
Caller must complete domain reload
Begin MonoManager ReloadAssembly
- Loaded All Assemblies, in  0.427 seconds
Native extension for WindowsStandalone target not found
Native extension for WebGL target not found
[Package Manager] Server::EnsureServerProcessIsRunning -- launch failed, reason: Unity was launched with the -noUpm command-line argument
[Package Manager] UpmClient::Send -- Unable to send message (not connected to UPM process).
[Package Manager] Cannot connect to Unity Package Manager local server
Mono: successfully reloaded assembly
- Finished resetting the current domain, in  0.965 seconds
Domain Reload Profiling: 1389ms
	BeginReloadAssembly (146ms)
		ExecutionOrderSort (0ms)
		DisableScriptedObjects (4ms)
		BackupInstance (0ms)
		ReleaseScriptingObjects (0ms)
		CreateAndSetChildDomain (29ms)
	RebuildCommonClasses (32ms)
	RebuildNativeTypeToScriptingClass (12ms)
	initialDomainReloadingComplete (28ms)
	LoadAllAssembliesAndSetupDomain (206ms)
		LoadAssemblies (265ms)
		RebuildTransferFunctionScriptingTraits (0ms)
		AnalyzeDomain (21ms)
			TypeCache.Refresh (8ms)
				TypeCache.ScanAssembly (1ms)
			ScanForSourceGeneratedMonoScriptInfo (6ms)
			ResolveRequiredComponents (5ms)
	FinalizeReload (965ms)
		ReleaseScriptCaches (0ms)
		RebuildScriptCaches (0ms)
		SetupLoadedEditorAssemblies (503ms)
			LogAssemblyErrors (0ms)
			InitializePlatformSupportModulesInManaged (8ms)
			SetLoadedEditorAssemblies (3ms)
			RefreshPlugins (0ms)
			BeforeProcessingInitializeOnLoad (62ms)
			ProcessInitializeOnLoadAttributes (400ms)
			ProcessInitializeOnLoadMethodAttributes (22ms)
			AfterProcessingInitializeOnLoad (8ms)
			EditorAssembliesLoaded (0ms)
		ExecutionOrderSort2 (0ms)
		AwakeInstancesAfterBackupRestoration (7ms)
Refreshing native plugins compatible for Editor in 3.69 ms, found 3 plugins.
Preloading 0 native plugins for Editor in 0.00 ms.
Unloading 3126 Unused Serialized files (Serialized files now loaded: 0)
Unloading 14 unused Assets / (28.7 KB). Loaded Objects now: 3892.
Memory consumption went from 135.1 MB to 135.1 MB.
Total: 2.783300 ms (FindLiveObjects: 0.337000 ms CreateObjectMapping: 0.076700 ms MarkObjects: 2.332800 ms  DeleteObjects: 0.035900 ms)

Prepare: number of updated asset objects reloaded= 0
AssetImportParameters requested are different than current active one (requested -> active):
  custom:container-demuxer-ogg: 62fdf1f143b41e24485cea50d1cbac27 -> 
  custom:scripting/monoscript/fileName/GameManager.cs: f6182d712e34e20e3202214886862cdb -> 9933fbcc6190e2a9171c2ec8808a053e
  custom:scripting/monoscript/fileName/Income.cs: 938d875b4ea58c05495f38a939171226 -> 
  custom:video-decoder-ogg-theora: a1e56fd34408186e4bbccfd4996cb3dc -> 
  custom:framework-win-MediaFoundation: 216162199b28c13a410421893ffa2e32 -> 
  custom:scripting/monoscript/fileName/Tower.cs: 0e51d5638e1e2b20f04394d6225c671a -> 16583eaf01662413665c0a8803428cd6
  custom:CustomObjectIndexerAttribute: 9a22284fe3817be447336de3de66b15e -> 
  custom:scripting/monoscript/fileName/Readme.cs: 5aedf578fb2663036982fb7b05aaf325 -> 
  custom:scripting/monoscript/fileName/Tooltip.cs: b7163f69ad820c51a0cfd3387a68b1d4 -> efb4e7ecf4b2142538150f2477ca1e4e
  custom:container-demuxer-webm: 4f35f7cbe854078d1ac9338744f61a02 -> 
  custom:scripting/monoscript/fileName/GoldMine.cs: bab3e2ee0cdfb32214ea1458d0239fb0 -> 
  custom:scripting/monoscript/fileName/GatheringHous.cs: 6a29be3f36fcfccf43587dfd206bf4d9 -> 
  custom:container-muxer-webm: aa71ff27fc2769a1b78a27578f13a17b -> 
  custom:scripting/monoscript/fileName/ReadmeEditor.cs: ff7ced1e41c1b99ddf5dfefc88f6bd50 -> 
  custom:video-decoder-webm-vp8: 9c59270c3fd7afecdb556c50c9e8de78 -> 
  custom:SearchIndexIgnoredProperties: e643bd26f0fe6173181afceb89e7c659 -> 
  custom:AudioImporter_EditorPlatform: d09bf68614088b80899f8185d706f6e7 -> 
  custom:scripting/monoscript/fileName/LumberMill.cs: c2d45524fbd0d6e9a670d983de5f81d7 -> 
  custom:scripting/monoscript/fileName/Slime.cs: e872c3a4bc36777cb1cc31d8379690c8 -> 05272bae05f111c6b0609e32e93d89d5
  custom:scripting/monoscript/fileName/Bar.cs: 890822e7dfd0f89892a6fd3ee944f62e -> 71c40e549b4fade8bed144aaff5a79ac
  custom:scripting/monoscript/fileName/TooltipManager.cs: 902a800de15a4facdbc6dbb1be6c1339 -> bc11dd805cb64c1c2f88cd7ae96fba24
  custom:video-encoder-webm-vp8: eb34c28f22e8b96e1ab97ce403110664 -> 
  custom:audio-decoder-ogg-vorbis: bf7c407c2cedff20999df2af8eb42d56 -> 
  custom:scripting/monoscript/fileName/Bullet.cs: 48ff13ede6c310cc0acf4a30e818a1de -> a4f5918e799041ba1f6608f13912eb8b
  custom:scripting/monoscript/fileName/TowerBuild.cs: 3807a8e615ef6a49dfd3f6bc5055a7a9 -> 9ea8b859a681512b782b9b3988d2f5f8
  custom:scripting/monoscript/fileName/Wave.cs: c8b913f1d5cb3bff026a08ce26c83aad -> 6e300e3b5d1a1dd15fa0115918e06e83
  custom:audio-encoder-webm-vorbis: bf7c407c2cedff20999df2af8eb42d56 -> 
  custom:scripting/monoscript/fileName/WaterReflection.cs: f1c57f2ce2c094032b710e8e5eb21bd7 -> 
  custom:scripting/monoscript/fileName/Tile.cs: e6480a408e34695897b31a69fad2b871 -> a94101d916c115d73aff3567a86e16d8
  custom:scripting/precompiled-assembly-types:Assembly-CSharp: e62b66366f159171f02e707cec416dc6 -> dff8c55d4e0e9ddc22cc808f571b8c31
========================================================================
Received Prepare
Caller must complete domain reload
Begin MonoManager ReloadAssembly
- Loaded All Assemblies, in  0.400 seconds
Native extension for WindowsStandalone target not found
Native extension for WebGL target not found
[Package Manager] Server::EnsureServerProcessIsRunning -- launch failed, reason: Unity was launched with the -noUpm command-line argument
[Package Manager] UpmClient::Send -- Unable to send message (not connected to UPM process).
[Package Manager] Cannot connect to Unity Package Manager local server
Mono: successfully reloaded assembly
- Finished resetting the current domain, in  0.875 seconds
Domain Reload Profiling: 1272ms
	BeginReloadAssembly (139ms)
		ExecutionOrderSort (0ms)
		DisableScriptedObjects (5ms)
		BackupInstance (0ms)
		ReleaseScriptingObjects (0ms)
		CreateAndSetChildDomain (26ms)
	RebuildCommonClasses (32ms)
	RebuildNativeTypeToScriptingClass (11ms)
	initialDomainReloadingComplete (27ms)
	LoadAllAssembliesAndSetupDomain (187ms)
		LoadAssemblies (250ms)
		RebuildTransferFunctionScriptingTraits (0ms)
		AnalyzeDomain (14ms)
			TypeCache.Refresh (6ms)
				TypeCache.ScanAssembly (0ms)
			ScanForSourceGeneratedMonoScriptInfo (0ms)
			ResolveRequiredComponents (6ms)
	FinalizeReload (876ms)
		ReleaseScriptCaches (0ms)
		RebuildScriptCaches (0ms)
		SetupLoadedEditorAssemblies (443ms)
			LogAssemblyErrors (0ms)
			InitializePlatformSupportModulesInManaged (8ms)
			SetLoadedEditorAssemblies (3ms)
			RefreshPlugins (0ms)
			BeforeProcessingInitializeOnLoad (59ms)
			ProcessInitializeOnLoadAttributes (344ms)
			ProcessInitializeOnLoadMethodAttributes (21ms)
			AfterProcessingInitializeOnLoad (9ms)
			EditorAssembliesLoaded (0ms)
		ExecutionOrderSort2 (0ms)
		AwakeInstancesAfterBackupRestoration (6ms)
Refreshing native plugins compatible for Editor in 3.33 ms, found 3 plugins.
Preloading 0 native plugins for Editor in 0.00 ms.
Unloading 3127 Unused Serialized files (Serialized files now loaded: 0)
Unloading 14 unused Assets / (28.8 KB). Loaded Objects now: 3895.
Memory consumption went from 135.4 MB to 135.4 MB.
Total: 3.088000 ms (FindLiveObjects: 0.343500 ms CreateObjectMapping: 0.077800 ms MarkObjects: 2.621100 ms  DeleteObjects: 0.044300 ms)

Prepare: number of updated asset objects reloaded= 0
AssetImportParameters requested are different than current active one (requested -> active):
  custom:container-demuxer-ogg: 62fdf1f143b41e24485cea50d1cbac27 -> 
  custom:scripting/monoscript/fileName/GameManager.cs: f6182d712e34e20e3202214886862cdb -> 9933fbcc6190e2a9171c2ec8808a053e
  custom:scripting/monoscript/fileName/Income.cs: 938d875b4ea58c05495f38a939171226 -> 
  custom:video-decoder-ogg-theora: a1e56fd34408186e4bbccfd4996cb3dc -> 
  custom:framework-win-MediaFoundation: 216162199b28c13a410421893ffa2e32 -> 
  custom:scripting/monoscript/fileName/Tower.cs: 0e51d5638e1e2b20f04394d6225c671a -> 16583eaf01662413665c0a8803428cd6
  custom:CustomObjectIndexerAttribute: 9a22284fe3817be447336de3de66b15e -> 
  custom:scripting/monoscript/fileName/Readme.cs: 5aedf578fb2663036982fb7b05aaf325 -> 
  custom:scripting/monoscript/fileName/Tooltip.cs: b7163f69ad820c51a0cfd3387a68b1d4 -> efb4e7ecf4b2142538150f2477ca1e4e
  custom:container-demuxer-webm: 4f35f7cbe854078d1ac9338744f61a02 -> 
  custom:scripting/monoscript/fileName/GoldMine.cs: bab3e2ee0cdfb32214ea1458d0239fb0 -> 
  custom:scripting/monoscript/fileName/GatheringHous.cs: 6a29be3f36fcfccf43587dfd206bf4d9 -> 
  custom:container-muxer-webm: aa71ff27fc2769a1b78a27578f13a17b -> 
  custom:scripting/monoscript/fileName/ReadmeEditor.cs: ff7ced1e41c1b99ddf5dfefc88f6bd50 -> 
  custom:video-decoder-webm-vp8: 9c59270c3fd7afecdb556c50c9e8de78 -> 
  custom:SearchIndexIgnoredProperties: e643bd26f0fe6173181afceb89e7c659 -> 
  custom:AudioImporter_EditorPlatform: d09bf68614088b80899f8185d706f6e7 -> 
  custom:scripting/monoscript/fileName/LumberMill.cs: c2d45524fbd0d6e9a670d983de5f81d7 -> 
  custom:scripting/monoscript/fileName/Slime.cs: e872c3a4bc36777cb1cc31d8379690c8 -> 05272bae05f111c6b0609e32e93d89d5
  custom:scripting/monoscript/fileName/Bar.cs: 890822e7dfd0f89892a6fd3ee944f62e -> 71c40e549b4fade8bed144aaff5a79ac
  custom:scripting/monoscript/fileName/TooltipManager.cs: 902a800de15a4facdbc6dbb1be6c1339 -> bc11dd805cb64c1c2f88cd7ae96fba24
  custom:video-encoder-webm-vp8: eb34c28f22e8b96e1ab97ce403110664 -> 
  custom:audio-decoder-ogg-vorbis: bf7c407c2cedff20999df2af8eb42d56 -> 
  custom:scripting/monoscript/fileName/Bullet.cs: 48ff13ede6c310cc0acf4a30e818a1de -> a4f5918e799041ba1f6608f13912eb8b
  custom:scripting/monoscript/fileName/TowerBuild.cs: 3807a8e615ef6a49dfd3f6bc5055a7a9 -> 9ea8b859a681512b782b9b3988d2f5f8
  custom:scripting/monoscript/fileName/Wave.cs: c8b913f1d5cb3bff026a08ce26c83aad -> 6e300e3b5d1a1dd15fa0115918e06e83
  custom:audio-encoder-webm-vorbis: bf7c407c2cedff20999df2af8eb42d56 -> 
  custom:scripting/monoscript/fileName/WaterReflection.cs: f1c57f2ce2c094032b710e8e5eb21bd7 -> 
  custom:scripting/monoscript/fileName/Tile.cs: e6480a408e34695897b31a69fad2b871 -> a94101d916c115d73aff3567a86e16d8
  custom:scripting/precompiled-assembly-types:Assembly-CSharp: e62b66366f159171f02e707cec416dc6 -> dff8c55d4e0e9ddc22cc808f571b8c31
========================================================================
Received Import Request.
  Time since last request: 12.035195 seconds.
  path: Assets/Prefabs/ArrowTower.prefab
  artifactKey: Guid(5824a3eb4c50251438fc8288b90d6a00) Importer(815301076,1909f56bfc062723c751e8b465ee728b)
Start importing Assets/Prefabs/ArrowTower.prefab using Guid(5824a3eb4c50251438fc8288b90d6a00) Importer(815301076,1909f56bfc062723c751e8b465ee728b) [PhysX] Initialized MultithreadedTaskDispatcher with 12 workers.
 -> (artifact id: '13e192b014f281000b70ddf31bcfd42d') in 0.001968 seconds
Number of updated asset objects reloaded before import = 0
Number of asset objects unloaded after import = 0
========================================================================
Received Import Request.
  Time since last request: 623.476167 seconds.
  path: Assets/Prefabs/Arrow.prefab
  artifactKey: Guid(e530754f8a214b643a54123eaa798bef) Importer(815301076,1909f56bfc062723c751e8b465ee728b)
Start importing Assets/Prefabs/Arrow.prefab using Guid(e530754f8a214b643a54123eaa798bef) Importer(815301076,1909f56bfc062723c751e8b465ee728b) [PhysX] Initialized MultithreadedTaskDispatcher with 12 workers.
 -> (artifact id: 'c5cc7a11c0c8d509b26fe38ea92241b7') in 0.000624 seconds
Number of updated asset objects reloaded before import = 0
Number of asset objects unloaded after import = 0
========================================================================
Received Import Request.
  Time since last request: 0.002432 seconds.
  path: Assets/Prefabs/Slime.prefab
  artifactKey: Guid(8d8f34502b2fc3a4a8ba0edc6484040f) Importer(815301076,1909f56bfc062723c751e8b465ee728b)
Start importing Assets/Prefabs/Slime.prefab using Guid(8d8f34502b2fc3a4a8ba0edc6484040f) Importer(815301076,1909f56bfc062723c751e8b465ee728b) [PhysX] Initialized MultithreadedTaskDispatcher with 12 workers.
 -> (artifact id: '0fecb660f33d72e5bc8a73a3813cfbc3') in 0.000528 seconds
Number of updated asset objects reloaded before import = 0
Number of asset objects unloaded after import = 0
========================================================================
Received Import Request.
  Time since last request: 2.910902 seconds.
  path: Assets/Prefabs/ArrowTower 1.prefab
  artifactKey: Guid(20b1348b4ae7d5742bfd536fd769621d) Importer(815301076,1909f56bfc062723c751e8b465ee728b)
Start importing Assets/Prefabs/ArrowTower 1.prefab using Guid(20b1348b4ae7d5742bfd536fd769621d) Importer(815301076,1909f56bfc062723c751e8b465ee728b) [PhysX] Initialized MultithreadedTaskDispatcher with 12 workers.
 -> (artifact id: 'ad1ef32d60862d4bbe4ec92a7d4c780c') in 0.000511 seconds
Number of updated asset objects reloaded before import = 0
Number of asset objects unloaded after import = 0
========================================================================
Received Import Request.
  Time since last request: 0.019765 seconds.
  path: Assets/Prefabs/Arrow.prefab
  artifactKey: Guid(e530754f8a214b643a54123eaa798bef) Importer(815301076,1909f56bfc062723c751e8b465ee728b)
Start importing Assets/Prefabs/Arrow.prefab using Guid(e530754f8a214b643a54123eaa798bef) Importer(815301076,1909f56bfc062723c751e8b465ee728b) [PhysX] Initialized MultithreadedTaskDispatcher with 12 workers.
 -> (artifact id: 'c5cc7a11c0c8d509b26fe38ea92241b7') in 0.000565 seconds
Number of updated asset objects reloaded before import = 0
Number of asset objects unloaded after import = 0
========================================================================
Received Import Request.
  Time since last request: 0.000027 seconds.
  path: Assets/Prefabs/Slime.prefab
  artifactKey: Guid(8d8f34502b2fc3a4a8ba0edc6484040f) Importer(815301076,1909f56bfc062723c751e8b465ee728b)
Start importing Assets/Prefabs/Slime.prefab using Guid(8d8f34502b2fc3a4a8ba0edc6484040f) Importer(815301076,1909f56bfc062723c751e8b465ee728b) [PhysX] Initialized MultithreadedTaskDispatcher with 12 workers.
 -> (artifact id: '0fecb660f33d72e5bc8a73a3813cfbc3') in 0.000338 seconds
Number of updated asset objects reloaded before import = 0
Number of asset objects unloaded after import = 0
========================================================================
Received Import Request.
  Time since last request: 11.562186 seconds.
  path: Assets/Colors/New Material.mat
  artifactKey: Guid(cf670f24d479ab64191d4c8488e33ae8) Importer(815301076,1909f56bfc062723c751e8b465ee728b)
Start importing Assets/Colors/New Material.mat using Guid(cf670f24d479ab64191d4c8488e33ae8) Importer(815301076,1909f56bfc062723c751e8b465ee728b) [PhysX] Initialized MultithreadedTaskDispatcher with 12 workers.
[PhysX] Initialized MultithreadedTaskDispatcher with 12 workers.
 -> (artifact id: 'd1ee3a0706917051418d696656892b5e') in 0.072946 seconds
Number of updated asset objects reloaded before import = 0
Number of asset objects unloaded after import = 1
========================================================================
Received Import Request.
  Time since last request: 16.481303 seconds.
  path: Assets/Prefabs/Arrow.prefab
  artifactKey: Guid(e530754f8a214b643a54123eaa798bef) Importer(815301076,1909f56bfc062723c751e8b465ee728b)
Start importing Assets/Prefabs/Arrow.prefab using Guid(e530754f8a214b643a54123eaa798bef) Importer(815301076,1909f56bfc062723c751e8b465ee728b) [PhysX] Initialized MultithreadedTaskDispatcher with 12 workers.
 -> (artifact id: 'c5cc7a11c0c8d509b26fe38ea92241b7') in 0.000549 seconds
Number of updated asset objects reloaded before import = 0
Number of asset objects unloaded after import = 0
========================================================================
Received Import Request.
  Time since last request: 0.000014 seconds.
  path: Assets/Prefabs/Slime.prefab
  artifactKey: Guid(8d8f34502b2fc3a4a8ba0edc6484040f) Importer(815301076,1909f56bfc062723c751e8b465ee728b)
Start importing Assets/Prefabs/Slime.prefab using Guid(8d8f34502b2fc3a4a8ba0edc6484040f) Importer(815301076,1909f56bfc062723c751e8b465ee728b) [PhysX] Initialized MultithreadedTaskDispatcher with 12 workers.
 -> (artifact id: '0fecb660f33d72e5bc8a73a3813cfbc3') in 0.000340 seconds
Number of updated asset objects reloaded before import = 0
Number of asset objects unloaded after import = 0
========================================================================
Received Import Request.
  Time since last request: 10.450373 seconds.
  path: Assets/Prefabs/Arrow.prefab
  artifactKey: Guid(e530754f8a214b643a54123eaa798bef) Importer(815301076,1909f56bfc062723c751e8b465ee728b)
Start importing Assets/Prefabs/Arrow.prefab using Guid(e530754f8a214b643a54123eaa798bef) Importer(815301076,1909f56bfc062723c751e8b465ee728b) [PhysX] Initialized MultithreadedTaskDispatcher with 12 workers.
 -> (artifact id: 'c5cc7a11c0c8d509b26fe38ea92241b7') in 0.000572 seconds
Number of updated asset objects reloaded before import = 0
Number of asset objects unloaded after import = 0
========================================================================
Received Import Request.
  Time since last request: 0.000018 seconds.
  path: Assets/Prefabs/Slime.prefab
  artifactKey: Guid(8d8f34502b2fc3a4a8ba0edc6484040f) Importer(815301076,1909f56bfc062723c751e8b465ee728b)
Start importing Assets/Prefabs/Slime.prefab using Guid(8d8f34502b2fc3a4a8ba0edc6484040f) Importer(815301076,1909f56bfc062723c751e8b465ee728b) [PhysX] Initialized MultithreadedTaskDispatcher with 12 workers.
 -> (artifact id: '0fecb660f33d72e5bc8a73a3813cfbc3') in 0.000424 seconds
Number of updated asset objects reloaded before import = 0
Number of asset objects unloaded after import = 0
========================================================================
Received Import Request.
  Time since last request: 3.328553 seconds.
  path: Assets/Prefabs/Arrow 1.prefab
  artifactKey: Guid(13e1733f7786e174e985439ecb835ec2) Importer(815301076,1909f56bfc062723c751e8b465ee728b)
Start importing Assets/Prefabs/Arrow 1.prefab using Guid(13e1733f7786e174e985439ecb835ec2) Importer(815301076,1909f56bfc062723c751e8b465ee728b) [PhysX] Initialized MultithreadedTaskDispatcher with 12 workers.
 -> (artifact id: '559d06f06aeed8eb67a4e483b302a0fb') in 0.000482 seconds
Number of updated asset objects reloaded before import = 0
Number of asset objects unloaded after import = 0
========================================================================
Received Import Request.
  Time since last request: 0.019311 seconds.
  path: Assets/Prefabs/Arrow.prefab
  artifactKey: Guid(e530754f8a214b643a54123eaa798bef) Importer(815301076,1909f56bfc062723c751e8b465ee728b)
Start importing Assets/Prefabs/Arrow.prefab using Guid(e530754f8a214b643a54123eaa798bef) Importer(815301076,1909f56bfc062723c751e8b465ee728b) [PhysX] Initialized MultithreadedTaskDispatcher with 12 workers.
 -> (artifact id: 'c5cc7a11c0c8d509b26fe38ea92241b7') in 0.000571 seconds
Number of updated asset objects reloaded before import = 0
Number of asset objects unloaded after import = 0
========================================================================
Received Import Request.
  Time since last request: 0.000013 seconds.
  path: Assets/Prefabs/Slime.prefab
  artifactKey: Guid(8d8f34502b2fc3a4a8ba0edc6484040f) Importer(815301076,1909f56bfc062723c751e8b465ee728b)
Start importing Assets/Prefabs/Slime.prefab using Guid(8d8f34502b2fc3a4a8ba0edc6484040f) Importer(815301076,1909f56bfc062723c751e8b465ee728b) [PhysX] Initialized MultithreadedTaskDispatcher with 12 workers.
 -> (artifact id: '0fecb660f33d72e5bc8a73a3813cfbc3') in 0.000370 seconds
Number of updated asset objects reloaded before import = 0
Number of asset objects unloaded after import = 0
========================================================================
Received Import Request.
  Time since last request: 5.549363 seconds.
  path: Assets/Prefabs/Arrow.prefab
  artifactKey: Guid(e530754f8a214b643a54123eaa798bef) Importer(815301076,1909f56bfc062723c751e8b465ee728b)
Start importing Assets/Prefabs/Arrow.prefab using Guid(e530754f8a214b643a54123eaa798bef) Importer(815301076,1909f56bfc062723c751e8b465ee728b) [PhysX] Initialized MultithreadedTaskDispatcher with 12 workers.
 -> (artifact id: 'c5cc7a11c0c8d509b26fe38ea92241b7') in 0.000499 seconds
Number of updated asset objects reloaded before import = 0
Number of asset objects unloaded after import = 0
========================================================================
Received Import Request.
  Time since last request: 0.047379 seconds.
  path: Assets/Prefabs/Slime.prefab
  artifactKey: Guid(8d8f34502b2fc3a4a8ba0edc6484040f) Importer(815301076,1909f56bfc062723c751e8b465ee728b)
Start importing Assets/Prefabs/Slime.prefab using Guid(8d8f34502b2fc3a4a8ba0edc6484040f) Importer(815301076,1909f56bfc062723c751e8b465ee728b) [PhysX] Initialized MultithreadedTaskDispatcher with 12 workers.
 -> (artifact id: '0fecb660f33d72e5bc8a73a3813cfbc3') in 0.000684 seconds
Number of updated asset objects reloaded before import = 0
Number of asset objects unloaded after import = 0
========================================================================
Received Import Request.
  Time since last request: 3.646574 seconds.
  path: Assets/Colors/New Material.mat
  artifactKey: Guid(cf670f24d479ab64191d4c8488e33ae8) Importer(815301076,1909f56bfc062723c751e8b465ee728b)
Start importing Assets/Colors/New Material.mat using Guid(cf670f24d479ab64191d4c8488e33ae8) Importer(815301076,1909f56bfc062723c751e8b465ee728b) [PhysX] Initialized MultithreadedTaskDispatcher with 12 workers.
[PhysX] Initialized MultithreadedTaskDispatcher with 12 workers.
 -> (artifact id: 'c05b0d4632a1f91326765cbb95bbe544') in 0.012827 seconds
Number of updated asset objects reloaded before import = 0
Number of asset objects unloaded after import = 1
========================================================================
Received Import Request.
  Time since last request: 11.326082 seconds.
  path: Assets/Prefabs/Arrow.prefab
  artifactKey: Guid(e530754f8a214b643a54123eaa798bef) Importer(815301076,1909f56bfc062723c751e8b465ee728b)
Start importing Assets/Prefabs/Arrow.prefab using Guid(e530754f8a214b643a54123eaa798bef) Importer(815301076,1909f56bfc062723c751e8b465ee728b) [PhysX] Initialized MultithreadedTaskDispatcher with 12 workers.
 -> (artifact id: 'c5cc7a11c0c8d509b26fe38ea92241b7') in 0.000517 seconds
Number of updated asset objects reloaded before import = 0
Number of asset objects unloaded after import = 0
========================================================================
Received Import Request.
  Time since last request: 0.000015 seconds.
  path: Assets/Prefabs/Slime.prefab
  artifactKey: Guid(8d8f34502b2fc3a4a8ba0edc6484040f) Importer(815301076,1909f56bfc062723c751e8b465ee728b)
Start importing Assets/Prefabs/Slime.prefab using Guid(8d8f34502b2fc3a4a8ba0edc6484040f) Importer(815301076,1909f56bfc062723c751e8b465ee728b) [PhysX] Initialized MultithreadedTaskDispatcher with 12 workers.
 -> (artifact id: '0fecb660f33d72e5bc8a73a3813cfbc3') in 0.000341 seconds
Number of updated asset objects reloaded before import = 0
Number of asset objects unloaded after import = 0
========================================================================
Received Import Request.
  Time since last request: 16.434679 seconds.
  path: Assets/Prefabs/Arrow.prefab
  artifactKey: Guid(e530754f8a214b643a54123eaa798bef) Importer(815301076,1909f56bfc062723c751e8b465ee728b)
Start importing Assets/Prefabs/Arrow.prefab using Guid(e530754f8a214b643a54123eaa798bef) Importer(815301076,1909f56bfc062723c751e8b465ee728b) [PhysX] Initialized MultithreadedTaskDispatcher with 12 workers.
 -> (artifact id: 'c5cc7a11c0c8d509b26fe38ea92241b7') in 0.000536 seconds
Number of updated asset objects reloaded before import = 0
Number of asset objects unloaded after import = 0
========================================================================
Received Import Request.
  Time since last request: 0.000015 seconds.
  path: Assets/Prefabs/Slime.prefab
  artifactKey: Guid(8d8f34502b2fc3a4a8ba0edc6484040f) Importer(815301076,1909f56bfc062723c751e8b465ee728b)
Start importing Assets/Prefabs/Slime.prefab using Guid(8d8f34502b2fc3a4a8ba0edc6484040f) Importer(815301076,1909f56bfc062723c751e8b465ee728b) [PhysX] Initialized MultithreadedTaskDispatcher with 12 workers.
 -> (artifact id: '0fecb660f33d72e5bc8a73a3813cfbc3') in 0.000312 seconds
Number of updated asset objects reloaded before import = 0
Number of asset objects unloaded after import = 0
========================================================================
Received Import Request.
  Time since last request: 5.549251 seconds.
  path: Assets/Prefabs/MagicTower 1.prefab
  artifactKey: Guid(8542e3db9bff02e4b92f25a033b7ef8e) Importer(815301076,1909f56bfc062723c751e8b465ee728b)
Start importing Assets/Prefabs/MagicTower 1.prefab using Guid(8542e3db9bff02e4b92f25a033b7ef8e) Importer(815301076,1909f56bfc062723c751e8b465ee728b) [PhysX] Initialized MultithreadedTaskDispatcher with 12 workers.
 -> (artifact id: '713ae20184d0dd45d37ffe578b146a1a') in 0.000442 seconds
Number of updated asset objects reloaded before import = 0
Number of asset objects unloaded after import = 0
========================================================================
Received Import Request.
  Time since last request: 0.014582 seconds.
  path: Assets/Prefabs/Arrow.prefab
  artifactKey: Guid(e530754f8a214b643a54123eaa798bef) Importer(815301076,1909f56bfc062723c751e8b465ee728b)
Start importing Assets/Prefabs/Arrow.prefab using Guid(e530754f8a214b643a54123eaa798bef) Importer(815301076,1909f56bfc062723c751e8b465ee728b) [PhysX] Initialized MultithreadedTaskDispatcher with 12 workers.
 -> (artifact id: 'c5cc7a11c0c8d509b26fe38ea92241b7') in 0.000593 seconds
Number of updated asset objects reloaded before import = 0
Number of asset objects unloaded after import = 0
========================================================================
Received Import Request.
  Time since last request: 0.000033 seconds.
  path: Assets/Prefabs/Slime.prefab
  artifactKey: Guid(8d8f34502b2fc3a4a8ba0edc6484040f) Importer(815301076,1909f56bfc062723c751e8b465ee728b)
Start importing Assets/Prefabs/Slime.prefab using Guid(8d8f34502b2fc3a4a8ba0edc6484040f) Importer(815301076,1909f56bfc062723c751e8b465ee728b) [PhysX] Initialized MultithreadedTaskDispatcher with 12 workers.
 -> (artifact id: '0fecb660f33d72e5bc8a73a3813cfbc3') in 0.000386 seconds
Number of updated asset objects reloaded before import = 0
Number of asset objects unloaded after import = 0
========================================================================
Received Import Request.
  Time since last request: 2.980849 seconds.
  path: Assets/Prefabs/MagicTower 2.prefab
  artifactKey: Guid(b3ab60e276eaeb34587e23f3e44e0fb8) Importer(815301076,1909f56bfc062723c751e8b465ee728b)
Start importing Assets/Prefabs/MagicTower 2.prefab using Guid(b3ab60e276eaeb34587e23f3e44e0fb8) Importer(815301076,1909f56bfc062723c751e8b465ee728b) [PhysX] Initialized MultithreadedTaskDispatcher with 12 workers.
 -> (artifact id: '2a8b6237b1e95d7956e79395c0d57e37') in 0.000586 seconds
Number of updated asset objects reloaded before import = 0
Number of asset objects unloaded after import = 0
========================================================================
Received Import Request.
  Time since last request: 0.024580 seconds.
  path: Assets/Prefabs/Arrow.prefab
  artifactKey: Guid(e530754f8a214b643a54123eaa798bef) Importer(815301076,1909f56bfc062723c751e8b465ee728b)
Start importing Assets/Prefabs/Arrow.prefab using Guid(e530754f8a214b643a54123eaa798bef) Importer(815301076,1909f56bfc062723c751e8b465ee728b) [PhysX] Initialized MultithreadedTaskDispatcher with 12 workers.
 -> (artifact id: 'c5cc7a11c0c8d509b26fe38ea92241b7') in 0.000588 seconds
Number of updated asset objects reloaded before import = 0
Number of asset objects unloaded after import = 0
========================================================================
Received Import Request.
  Time since last request: 0.000018 seconds.
  path: Assets/Prefabs/Slime.prefab
  artifactKey: Guid(8d8f34502b2fc3a4a8ba0edc6484040f) Importer(815301076,1909f56bfc062723c751e8b465ee728b)
Start importing Assets/Prefabs/Slime.prefab using Guid(8d8f34502b2fc3a4a8ba0edc6484040f) Importer(815301076,1909f56bfc062723c751e8b465ee728b) [PhysX] Initialized MultithreadedTaskDispatcher with 12 workers.
 -> (artifact id: '0fecb660f33d72e5bc8a73a3813cfbc3') in 0.000323 seconds
Number of updated asset objects reloaded before import = 0
Number of asset objects unloaded after import = 0
========================================================================
Received Import Request.
  Time since last request: 12.159899 seconds.
  path: Assets/Prefabs/Arrow.prefab
  artifactKey: Guid(e530754f8a214b643a54123eaa798bef) Importer(815301076,1909f56bfc062723c751e8b465ee728b)
Start importing Assets/Prefabs/Arrow.prefab using Guid(e530754f8a214b643a54123eaa798bef) Importer(815301076,1909f56bfc062723c751e8b465ee728b) [PhysX] Initialized MultithreadedTaskDispatcher with 12 workers.
 -> (artifact id: 'c5cc7a11c0c8d509b26fe38ea92241b7') in 0.000590 seconds
Number of updated asset objects reloaded before import = 0
Number of asset objects unloaded after import = 0
========================================================================
Received Import Request.
  Time since last request: 0.000015 seconds.
  path: Assets/Prefabs/Slime.prefab
  artifactKey: Guid(8d8f34502b2fc3a4a8ba0edc6484040f) Importer(815301076,1909f56bfc062723c751e8b465ee728b)
Start importing Assets/Prefabs/Slime.prefab using Guid(8d8f34502b2fc3a4a8ba0edc6484040f) Importer(815301076,1909f56bfc062723c751e8b465ee728b) [PhysX] Initialized MultithreadedTaskDispatcher with 12 workers.
 -> (artifact id: '0fecb660f33d72e5bc8a73a3813cfbc3') in 0.000321 seconds
Number of updated asset objects reloaded before import = 0
Number of asset objects unloaded after import = 0
========================================================================
Received Import Request.
  Time since last request: 9.118242 seconds.
  path: Assets/Prefabs/Arrow.prefab
  artifactKey: Guid(e530754f8a214b643a54123eaa798bef) Importer(815301076,1909f56bfc062723c751e8b465ee728b)
Start importing Assets/Prefabs/Arrow.prefab using Guid(e530754f8a214b643a54123eaa798bef) Importer(815301076,1909f56bfc062723c751e8b465ee728b) [PhysX] Initialized MultithreadedTaskDispatcher with 12 workers.
 -> (artifact id: 'c5cc7a11c0c8d509b26fe38ea92241b7') in 0.000586 seconds
Number of updated asset objects reloaded before import = 0
Number of asset objects unloaded after import = 0
========================================================================
Received Import Request.
  Time since last request: 0.000013 seconds.
  path: Assets/Prefabs/Wall.prefab
  artifactKey: Guid(b3ab60e276eaeb34587e23f3e44e0fb8) Importer(815301076,1909f56bfc062723c751e8b465ee728b)
Start importing Assets/Prefabs/Wall.prefab using Guid(b3ab60e276eaeb34587e23f3e44e0fb8) Importer(815301076,1909f56bfc062723c751e8b465ee728b) [PhysX] Initialized MultithreadedTaskDispatcher with 12 workers.
 -> (artifact id: 'ab8a8b264276dc84079403abebb00daf') in 0.000351 seconds
Number of updated asset objects reloaded before import = 0
Number of asset objects unloaded after import = 0
========================================================================
Received Import Request.
  Time since last request: 1.858891 seconds.
  path: Assets/Prefabs/MagicBolt 1.prefab
  artifactKey: Guid(2144d00ff97b1314588a9974e7119396) Importer(815301076,1909f56bfc062723c751e8b465ee728b)
Start importing Assets/Prefabs/MagicBolt 1.prefab using Guid(2144d00ff97b1314588a9974e7119396) Importer(815301076,1909f56bfc062723c751e8b465ee728b) [PhysX] Initialized MultithreadedTaskDispatcher with 12 workers.
 -> (artifact id: '95301a07dbd2a7fc5b097518687c7fa1') in 0.000455 seconds
Number of updated asset objects reloaded before import = 0
Number of asset objects unloaded after import = 0
========================================================================
Received Import Request.
  Time since last request: 0.023891 seconds.
  path: Assets/Prefabs/Arrow.prefab
  artifactKey: Guid(e530754f8a214b643a54123eaa798bef) Importer(815301076,1909f56bfc062723c751e8b465ee728b)
Start importing Assets/Prefabs/Arrow.prefab using Guid(e530754f8a214b643a54123eaa798bef) Importer(815301076,1909f56bfc062723c751e8b465ee728b) [PhysX] Initialized MultithreadedTaskDispatcher with 12 workers.
 -> (artifact id: 'c5cc7a11c0c8d509b26fe38ea92241b7') in 0.000567 seconds
Number of updated asset objects reloaded before import = 0
Number of asset objects unloaded after import = 0
========================================================================
Received Import Request.
  Time since last request: 12.320189 seconds.
  path: Assets/Prefabs/Arrow.prefab
  artifactKey: Guid(e530754f8a214b643a54123eaa798bef) Importer(815301076,1909f56bfc062723c751e8b465ee728b)
Start importing Assets/Prefabs/Arrow.prefab using Guid(e530754f8a214b643a54123eaa798bef) Importer(815301076,1909f56bfc062723c751e8b465ee728b) [PhysX] Initialized MultithreadedTaskDispatcher with 12 workers.
 -> (artifact id: 'c5cc7a11c0c8d509b26fe38ea92241b7') in 0.000543 seconds
Number of updated asset objects reloaded before import = 0
Number of asset objects unloaded after import = 0
========================================================================
Received Import Request.
  Time since last request: 4.681292 seconds.
  path: Assets/Colors/New Material 2.mat
  artifactKey: Guid(70429d8275f5c2e4bbf695a975eacaa3) Importer(815301076,1909f56bfc062723c751e8b465ee728b)
Start importing Assets/Colors/New Material 2.mat using Guid(70429d8275f5c2e4bbf695a975eacaa3) Importer(815301076,1909f56bfc062723c751e8b465ee728b) [PhysX] Initialized MultithreadedTaskDispatcher with 12 workers.
[PhysX] Initialized MultithreadedTaskDispatcher with 12 workers.
 -> (artifact id: 'f14cebf42be3ca46f968484f85be34e3') in 0.012654 seconds
Number of updated asset objects reloaded before import = 0
Number of asset objects unloaded after import = 2
========================================================================
Received Import Request.
  Time since last request: 5.184064 seconds.
  path: Assets/Prefabs/Arrow.prefab
  artifactKey: Guid(e530754f8a214b643a54123eaa798bef) Importer(815301076,1909f56bfc062723c751e8b465ee728b)
Start importing Assets/Prefabs/Arrow.prefab using Guid(e530754f8a214b643a54123eaa798bef) Importer(815301076,1909f56bfc062723c751e8b465ee728b) [PhysX] Initialized MultithreadedTaskDispatcher with 12 workers.
 -> (artifact id: 'c5cc7a11c0c8d509b26fe38ea92241b7') in 0.000511 seconds
Number of updated asset objects reloaded before import = 0
Number of asset objects unloaded after import = 0
========================================================================
Received Import Request.
  Time since last request: 59.453350 seconds.
  path: Assets/Prefabs/Arrow.prefab
  artifactKey: Guid(e530754f8a214b643a54123eaa798bef) Importer(815301076,1909f56bfc062723c751e8b465ee728b)
Start importing Assets/Prefabs/Arrow.prefab using Guid(e530754f8a214b643a54123eaa798bef) Importer(815301076,1909f56bfc062723c751e8b465ee728b) [PhysX] Initialized MultithreadedTaskDispatcher with 12 workers.
 -> (artifact id: 'c5cc7a11c0c8d509b26fe38ea92241b7') in 0.000551 seconds
Number of updated asset objects reloaded before import = 0
Number of asset objects unloaded after import = 0
========================================================================
Received Import Request.
  Time since last request: 23.635630 seconds.
  path: Assets/Prefabs/Arrow.prefab
  artifactKey: Guid(e530754f8a214b643a54123eaa798bef) Importer(815301076,1909f56bfc062723c751e8b465ee728b)
Start importing Assets/Prefabs/Arrow.prefab using Guid(e530754f8a214b643a54123eaa798bef) Importer(815301076,1909f56bfc062723c751e8b465ee728b) [PhysX] Initialized MultithreadedTaskDispatcher with 12 workers.
 -> (artifact id: 'c5cc7a11c0c8d509b26fe38ea92241b7') in 0.000593 seconds
Number of updated asset objects reloaded before import = 0
Number of asset objects unloaded after import = 0
========================================================================
Received Import Request.
  Time since last request: 0.593727 seconds.
  path: Assets/Prefabs/Arrow.prefab
  artifactKey: Guid(e530754f8a214b643a54123eaa798bef) Importer(815301076,1909f56bfc062723c751e8b465ee728b)
Start importing Assets/Prefabs/Arrow.prefab using Guid(e530754f8a214b643a54123eaa798bef) Importer(815301076,1909f56bfc062723c751e8b465ee728b) [PhysX] Initialized MultithreadedTaskDispatcher with 12 workers.
 -> (artifact id: 'c5cc7a11c0c8d509b26fe38ea92241b7') in 0.000495 seconds
Number of updated asset objects reloaded before import = 0
Number of asset objects unloaded after import = 0
========================================================================
Received Prepare
Caller must complete domain reload
Begin MonoManager ReloadAssembly
- Loaded All Assemblies, in  0.429 seconds
Native extension for WindowsStandalone target not found
Native extension for WebGL target not found
[Package Manager] Server::EnsureServerProcessIsRunning -- launch failed, reason: Unity was launched with the -noUpm command-line argument
[Package Manager] UpmClient::Send -- Unable to send message (not connected to UPM process).
[Package Manager] Cannot connect to Unity Package Manager local server
Mono: successfully reloaded assembly
- Finished resetting the current domain, in  0.920 seconds
Domain Reload Profiling: 1347ms
	BeginReloadAssembly (155ms)
		ExecutionOrderSort (0ms)
		DisableScriptedObjects (4ms)
		BackupInstance (0ms)
		ReleaseScriptingObjects (0ms)
		CreateAndSetChildDomain (33ms)
	RebuildCommonClasses (36ms)
	RebuildNativeTypeToScriptingClass (11ms)
	initialDomainReloadingComplete (29ms)
	LoadAllAssembliesAndSetupDomain (195ms)
		LoadAssemblies (260ms)
		RebuildTransferFunctionScriptingTraits (0ms)
		AnalyzeDomain (21ms)
			TypeCache.Refresh (8ms)
				TypeCache.ScanAssembly (1ms)
			ScanForSourceGeneratedMonoScriptInfo (6ms)
			ResolveRequiredComponents (5ms)
	FinalizeReload (920ms)
		ReleaseScriptCaches (0ms)
		RebuildScriptCaches (0ms)
		SetupLoadedEditorAssemblies (434ms)
			LogAssemblyErrors (0ms)
			InitializePlatformSupportModulesInManaged (13ms)
			SetLoadedEditorAssemblies (4ms)
			RefreshPlugins (0ms)
			BeforeProcessingInitializeOnLoad (59ms)
			ProcessInitializeOnLoadAttributes (330ms)
			ProcessInitializeOnLoadMethodAttributes (20ms)
			AfterProcessingInitializeOnLoad (8ms)
			EditorAssembliesLoaded (0ms)
		ExecutionOrderSort2 (0ms)
		AwakeInstancesAfterBackupRestoration (6ms)
Refreshing native plugins compatible for Editor in 3.26 ms, found 3 plugins.
Preloading 0 native plugins for Editor in 0.00 ms.
Unloading 3126 Unused Serialized files (Serialized files now loaded: 0)
Unloading 14 unused Assets / (28.7 KB). Loaded Objects now: 3898.
Memory consumption went from 135.1 MB to 135.1 MB.
Total: 2.860900 ms (FindLiveObjects: 0.366000 ms CreateObjectMapping: 0.077900 ms MarkObjects: 2.375800 ms  DeleteObjects: 0.039800 ms)

Prepare: number of updated asset objects reloaded= 0
AssetImportParameters requested are different than current active one (requested -> active):
  custom:container-demuxer-ogg: 62fdf1f143b41e24485cea50d1cbac27 -> 
  custom:scripting/monoscript/fileName/GameManager.cs: f6182d712e34e20e3202214886862cdb -> 9933fbcc6190e2a9171c2ec8808a053e
  custom:scripting/monoscript/fileName/Income.cs: 938d875b4ea58c05495f38a939171226 -> 
  custom:video-decoder-ogg-theora: a1e56fd34408186e4bbccfd4996cb3dc -> 
  custom:framework-win-MediaFoundation: 216162199b28c13a410421893ffa2e32 -> 
  custom:scripting/monoscript/fileName/Tower.cs: 0e51d5638e1e2b20f04394d6225c671a -> 16583eaf01662413665c0a8803428cd6
  custom:CustomObjectIndexerAttribute: 9a22284fe3817be447336de3de66b15e -> 
  custom:scripting/monoscript/fileName/Readme.cs: 5aedf578fb2663036982fb7b05aaf325 -> 
  custom:scripting/monoscript/fileName/Tooltip.cs: b7163f69ad820c51a0cfd3387a68b1d4 -> efb4e7ecf4b2142538150f2477ca1e4e
  custom:container-demuxer-webm: 4f35f7cbe854078d1ac9338744f61a02 -> 
  custom:scripting/monoscript/fileName/GoldMine.cs: bab3e2ee0cdfb32214ea1458d0239fb0 -> 
  custom:scripting/monoscript/fileName/GatheringHous.cs: 6a29be3f36fcfccf43587dfd206bf4d9 -> 
  custom:container-muxer-webm: aa71ff27fc2769a1b78a27578f13a17b -> 
  custom:scripting/monoscript/fileName/ReadmeEditor.cs: ff7ced1e41c1b99ddf5dfefc88f6bd50 -> 
  custom:video-decoder-webm-vp8: 9c59270c3fd7afecdb556c50c9e8de78 -> 
  custom:SearchIndexIgnoredProperties: e643bd26f0fe6173181afceb89e7c659 -> 
  custom:AudioImporter_EditorPlatform: d09bf68614088b80899f8185d706f6e7 -> 
  custom:scripting/monoscript/fileName/LumberMill.cs: c2d45524fbd0d6e9a670d983de5f81d7 -> 
  custom:scripting/monoscript/fileName/Slime.cs: e872c3a4bc36777cb1cc31d8379690c8 -> 05272bae05f111c6b0609e32e93d89d5
  custom:scripting/monoscript/fileName/Bar.cs: 890822e7dfd0f89892a6fd3ee944f62e -> 71c40e549b4fade8bed144aaff5a79ac
  custom:scripting/monoscript/fileName/TooltipManager.cs: 902a800de15a4facdbc6dbb1be6c1339 -> bc11dd805cb64c1c2f88cd7ae96fba24
  custom:video-encoder-webm-vp8: eb34c28f22e8b96e1ab97ce403110664 -> 
  custom:audio-decoder-ogg-vorbis: bf7c407c2cedff20999df2af8eb42d56 -> 
  custom:scripting/monoscript/fileName/Bullet.cs: 48ff13ede6c310cc0acf4a30e818a1de -> a4f5918e799041ba1f6608f13912eb8b
  custom:scripting/monoscript/fileName/TowerBuild.cs: 3807a8e615ef6a49dfd3f6bc5055a7a9 -> 9ea8b859a681512b782b9b3988d2f5f8
  custom:scripting/monoscript/fileName/Wave.cs: c8b913f1d5cb3bff026a08ce26c83aad -> 6e300e3b5d1a1dd15fa0115918e06e83
  custom:audio-encoder-webm-vorbis: bf7c407c2cedff20999df2af8eb42d56 -> 
  custom:scripting/monoscript/fileName/WaterReflection.cs: f1c57f2ce2c094032b710e8e5eb21bd7 -> 
  custom:scripting/monoscript/fileName/Tile.cs: e6480a408e34695897b31a69fad2b871 -> a94101d916c115d73aff3567a86e16d8
  custom:scripting/precompiled-assembly-types:Assembly-CSharp: e62b66366f159171f02e707cec416dc6 -> dff8c55d4e0e9ddc22cc808f571b8c31
========================================================================
Received Prepare
Caller must complete domain reload
Begin MonoManager ReloadAssembly
- Loaded All Assemblies, in  0.402 seconds
Native extension for WindowsStandalone target not found
Native extension for WebGL target not found
[Package Manager] Server::EnsureServerProcessIsRunning -- launch failed, reason: Unity was launched with the -noUpm command-line argument
[Package Manager] UpmClient::Send -- Unable to send message (not connected to UPM process).
[Package Manager] Cannot connect to Unity Package Manager local server
Mono: successfully reloaded assembly
- Finished resetting the current domain, in  0.851 seconds
Domain Reload Profiling: 1251ms
	BeginReloadAssembly (132ms)
		ExecutionOrderSort (0ms)
		DisableScriptedObjects (5ms)
		BackupInstance (0ms)
		ReleaseScriptingObjects (0ms)
		CreateAndSetChildDomain (27ms)
	RebuildCommonClasses (32ms)
	RebuildNativeTypeToScriptingClass (11ms)
	initialDomainReloadingComplete (29ms)
	LoadAllAssembliesAndSetupDomain (195ms)
		LoadAssemblies (241ms)
		RebuildTransferFunctionScriptingTraits (0ms)
		AnalyzeDomain (24ms)
			TypeCache.Refresh (8ms)
				TypeCache.ScanAssembly (1ms)
			ScanForSourceGeneratedMonoScriptInfo (7ms)
			ResolveRequiredComponents (6ms)
	FinalizeReload (851ms)
		ReleaseScriptCaches (0ms)
		RebuildScriptCaches (0ms)
		SetupLoadedEditorAssemblies (418ms)
			LogAssemblyErrors (0ms)
			InitializePlatformSupportModulesInManaged (8ms)
			SetLoadedEditorAssemblies (4ms)
			RefreshPlugins (0ms)
			BeforeProcessingInitializeOnLoad (60ms)
			ProcessInitializeOnLoadAttributes (319ms)
			ProcessInitializeOnLoadMethodAttributes (19ms)
			AfterProcessingInitializeOnLoad (7ms)
			EditorAssembliesLoaded (0ms)
		ExecutionOrderSort2 (0ms)
		AwakeInstancesAfterBackupRestoration (6ms)
Refreshing native plugins compatible for Editor in 3.23 ms, found 3 plugins.
Preloading 0 native plugins for Editor in 0.00 ms.
Unloading 3127 Unused Serialized files (Serialized files now loaded: 0)
Unloading 14 unused Assets / (28.7 KB). Loaded Objects now: 3901.
Memory consumption went from 135.4 MB to 135.4 MB.
Total: 2.753900 ms (FindLiveObjects: 0.343800 ms CreateObjectMapping: 0.080600 ms MarkObjects: 2.290200 ms  DeleteObjects: 0.038300 ms)

Prepare: number of updated asset objects reloaded= 0
AssetImportParameters requested are different than current active one (requested -> active):
  custom:container-demuxer-ogg: 62fdf1f143b41e24485cea50d1cbac27 -> 
  custom:scripting/monoscript/fileName/GameManager.cs: f6182d712e34e20e3202214886862cdb -> 9933fbcc6190e2a9171c2ec8808a053e
  custom:scripting/monoscript/fileName/Income.cs: 938d875b4ea58c05495f38a939171226 -> 
  custom:video-decoder-ogg-theora: a1e56fd34408186e4bbccfd4996cb3dc -> 
  custom:framework-win-MediaFoundation: 216162199b28c13a410421893ffa2e32 -> 
  custom:scripting/monoscript/fileName/Tower.cs: 0e51d5638e1e2b20f04394d6225c671a -> 16583eaf01662413665c0a8803428cd6
  custom:CustomObjectIndexerAttribute: 9a22284fe3817be447336de3de66b15e -> 
  custom:scripting/monoscript/fileName/Readme.cs: 5aedf578fb2663036982fb7b05aaf325 -> 
  custom:scripting/monoscript/fileName/Tooltip.cs: b7163f69ad820c51a0cfd3387a68b1d4 -> efb4e7ecf4b2142538150f2477ca1e4e
  custom:container-demuxer-webm: 4f35f7cbe854078d1ac9338744f61a02 -> 
  custom:scripting/monoscript/fileName/GoldMine.cs: bab3e2ee0cdfb32214ea1458d0239fb0 -> 
  custom:scripting/monoscript/fileName/GatheringHous.cs: 6a29be3f36fcfccf43587dfd206bf4d9 -> 
  custom:container-muxer-webm: aa71ff27fc2769a1b78a27578f13a17b -> 
  custom:scripting/monoscript/fileName/ReadmeEditor.cs: ff7ced1e41c1b99ddf5dfefc88f6bd50 -> 
  custom:video-decoder-webm-vp8: 9c59270c3fd7afecdb556c50c9e8de78 -> 
  custom:SearchIndexIgnoredProperties: e643bd26f0fe6173181afceb89e7c659 -> 
  custom:AudioImporter_EditorPlatform: d09bf68614088b80899f8185d706f6e7 -> 
  custom:scripting/monoscript/fileName/LumberMill.cs: c2d45524fbd0d6e9a670d983de5f81d7 -> 
  custom:scripting/monoscript/fileName/Slime.cs: e872c3a4bc36777cb1cc31d8379690c8 -> 05272bae05f111c6b0609e32e93d89d5
  custom:scripting/monoscript/fileName/Bar.cs: 890822e7dfd0f89892a6fd3ee944f62e -> 71c40e549b4fade8bed144aaff5a79ac
  custom:scripting/monoscript/fileName/TooltipManager.cs: 902a800de15a4facdbc6dbb1be6c1339 -> bc11dd805cb64c1c2f88cd7ae96fba24
  custom:video-encoder-webm-vp8: eb34c28f22e8b96e1ab97ce403110664 -> 
  custom:audio-decoder-ogg-vorbis: bf7c407c2cedff20999df2af8eb42d56 -> 
  custom:scripting/monoscript/fileName/Bullet.cs: 48ff13ede6c310cc0acf4a30e818a1de -> a4f5918e799041ba1f6608f13912eb8b
  custom:scripting/monoscript/fileName/TowerBuild.cs: 3807a8e615ef6a49dfd3f6bc5055a7a9 -> 9ea8b859a681512b782b9b3988d2f5f8
  custom:scripting/monoscript/fileName/Wave.cs: c8b913f1d5cb3bff026a08ce26c83aad -> 6e300e3b5d1a1dd15fa0115918e06e83
  custom:audio-encoder-webm-vorbis: bf7c407c2cedff20999df2af8eb42d56 -> 
  custom:scripting/monoscript/fileName/WaterReflection.cs: f1c57f2ce2c094032b710e8e5eb21bd7 -> 
  custom:scripting/monoscript/fileName/Tile.cs: e6480a408e34695897b31a69fad2b871 -> a94101d916c115d73aff3567a86e16d8
  custom:scripting/precompiled-assembly-types:Assembly-CSharp: e62b66366f159171f02e707cec416dc6 -> dff8c55d4e0e9ddc22cc808f571b8c31
========================================================================
Received Import Request.
  Time since last request: 125.381367 seconds.
  path: Assets/Prefabs/Arrow.prefab
  artifactKey: Guid(e530754f8a214b643a54123eaa798bef) Importer(815301076,1909f56bfc062723c751e8b465ee728b)
Start importing Assets/Prefabs/Arrow.prefab using Guid(e530754f8a214b643a54123eaa798bef) Importer(815301076,1909f56bfc062723c751e8b465ee728b) [PhysX] Initialized MultithreadedTaskDispatcher with 12 workers.
 -> (artifact id: 'c5cc7a11c0c8d509b26fe38ea92241b7') in 0.001967 seconds
Number of updated asset objects reloaded before import = 0
Number of asset objects unloaded after import = 0
========================================================================
Received Import Request.
  Time since last request: 0.005965 seconds.
  path: Assets/Prefabs/Wall.prefab
  artifactKey: Guid(b3ab60e276eaeb34587e23f3e44e0fb8) Importer(815301076,1909f56bfc062723c751e8b465ee728b)
Start importing Assets/Prefabs/Wall.prefab using Guid(b3ab60e276eaeb34587e23f3e44e0fb8) Importer(815301076,1909f56bfc062723c751e8b465ee728b) [PhysX] Initialized MultithreadedTaskDispatcher with 12 workers.
 -> (artifact id: '6173aab480b1d176e90d7b4c94e8b5e9') in 0.000815 seconds
Number of updated asset objects reloaded before import = 0
Number of asset objects unloaded after import = 0
========================================================================
Received Import Request.
  Time since last request: 22.383475 seconds.
  path: Assets/Prefabs/PremiumTower.prefab
  artifactKey: Guid(8542e3db9bff02e4b92f25a033b7ef8e) Importer(815301076,1909f56bfc062723c751e8b465ee728b)
Start importing Assets/Prefabs/PremiumTower.prefab using Guid(8542e3db9bff02e4b92f25a033b7ef8e) Importer(815301076,1909f56bfc062723c751e8b465ee728b) [PhysX] Initialized MultithreadedTaskDispatcher with 12 workers.
 -> (artifact id: '10daf33f90571926497c596a29a32595') in 0.000490 seconds
Number of updated asset objects reloaded before import = 0
Number of asset objects unloaded after import = 0
========================================================================
Received Import Request.
  Time since last request: 0.020638 seconds.
  path: Assets/Prefabs/Arrow.prefab
  artifactKey: Guid(e530754f8a214b643a54123eaa798bef) Importer(815301076,1909f56bfc062723c751e8b465ee728b)
Start importing Assets/Prefabs/Arrow.prefab using Guid(e530754f8a214b643a54123eaa798bef) Importer(815301076,1909f56bfc062723c751e8b465ee728b) [PhysX] Initialized MultithreadedTaskDispatcher with 12 workers.
 -> (artifact id: 'c5cc7a11c0c8d509b26fe38ea92241b7') in 0.000563 seconds
Number of updated asset objects reloaded before import = 0
Number of asset objects unloaded after import = 0
========================================================================
Received Import Request.
  Time since last request: 0.000016 seconds.
  path: Assets/Prefabs/Wall.prefab
  artifactKey: Guid(b3ab60e276eaeb34587e23f3e44e0fb8) Importer(815301076,1909f56bfc062723c751e8b465ee728b)
Start importing Assets/Prefabs/Wall.prefab using Guid(b3ab60e276eaeb34587e23f3e44e0fb8) Importer(815301076,1909f56bfc062723c751e8b465ee728b) [PhysX] Initialized MultithreadedTaskDispatcher with 12 workers.
 -> (artifact id: '6173aab480b1d176e90d7b4c94e8b5e9') in 0.000377 seconds
Number of updated asset objects reloaded before import = 0
Number of asset objects unloaded after import = 0
========================================================================
Received Import Request.
  Time since last request: 35.743894 seconds.
  path: Assets/Prefabs/Arrow.prefab
  artifactKey: Guid(e530754f8a214b643a54123eaa798bef) Importer(815301076,1909f56bfc062723c751e8b465ee728b)
Start importing Assets/Prefabs/Arrow.prefab using Guid(e530754f8a214b643a54123eaa798bef) Importer(815301076,1909f56bfc062723c751e8b465ee728b) [PhysX] Initialized MultithreadedTaskDispatcher with 12 workers.
 -> (artifact id: 'c5cc7a11c0c8d509b26fe38ea92241b7') in 0.000527 seconds
Number of updated asset objects reloaded before import = 0
Number of asset objects unloaded after import = 0
========================================================================
Received Import Request.
  Time since last request: 0.000015 seconds.
  path: Assets/Prefabs/Wall.prefab
  artifactKey: Guid(b3ab60e276eaeb34587e23f3e44e0fb8) Importer(815301076,1909f56bfc062723c751e8b465ee728b)
Start importing Assets/Prefabs/Wall.prefab using Guid(b3ab60e276eaeb34587e23f3e44e0fb8) Importer(815301076,1909f56bfc062723c751e8b465ee728b) [PhysX] Initialized MultithreadedTaskDispatcher with 12 workers.
 -> (artifact id: '6173aab480b1d176e90d7b4c94e8b5e9') in 0.000341 seconds
Number of updated asset objects reloaded before import = 0
Number of asset objects unloaded after import = 0
========================================================================
Received Import Request.
  Time since last request: 2.862217 seconds.
  path: Assets/Prefabs/Arrow.prefab
  artifactKey: Guid(e530754f8a214b643a54123eaa798bef) Importer(815301076,1909f56bfc062723c751e8b465ee728b)
Start importing Assets/Prefabs/Arrow.prefab using Guid(e530754f8a214b643a54123eaa798bef) Importer(815301076,1909f56bfc062723c751e8b465ee728b) [PhysX] Initialized MultithreadedTaskDispatcher with 12 workers.
 -> (artifact id: 'c5cc7a11c0c8d509b26fe38ea92241b7') in 0.000544 seconds
Number of updated asset objects reloaded before import = 0
Number of asset objects unloaded after import = 0
========================================================================
Received Import Request.
  Time since last request: 0.000024 seconds.
  path: Assets/Prefabs/Wall.prefab
  artifactKey: Guid(b3ab60e276eaeb34587e23f3e44e0fb8) Importer(815301076,1909f56bfc062723c751e8b465ee728b)
Start importing Assets/Prefabs/Wall.prefab using Guid(b3ab60e276eaeb34587e23f3e44e0fb8) Importer(815301076,1909f56bfc062723c751e8b465ee728b) [PhysX] Initialized MultithreadedTaskDispatcher with 12 workers.
 -> (artifact id: '6173aab480b1d176e90d7b4c94e8b5e9') in 0.000374 seconds
Number of updated asset objects reloaded before import = 0
Number of asset objects unloaded after import = 0
========================================================================
Received Import Request.
  Time since last request: 13.110204 seconds.
  path: Assets/Prefabs/Arrow.prefab
  artifactKey: Guid(e530754f8a214b643a54123eaa798bef) Importer(815301076,1909f56bfc062723c751e8b465ee728b)
Start importing Assets/Prefabs/Arrow.prefab using Guid(e530754f8a214b643a54123eaa798bef) Importer(815301076,1909f56bfc062723c751e8b465ee728b) [PhysX] Initialized MultithreadedTaskDispatcher with 12 workers.
 -> (artifact id: 'c5cc7a11c0c8d509b26fe38ea92241b7') in 0.000516 seconds
Number of updated asset objects reloaded before import = 0
Number of asset objects unloaded after import = 0
Editor requested this worker to shutdown with reason: Scaling down because of idle timeout
TcpMessagingSession - receive error: operation aborted. errorcode: 995, details: Vstupnì-výstupní operace byla pøerušena buï z dùvodu ukonèení vlákna, nebo na žádost aplikace.
AssetImportWorker is now disconnected from the server
Process exiting
Exiting without the bug reporter. Application will terminate with return code 0