Using pre-set license
Built from '2022.3/staging' branch; Version is '2022.3.45f1 (a13dfa44d684) revision 10567162'; Using compiler version '192829333'; Build Type 'Release'
OS: 'Windows 10  (10.0.19045) 64bit Professional' Language: 'cs' Physical Memory: 16307 MB
BatchMode: 1, IsHumanControllingUs: 0, StartBugReporterOnCrash: 0, Is64bit: 1, IsPro: 1

COMMAND LINE ARGUMENTS:
C:\Program Files\Unity\Hub\Editor\2022.3.45f1\Editor\Unity.exe
-adb2
-batchMode
-noUpm
-name
AssetImportWorker16
-projectPath
C:/Users/voky/AgainstTheSlimeStorm/Against the slime storm
-logFile
Logs/AssetImportWorker16.log
-srvPort
57713
Successfully changed project path to: C:/Users/voky/AgainstTheSlimeStorm/Against the slime storm
C:/Users/voky/AgainstTheSlimeStorm/Against the slime storm
[UnityMemory] Configuration Parameters - Can be set up in boot.config
    "memorysetup-bucket-allocator-granularity=16"
    "memorysetup-bucket-allocator-bucket-count=8"
    "memorysetup-bucket-allocator-block-size=33554432"
    "memorysetup-bucket-allocator-block-count=8"
    "memorysetup-main-allocator-block-size=16777216"
    "memorysetup-thread-allocator-block-size=16777216"
    "memorysetup-gfx-main-allocator-block-size=16777216"
    "memorysetup-gfx-thread-allocator-block-size=16777216"
    "memorysetup-cache-allocator-block-size=4194304"
    "memorysetup-typetree-allocator-block-size=2097152"
    "memorysetup-profiler-bucket-allocator-granularity=16"
    "memorysetup-profiler-bucket-allocator-bucket-count=8"
    "memorysetup-profiler-bucket-allocator-block-size=33554432"
    "memorysetup-profiler-bucket-allocator-block-count=8"
    "memorysetup-profiler-allocator-block-size=16777216"
    "memorysetup-profiler-editor-allocator-block-size=1048576"
    "memorysetup-temp-allocator-size-main=16777216"
    "memorysetup-job-temp-allocator-block-size=2097152"
    "memorysetup-job-temp-allocator-block-size-background=1048576"
    "memorysetup-job-temp-allocator-reduction-small-platforms=262144"
    "memorysetup-allocator-temp-initial-block-size-main=262144"
    "memorysetup-allocator-temp-initial-block-size-worker=262144"
    "memorysetup-temp-allocator-size-background-worker=32768"
    "memorysetup-temp-allocator-size-job-worker=262144"
    "memorysetup-temp-allocator-size-preload-manager=33554432"
    "memorysetup-temp-allocator-size-nav-mesh-worker=65536"
    "memorysetup-temp-allocator-size-audio-worker=65536"
    "memorysetup-temp-allocator-size-cloud-worker=32768"
    "memorysetup-temp-allocator-size-gi-baking-worker=262144"
    "memorysetup-temp-allocator-size-gfx=262144"
Player connection [20020]  Target information:

Player connection [20020]  * "[IP] 192.168.100.2 [Port] 0 [Flags] 2 [Guid] 1119725633 [EditorId] 1119725633 [Version] 1048832 [Id] WindowsEditor(7,DESKTOP-V7SGJ0O) [Debug] 1 [PackageName] WindowsEditor [ProjectName] Editor" 

Player connection [20020]  * "[IP] 26.131.182.46 [Port] 0 [Flags] 2 [Guid] 1119725633 [EditorId] 1119725633 [Version] 1048832 [Id] WindowsEditor(7,DESKTOP-V7SGJ0O) [Debug] 1 [PackageName] WindowsEditor [ProjectName] Editor" 

Player connection [20020] Host joined multi-casting on [225.0.0.222:54997]...
Player connection [20020] Host joined alternative multi-casting on [225.0.0.222:34997]...
[PhysX] Initialized MultithreadedTaskDispatcher with 12 workers.
Refreshing native plugins compatible for Editor in 10.50 ms, found 3 plugins.
Preloading 0 native plugins for Editor in 0.00 ms.
Initialize engine version: 2022.3.45f1 (a13dfa44d684)
[Subsystems] Discovering subsystems at path C:/Program Files/Unity/Hub/Editor/2022.3.45f1/Editor/Data/Resources/UnitySubsystems
[Subsystems] Discovering subsystems at path C:/Users/voky/AgainstTheSlimeStorm/Against the slime storm/Assets
GfxDevice: creating device client; threaded=0; jobified=0
Direct3D:
    Version:  Direct3D 11.0 [level 11.1]
    Renderer: Radeon RX 570 Series (ID=0x67df)
    Vendor:   ATI
    VRAM:     4074 MB
    Driver:   31.0.21916.2
Initialize mono
Mono path[0] = 'C:/Program Files/Unity/Hub/Editor/2022.3.45f1/Editor/Data/Managed'
Mono path[1] = 'C:/Program Files/Unity/Hub/Editor/2022.3.45f1/Editor/Data/MonoBleedingEdge/lib/mono/unityjit-win32'
Mono config path = 'C:/Program Files/Unity/Hub/Editor/2022.3.45f1/Editor/Data/MonoBleedingEdge/etc'
Using monoOptions --debugger-agent=transport=dt_socket,embedding=1,server=y,suspend=n,address=127.0.0.1:56028
Begin MonoManager ReloadAssembly
Registering precompiled unity dll's ...
Register platform support module: C:/Program Files/Unity/Hub/Editor/2022.3.45f1/Editor/Data/PlaybackEngines/WebGLSupport/UnityEditor.WebGL.Extensions.dll
Register platform support module: C:/Program Files/Unity/Hub/Editor/2022.3.45f1/Editor/Data/PlaybackEngines/WindowsStandaloneSupport/UnityEditor.WindowsStandalone.Extensions.dll
Registered in 0.009777 seconds.
- Loaded All Assemblies, in  0.343 seconds
Native extension for WindowsStandalone target not found
Native extension for WebGL target not found
Mono: successfully reloaded assembly
- Finished resetting the current domain, in  0.241 seconds
Domain Reload Profiling: 582ms
	BeginReloadAssembly (104ms)
		ExecutionOrderSort (0ms)
		DisableScriptedObjects (0ms)
		BackupInstance (0ms)
		ReleaseScriptingObjects (0ms)
		CreateAndSetChildDomain (1ms)
	RebuildCommonClasses (33ms)
	RebuildNativeTypeToScriptingClass (12ms)
	initialDomainReloadingComplete (57ms)
	LoadAllAssembliesAndSetupDomain (135ms)
		LoadAssemblies (102ms)
		RebuildTransferFunctionScriptingTraits (0ms)
		AnalyzeDomain (133ms)
			TypeCache.Refresh (132ms)
				TypeCache.ScanAssembly (119ms)
			ScanForSourceGeneratedMonoScriptInfo (0ms)
			ResolveRequiredComponents (1ms)
	FinalizeReload (241ms)
		ReleaseScriptCaches (0ms)
		RebuildScriptCaches (0ms)
		SetupLoadedEditorAssemblies (199ms)
			LogAssemblyErrors (0ms)
			InitializePlatformSupportModulesInManaged (10ms)
			SetLoadedEditorAssemblies (5ms)
			RefreshPlugins (0ms)
			BeforeProcessingInitializeOnLoad (2ms)
			ProcessInitializeOnLoadAttributes (139ms)
			ProcessInitializeOnLoadMethodAttributes (43ms)
			AfterProcessingInitializeOnLoad (0ms)
			EditorAssembliesLoaded (0ms)
		ExecutionOrderSort2 (0ms)
		AwakeInstancesAfterBackupRestoration (0ms)
========================================================================
Worker process is ready to serve import requests
Caller must complete domain reload
Begin MonoManager ReloadAssembly
- Loaded All Assemblies, in  0.585 seconds
Native extension for WindowsStandalone target not found
Native extension for WebGL target not found
Package Manager log level set to [2]
[Package Manager] Server::EnsureServerProcessIsRunning -- launch failed, reason: Unity was launched with the -noUpm command-line argument
[Package Manager] UpmClient::Send -- Unable to send message (not connected to UPM process).
[Package Manager] Cannot connect to Unity Package Manager local server
Mono: successfully reloaded assembly
- Finished resetting the current domain, in  0.618 seconds
Domain Reload Profiling: 1199ms
	BeginReloadAssembly (138ms)
		ExecutionOrderSort (0ms)
		DisableScriptedObjects (5ms)
		BackupInstance (0ms)
		ReleaseScriptingObjects (0ms)
		CreateAndSetChildDomain (21ms)
	RebuildCommonClasses (34ms)
	RebuildNativeTypeToScriptingClass (11ms)
	initialDomainReloadingComplete (44ms)
	LoadAllAssembliesAndSetupDomain (353ms)
		LoadAssemblies (268ms)
		RebuildTransferFunctionScriptingTraits (0ms)
		AnalyzeDomain (164ms)
			TypeCache.Refresh (144ms)
				TypeCache.ScanAssembly (131ms)
			ScanForSourceGeneratedMonoScriptInfo (14ms)
			ResolveRequiredComponents (5ms)
	FinalizeReload (619ms)
		ReleaseScriptCaches (0ms)
		RebuildScriptCaches (0ms)
		SetupLoadedEditorAssemblies (479ms)
			LogAssemblyErrors (0ms)
			InitializePlatformSupportModulesInManaged (9ms)
			SetLoadedEditorAssemblies (3ms)
			RefreshPlugins (0ms)
			BeforeProcessingInitializeOnLoad (66ms)
			ProcessInitializeOnLoadAttributes (360ms)
			ProcessInitializeOnLoadMethodAttributes (32ms)
			AfterProcessingInitializeOnLoad (8ms)
			EditorAssembliesLoaded (0ms)
		ExecutionOrderSort2 (0ms)
		AwakeInstancesAfterBackupRestoration (14ms)
Launched and connected shader compiler UnityShaderCompiler.exe after 0.04 seconds
Refreshing native plugins compatible for Editor in 3.99 ms, found 3 plugins.
Preloading 0 native plugins for Editor in 0.00 ms.
Unloading 3148 Unused Serialized files (Serialized files now loaded: 0)
Unloading 19 unused Assets / (55.4 KB). Loaded Objects now: 3638.
Memory consumption went from 133.9 MB to 133.9 MB.
Total: 2.989400 ms (FindLiveObjects: 0.280300 ms CreateObjectMapping: 0.076700 ms MarkObjects: 2.512700 ms  DeleteObjects: 0.118400 ms)

AssetImportParameters requested are different than current active one (requested -> active):
  custom:container-demuxer-ogg: 62fdf1f143b41e24485cea50d1cbac27 -> 
  custom:scripting/monoscript/fileName/GameManager.cs: f6182d712e34e20e3202214886862cdb -> 9933fbcc6190e2a9171c2ec8808a053e
  custom:scripting/monoscript/fileName/Income.cs: 938d875b4ea58c05495f38a939171226 -> 
  custom:video-decoder-ogg-theora: a1e56fd34408186e4bbccfd4996cb3dc -> 
  custom:framework-win-MediaFoundation: 216162199b28c13a410421893ffa2e32 -> 
  custom:scripting/monoscript/fileName/Tower.cs: 0e51d5638e1e2b20f04394d6225c671a -> 16583eaf01662413665c0a8803428cd6
  custom:scripting/monoscript/fileName/MenuFrame.cs: 575edbd0df24363ab161dfcb310542c7 -> 
  custom:CustomObjectIndexerAttribute: 9a22284fe3817be447336de3de66b15e -> 
  custom:scripting/monoscript/fileName/Readme.cs: 5aedf578fb2663036982fb7b05aaf325 -> 
  custom:scripting/monoscript/fileName/Tooltip.cs: b7163f69ad820c51a0cfd3387a68b1d4 -> efb4e7ecf4b2142538150f2477ca1e4e
  custom:container-demuxer-webm: 4f35f7cbe854078d1ac9338744f61a02 -> 
  custom:scripting/monoscript/fileName/GoldMine.cs: bab3e2ee0cdfb32214ea1458d0239fb0 -> 
  custom:container-muxer-webm: aa71ff27fc2769a1b78a27578f13a17b -> 
  custom:scripting/monoscript/fileName/ReadmeEditor.cs: ff7ced1e41c1b99ddf5dfefc88f6bd50 -> 
  custom:video-decoder-webm-vp8: 9c59270c3fd7afecdb556c50c9e8de78 -> 
  custom:SearchIndexIgnoredProperties: e643bd26f0fe6173181afceb89e7c659 -> 
  custom:AudioImporter_EditorPlatform: d09bf68614088b80899f8185d706f6e7 -> 
  custom:scripting/monoscript/fileName/LumberMill.cs: c2d45524fbd0d6e9a670d983de5f81d7 -> 
  custom:scripting/monoscript/fileName/Slime.cs: e872c3a4bc36777cb1cc31d8379690c8 -> 05272bae05f111c6b0609e32e93d89d5
  custom:scripting/monoscript/fileName/Bar.cs: 890822e7dfd0f89892a6fd3ee944f62e -> 71c40e549b4fade8bed144aaff5a79ac
  custom:scripting/monoscript/fileName/TooltipManager.cs: 902a800de15a4facdbc6dbb1be6c1339 -> bc11dd805cb64c1c2f88cd7ae96fba24
  custom:video-encoder-webm-vp8: eb34c28f22e8b96e1ab97ce403110664 -> 
  custom:audio-decoder-ogg-vorbis: bf7c407c2cedff20999df2af8eb42d56 -> 
  custom:scripting/monoscript/fileName/Bullet.cs: 48ff13ede6c310cc0acf4a30e818a1de -> a4f5918e799041ba1f6608f13912eb8b
  custom:scripting/monoscript/fileName/TowerBuild.cs: 3807a8e615ef6a49dfd3f6bc5055a7a9 -> 9ea8b859a681512b782b9b3988d2f5f8
  custom:scripting/monoscript/fileName/Wave.cs: c8b913f1d5cb3bff026a08ce26c83aad -> 6e300e3b5d1a1dd15fa0115918e06e83
  custom:audio-encoder-webm-vorbis: bf7c407c2cedff20999df2af8eb42d56 -> 
  custom:scripting/monoscript/fileName/WaterReflection.cs: f1c57f2ce2c094032b710e8e5eb21bd7 -> 
  custom:scripting/monoscript/fileName/Tile.cs: e6480a408e34695897b31a69fad2b871 -> a94101d916c115d73aff3567a86e16d8
========================================================================
Received Prepare
Caller must complete domain reload
Begin MonoManager ReloadAssembly
- Loaded All Assemblies, in  0.439 seconds
Native extension for WindowsStandalone target not found
Native extension for WebGL target not found
[Package Manager] Server::EnsureServerProcessIsRunning -- launch failed, reason: Unity was launched with the -noUpm command-line argument
[Package Manager] UpmClient::Send -- Unable to send message (not connected to UPM process).
[Package Manager] Cannot connect to Unity Package Manager local server
Mono: successfully reloaded assembly
- Finished resetting the current domain, in  0.952 seconds
Domain Reload Profiling: 1387ms
	BeginReloadAssembly (160ms)
		ExecutionOrderSort (0ms)
		DisableScriptedObjects (5ms)
		BackupInstance (0ms)
		ReleaseScriptingObjects (0ms)
		CreateAndSetChildDomain (32ms)
	RebuildCommonClasses (34ms)
	RebuildNativeTypeToScriptingClass (14ms)
	initialDomainReloadingComplete (30ms)
	LoadAllAssembliesAndSetupDomain (196ms)
		LoadAssemblies (270ms)
		RebuildTransferFunctionScriptingTraits (0ms)
		AnalyzeDomain (15ms)
			TypeCache.Refresh (5ms)
				TypeCache.ScanAssembly (0ms)
			ScanForSourceGeneratedMonoScriptInfo (0ms)
			ResolveRequiredComponents (8ms)
	FinalizeReload (953ms)
		ReleaseScriptCaches (0ms)
		RebuildScriptCaches (0ms)
		SetupLoadedEditorAssemblies (478ms)
			LogAssemblyErrors (0ms)
			InitializePlatformSupportModulesInManaged (7ms)
			SetLoadedEditorAssemblies (3ms)
			RefreshPlugins (0ms)
			BeforeProcessingInitializeOnLoad (60ms)
			ProcessInitializeOnLoadAttributes (341ms)
			ProcessInitializeOnLoadMethodAttributes (25ms)
			AfterProcessingInitializeOnLoad (42ms)
			EditorAssembliesLoaded (0ms)
		ExecutionOrderSort2 (0ms)
		AwakeInstancesAfterBackupRestoration (9ms)
Refreshing native plugins compatible for Editor in 3.50 ms, found 3 plugins.
Preloading 0 native plugins for Editor in 0.00 ms.
Unloading 3128 Unused Serialized files (Serialized files now loaded: 0)
Unloading 14 unused Assets / (28.5 KB). Loaded Objects now: 3641.
Memory consumption went from 130.0 MB to 130.0 MB.
Total: 2.769400 ms (FindLiveObjects: 0.310800 ms CreateObjectMapping: 0.086300 ms MarkObjects: 2.331300 ms  DeleteObjects: 0.040000 ms)

Prepare: number of updated asset objects reloaded= 0
AssetImportParameters requested are different than current active one (requested -> active):
  custom:container-demuxer-ogg: 62fdf1f143b41e24485cea50d1cbac27 -> 
  custom:scripting/monoscript/fileName/GameManager.cs: f6182d712e34e20e3202214886862cdb -> 9933fbcc6190e2a9171c2ec8808a053e
  custom:scripting/monoscript/fileName/Income.cs: 938d875b4ea58c05495f38a939171226 -> 
  custom:video-decoder-ogg-theora: a1e56fd34408186e4bbccfd4996cb3dc -> 
  custom:framework-win-MediaFoundation: 216162199b28c13a410421893ffa2e32 -> 
  custom:scripting/monoscript/fileName/Tower.cs: 0e51d5638e1e2b20f04394d6225c671a -> 16583eaf01662413665c0a8803428cd6
  custom:scripting/monoscript/fileName/MenuFrame.cs: 575edbd0df24363ab161dfcb310542c7 -> 
  custom:CustomObjectIndexerAttribute: 9a22284fe3817be447336de3de66b15e -> 
  custom:scripting/monoscript/fileName/Readme.cs: 5aedf578fb2663036982fb7b05aaf325 -> 
  custom:scripting/monoscript/fileName/Tooltip.cs: b7163f69ad820c51a0cfd3387a68b1d4 -> efb4e7ecf4b2142538150f2477ca1e4e
  custom:container-demuxer-webm: 4f35f7cbe854078d1ac9338744f61a02 -> 
  custom:scripting/monoscript/fileName/GoldMine.cs: bab3e2ee0cdfb32214ea1458d0239fb0 -> 
  custom:container-muxer-webm: aa71ff27fc2769a1b78a27578f13a17b -> 
  custom:scripting/monoscript/fileName/ReadmeEditor.cs: ff7ced1e41c1b99ddf5dfefc88f6bd50 -> 
  custom:video-decoder-webm-vp8: 9c59270c3fd7afecdb556c50c9e8de78 -> 
  custom:SearchIndexIgnoredProperties: e643bd26f0fe6173181afceb89e7c659 -> 
  custom:AudioImporter_EditorPlatform: d09bf68614088b80899f8185d706f6e7 -> 
  custom:scripting/monoscript/fileName/LumberMill.cs: c2d45524fbd0d6e9a670d983de5f81d7 -> 
  custom:scripting/monoscript/fileName/Slime.cs: e872c3a4bc36777cb1cc31d8379690c8 -> 05272bae05f111c6b0609e32e93d89d5
  custom:scripting/monoscript/fileName/Bar.cs: 890822e7dfd0f89892a6fd3ee944f62e -> 71c40e549b4fade8bed144aaff5a79ac
  custom:scripting/monoscript/fileName/TooltipManager.cs: 902a800de15a4facdbc6dbb1be6c1339 -> bc11dd805cb64c1c2f88cd7ae96fba24
  custom:video-encoder-webm-vp8: eb34c28f22e8b96e1ab97ce403110664 -> 
  custom:audio-decoder-ogg-vorbis: bf7c407c2cedff20999df2af8eb42d56 -> 
  custom:scripting/monoscript/fileName/Bullet.cs: 48ff13ede6c310cc0acf4a30e818a1de -> a4f5918e799041ba1f6608f13912eb8b
  custom:scripting/monoscript/fileName/TowerBuild.cs: 3807a8e615ef6a49dfd3f6bc5055a7a9 -> 9ea8b859a681512b782b9b3988d2f5f8
  custom:scripting/monoscript/fileName/Wave.cs: c8b913f1d5cb3bff026a08ce26c83aad -> 6e300e3b5d1a1dd15fa0115918e06e83
  custom:audio-encoder-webm-vorbis: bf7c407c2cedff20999df2af8eb42d56 -> 
  custom:scripting/monoscript/fileName/WaterReflection.cs: f1c57f2ce2c094032b710e8e5eb21bd7 -> 
  custom:scripting/monoscript/fileName/Tile.cs: e6480a408e34695897b31a69fad2b871 -> a94101d916c115d73aff3567a86e16d8
========================================================================
Received Prepare
Caller must complete domain reload
Begin MonoManager ReloadAssembly
- Loaded All Assemblies, in  0.436 seconds
Native extension for WindowsStandalone target not found
Native extension for WebGL target not found
[Package Manager] Server::EnsureServerProcessIsRunning -- launch failed, reason: Unity was launched with the -noUpm command-line argument
[Package Manager] UpmClient::Send -- Unable to send message (not connected to UPM process).
[Package Manager] Cannot connect to Unity Package Manager local server
Mono: successfully reloaded assembly
- Finished resetting the current domain, in  1.110 seconds
Domain Reload Profiling: 1543ms
	BeginReloadAssembly (149ms)
		ExecutionOrderSort (0ms)
		DisableScriptedObjects (4ms)
		BackupInstance (0ms)
		ReleaseScriptingObjects (0ms)
		CreateAndSetChildDomain (31ms)
	RebuildCommonClasses (36ms)
	RebuildNativeTypeToScriptingClass (12ms)
	initialDomainReloadingComplete (31ms)
	LoadAllAssembliesAndSetupDomain (205ms)
		LoadAssemblies (265ms)
		RebuildTransferFunctionScriptingTraits (0ms)
		AnalyzeDomain (21ms)
			TypeCache.Refresh (8ms)
				TypeCache.ScanAssembly (1ms)
			ScanForSourceGeneratedMonoScriptInfo (6ms)
			ResolveRequiredComponents (6ms)
	FinalizeReload (1111ms)
		ReleaseScriptCaches (0ms)
		RebuildScriptCaches (0ms)
		SetupLoadedEditorAssemblies (547ms)
			LogAssemblyErrors (0ms)
			InitializePlatformSupportModulesInManaged (7ms)
			SetLoadedEditorAssemblies (3ms)
			RefreshPlugins (0ms)
			BeforeProcessingInitializeOnLoad (67ms)
			ProcessInitializeOnLoadAttributes (335ms)
			ProcessInitializeOnLoadMethodAttributes (111ms)
			AfterProcessingInitializeOnLoad (23ms)
			EditorAssembliesLoaded (0ms)
		ExecutionOrderSort2 (0ms)
		AwakeInstancesAfterBackupRestoration (7ms)
Script is not up to date after domain reload: guid(5680f803fe0ea1e498f2128fb45114b8) path("Assets/Scripts/entities/GatheringHous.cs") state(2)
Refreshing native plugins compatible for Editor in 3.93 ms, found 3 plugins.
Preloading 0 native plugins for Editor in 0.00 ms.
Unloading 3127 Unused Serialized files (Serialized files now loaded: 0)
Unloading 14 unused Assets / (28.4 KB). Loaded Objects now: 3643.
Memory consumption went from 130.0 MB to 130.0 MB.
Total: 3.329500 ms (FindLiveObjects: 0.488000 ms CreateObjectMapping: 0.094300 ms MarkObjects: 2.690700 ms  DeleteObjects: 0.055000 ms)

Prepare: number of updated asset objects reloaded= 0
AssetImportParameters requested are different than current active one (requested -> active):
  custom:container-demuxer-ogg: 62fdf1f143b41e24485cea50d1cbac27 -> 
  custom:scripting/monoscript/fileName/GameManager.cs: f6182d712e34e20e3202214886862cdb -> 9933fbcc6190e2a9171c2ec8808a053e
  custom:scripting/monoscript/fileName/Income.cs: 938d875b4ea58c05495f38a939171226 -> 
  custom:video-decoder-ogg-theora: a1e56fd34408186e4bbccfd4996cb3dc -> 
  custom:framework-win-MediaFoundation: 216162199b28c13a410421893ffa2e32 -> 
  custom:scripting/monoscript/fileName/Tower.cs: 0e51d5638e1e2b20f04394d6225c671a -> 16583eaf01662413665c0a8803428cd6
  custom:scripting/monoscript/fileName/MenuFrame.cs: 575edbd0df24363ab161dfcb310542c7 -> 
  custom:CustomObjectIndexerAttribute: 9a22284fe3817be447336de3de66b15e -> 
  custom:scripting/monoscript/fileName/Readme.cs: 5aedf578fb2663036982fb7b05aaf325 -> 
  custom:scripting/monoscript/fileName/Tooltip.cs: b7163f69ad820c51a0cfd3387a68b1d4 -> efb4e7ecf4b2142538150f2477ca1e4e
  custom:container-demuxer-webm: 4f35f7cbe854078d1ac9338744f61a02 -> 
  custom:scripting/monoscript/fileName/GoldMine.cs: bab3e2ee0cdfb32214ea1458d0239fb0 -> 
  custom:container-muxer-webm: aa71ff27fc2769a1b78a27578f13a17b -> 
  custom:scripting/monoscript/fileName/ReadmeEditor.cs: ff7ced1e41c1b99ddf5dfefc88f6bd50 -> 
  custom:video-decoder-webm-vp8: 9c59270c3fd7afecdb556c50c9e8de78 -> 
  custom:SearchIndexIgnoredProperties: e643bd26f0fe6173181afceb89e7c659 -> 
  custom:AudioImporter_EditorPlatform: d09bf68614088b80899f8185d706f6e7 -> 
  custom:scripting/monoscript/fileName/LumberMill.cs: c2d45524fbd0d6e9a670d983de5f81d7 -> 
  custom:scripting/monoscript/fileName/Slime.cs: e872c3a4bc36777cb1cc31d8379690c8 -> 05272bae05f111c6b0609e32e93d89d5
  custom:scripting/monoscript/fileName/Bar.cs: 890822e7dfd0f89892a6fd3ee944f62e -> 71c40e549b4fade8bed144aaff5a79ac
  custom:scripting/monoscript/fileName/TooltipManager.cs: 902a800de15a4facdbc6dbb1be6c1339 -> bc11dd805cb64c1c2f88cd7ae96fba24
  custom:video-encoder-webm-vp8: eb34c28f22e8b96e1ab97ce403110664 -> 
  custom:audio-decoder-ogg-vorbis: bf7c407c2cedff20999df2af8eb42d56 -> 
  custom:scripting/monoscript/fileName/Bullet.cs: 48ff13ede6c310cc0acf4a30e818a1de -> a4f5918e799041ba1f6608f13912eb8b
  custom:scripting/monoscript/fileName/TowerBuild.cs: 3807a8e615ef6a49dfd3f6bc5055a7a9 -> 9ea8b859a681512b782b9b3988d2f5f8
  custom:scripting/monoscript/fileName/Wave.cs: c8b913f1d5cb3bff026a08ce26c83aad -> 6e300e3b5d1a1dd15fa0115918e06e83
  custom:audio-encoder-webm-vorbis: bf7c407c2cedff20999df2af8eb42d56 -> 
  custom:scripting/monoscript/fileName/WaterReflection.cs: f1c57f2ce2c094032b710e8e5eb21bd7 -> 
  custom:scripting/monoscript/fileName/Tile.cs: e6480a408e34695897b31a69fad2b871 -> a94101d916c115d73aff3567a86e16d8
========================================================================
Received Prepare
Caller must complete domain reload
Begin MonoManager ReloadAssembly
- Loaded All Assemblies, in  0.432 seconds
Native extension for WindowsStandalone target not found
Native extension for WebGL target not found
[Package Manager] Server::EnsureServerProcessIsRunning -- launch failed, reason: Unity was launched with the -noUpm command-line argument
[Package Manager] UpmClient::Send -- Unable to send message (not connected to UPM process).
[Package Manager] Cannot connect to Unity Package Manager local server
Mono: successfully reloaded assembly
- Finished resetting the current domain, in  0.899 seconds
Domain Reload Profiling: 1329ms
	BeginReloadAssembly (147ms)
		ExecutionOrderSort (0ms)
		DisableScriptedObjects (4ms)
		BackupInstance (0ms)
		ReleaseScriptingObjects (0ms)
		CreateAndSetChildDomain (27ms)
	RebuildCommonClasses (34ms)
	RebuildNativeTypeToScriptingClass (11ms)
	initialDomainReloadingComplete (30ms)
	LoadAllAssembliesAndSetupDomain (207ms)
		LoadAssemblies (269ms)
		RebuildTransferFunctionScriptingTraits (0ms)
		AnalyzeDomain (23ms)
			TypeCache.Refresh (9ms)
				TypeCache.ScanAssembly (1ms)
			ScanForSourceGeneratedMonoScriptInfo (7ms)
			ResolveRequiredComponents (6ms)
	FinalizeReload (900ms)
		ReleaseScriptCaches (0ms)
		RebuildScriptCaches (0ms)
		SetupLoadedEditorAssemblies (428ms)
			LogAssemblyErrors (0ms)
			InitializePlatformSupportModulesInManaged (7ms)
			SetLoadedEditorAssemblies (3ms)
			RefreshPlugins (0ms)
			BeforeProcessingInitializeOnLoad (61ms)
			ProcessInitializeOnLoadAttributes (326ms)
			ProcessInitializeOnLoadMethodAttributes (21ms)
			AfterProcessingInitializeOnLoad (9ms)
			EditorAssembliesLoaded (0ms)
		ExecutionOrderSort2 (0ms)
		AwakeInstancesAfterBackupRestoration (7ms)
Refreshing native plugins compatible for Editor in 3.52 ms, found 3 plugins.
Preloading 0 native plugins for Editor in 0.00 ms.
Unloading 3128 Unused Serialized files (Serialized files now loaded: 0)
Unloading 14 unused Assets / (28.5 KB). Loaded Objects now: 3647.
Memory consumption went from 130.0 MB to 130.0 MB.
Total: 3.171700 ms (FindLiveObjects: 0.375500 ms CreateObjectMapping: 0.106100 ms MarkObjects: 2.638500 ms  DeleteObjects: 0.050500 ms)

Prepare: number of updated asset objects reloaded= 0
AssetImportParameters requested are different than current active one (requested -> active):
  custom:container-demuxer-ogg: 62fdf1f143b41e24485cea50d1cbac27 -> 
  custom:scripting/monoscript/fileName/GameManager.cs: f6182d712e34e20e3202214886862cdb -> 9933fbcc6190e2a9171c2ec8808a053e
  custom:scripting/monoscript/fileName/Income.cs: 938d875b4ea58c05495f38a939171226 -> 
  custom:video-decoder-ogg-theora: a1e56fd34408186e4bbccfd4996cb3dc -> 
  custom:framework-win-MediaFoundation: 216162199b28c13a410421893ffa2e32 -> 
  custom:scripting/monoscript/fileName/Tower.cs: 0e51d5638e1e2b20f04394d6225c671a -> 16583eaf01662413665c0a8803428cd6
  custom:scripting/monoscript/fileName/MenuFrame.cs: 575edbd0df24363ab161dfcb310542c7 -> 
  custom:CustomObjectIndexerAttribute: 9a22284fe3817be447336de3de66b15e -> 
  custom:scripting/monoscript/fileName/Readme.cs: 5aedf578fb2663036982fb7b05aaf325 -> 
  custom:scripting/monoscript/fileName/Tooltip.cs: b7163f69ad820c51a0cfd3387a68b1d4 -> efb4e7ecf4b2142538150f2477ca1e4e
  custom:container-demuxer-webm: 4f35f7cbe854078d1ac9338744f61a02 -> 
  custom:scripting/monoscript/fileName/GoldMine.cs: bab3e2ee0cdfb32214ea1458d0239fb0 -> 
  custom:container-muxer-webm: aa71ff27fc2769a1b78a27578f13a17b -> 
  custom:scripting/monoscript/fileName/ReadmeEditor.cs: ff7ced1e41c1b99ddf5dfefc88f6bd50 -> 
  custom:video-decoder-webm-vp8: 9c59270c3fd7afecdb556c50c9e8de78 -> 
  custom:SearchIndexIgnoredProperties: e643bd26f0fe6173181afceb89e7c659 -> 
  custom:AudioImporter_EditorPlatform: d09bf68614088b80899f8185d706f6e7 -> 
  custom:scripting/monoscript/fileName/LumberMill.cs: c2d45524fbd0d6e9a670d983de5f81d7 -> 
  custom:scripting/monoscript/fileName/Slime.cs: e872c3a4bc36777cb1cc31d8379690c8 -> 05272bae05f111c6b0609e32e93d89d5
  custom:scripting/monoscript/fileName/Bar.cs: 890822e7dfd0f89892a6fd3ee944f62e -> 71c40e549b4fade8bed144aaff5a79ac
  custom:scripting/monoscript/fileName/TooltipManager.cs: 902a800de15a4facdbc6dbb1be6c1339 -> bc11dd805cb64c1c2f88cd7ae96fba24
  custom:video-encoder-webm-vp8: eb34c28f22e8b96e1ab97ce403110664 -> 
  custom:audio-decoder-ogg-vorbis: bf7c407c2cedff20999df2af8eb42d56 -> 
  custom:scripting/monoscript/fileName/Bullet.cs: 48ff13ede6c310cc0acf4a30e818a1de -> a4f5918e799041ba1f6608f13912eb8b
  custom:scripting/monoscript/fileName/TowerBuild.cs: 3807a8e615ef6a49dfd3f6bc5055a7a9 -> 9ea8b859a681512b782b9b3988d2f5f8
  custom:scripting/monoscript/fileName/Wave.cs: c8b913f1d5cb3bff026a08ce26c83aad -> 6e300e3b5d1a1dd15fa0115918e06e83
  custom:audio-encoder-webm-vorbis: bf7c407c2cedff20999df2af8eb42d56 -> 
  custom:scripting/monoscript/fileName/WaterReflection.cs: f1c57f2ce2c094032b710e8e5eb21bd7 -> 
  custom:scripting/monoscript/fileName/Tile.cs: e6480a408e34695897b31a69fad2b871 -> a94101d916c115d73aff3567a86e16d8
========================================================================
Received Import Request.
  Time since last request: 22225.669406 seconds.
  path: Assets/Prefabs/Wall.prefab
  artifactKey: Guid(b3ab60e276eaeb34587e23f3e44e0fb8) Importer(815301076,1909f56bfc062723c751e8b465ee728b)
Start importing Assets/Prefabs/Wall.prefab using Guid(b3ab60e276eaeb34587e23f3e44e0fb8) Importer(815301076,1909f56bfc062723c751e8b465ee728b) [PhysX] Initialized MultithreadedTaskDispatcher with 12 workers.
 -> (artifact id: 'fb5c26b19a0534c54e5431ea09620989') in 0.001669 seconds
Number of updated asset objects reloaded before import = 0
Number of asset objects unloaded after import = 0
========================================================================
Received Prepare
Caller must complete domain reload
Begin MonoManager ReloadAssembly
- Loaded All Assemblies, in  0.412 seconds
Native extension for WindowsStandalone target not found
Native extension for WebGL target not found
[Package Manager] Server::EnsureServerProcessIsRunning -- launch failed, reason: Unity was launched with the -noUpm command-line argument
[Package Manager] UpmClient::Send -- Unable to send message (not connected to UPM process).
[Package Manager] Cannot connect to Unity Package Manager local server
Mono: successfully reloaded assembly
- Finished resetting the current domain, in  0.898 seconds
Domain Reload Profiling: 1307ms
	BeginReloadAssembly (144ms)
		ExecutionOrderSort (0ms)
		DisableScriptedObjects (4ms)
		BackupInstance (0ms)
		ReleaseScriptingObjects (0ms)
		CreateAndSetChildDomain (31ms)
	RebuildCommonClasses (32ms)
	RebuildNativeTypeToScriptingClass (11ms)
	initialDomainReloadingComplete (29ms)
	LoadAllAssembliesAndSetupDomain (194ms)
		LoadAssemblies (259ms)
		RebuildTransferFunctionScriptingTraits (0ms)
		AnalyzeDomain (13ms)
			TypeCache.Refresh (6ms)
				TypeCache.ScanAssembly (0ms)
			ScanForSourceGeneratedMonoScriptInfo (0ms)
			ResolveRequiredComponents (5ms)
	FinalizeReload (898ms)
		ReleaseScriptCaches (0ms)
		RebuildScriptCaches (0ms)
		SetupLoadedEditorAssemblies (457ms)
			LogAssemblyErrors (0ms)
			InitializePlatformSupportModulesInManaged (8ms)
			SetLoadedEditorAssemblies (3ms)
			RefreshPlugins (0ms)
			BeforeProcessingInitializeOnLoad (63ms)
			ProcessInitializeOnLoadAttributes (353ms)
			ProcessInitializeOnLoadMethodAttributes (21ms)
			AfterProcessingInitializeOnLoad (9ms)
			EditorAssembliesLoaded (0ms)
		ExecutionOrderSort2 (0ms)
		AwakeInstancesAfterBackupRestoration (6ms)
Refreshing native plugins compatible for Editor in 3.61 ms, found 3 plugins.
Preloading 0 native plugins for Editor in 0.00 ms.
Unloading 3127 Unused Serialized files (Serialized files now loaded: 0)
Unloading 14 unused Assets / (28.4 KB). Loaded Objects now: 3650.
Memory consumption went from 129.8 MB to 129.7 MB.
Total: 2.799100 ms (FindLiveObjects: 0.315400 ms CreateObjectMapping: 0.086900 ms MarkObjects: 2.348100 ms  DeleteObjects: 0.047200 ms)

Prepare: number of updated asset objects reloaded= 0
AssetImportParameters requested are different than current active one (requested -> active):
  custom:container-demuxer-ogg: 62fdf1f143b41e24485cea50d1cbac27 -> 
  custom:scripting/monoscript/fileName/GameManager.cs: f6182d712e34e20e3202214886862cdb -> 9933fbcc6190e2a9171c2ec8808a053e
  custom:scripting/monoscript/fileName/Income.cs: 938d875b4ea58c05495f38a939171226 -> 
  custom:video-decoder-ogg-theora: a1e56fd34408186e4bbccfd4996cb3dc -> 
  custom:framework-win-MediaFoundation: 216162199b28c13a410421893ffa2e32 -> 
  custom:scripting/monoscript/fileName/Tower.cs: 0e51d5638e1e2b20f04394d6225c671a -> 16583eaf01662413665c0a8803428cd6
  custom:scripting/monoscript/fileName/MenuFrame.cs: 575edbd0df24363ab161dfcb310542c7 -> 
  custom:CustomObjectIndexerAttribute: 9a22284fe3817be447336de3de66b15e -> 
  custom:scripting/monoscript/fileName/Readme.cs: 5aedf578fb2663036982fb7b05aaf325 -> 
  custom:scripting/monoscript/fileName/Tooltip.cs: b7163f69ad820c51a0cfd3387a68b1d4 -> efb4e7ecf4b2142538150f2477ca1e4e
  custom:container-demuxer-webm: 4f35f7cbe854078d1ac9338744f61a02 -> 
  custom:scripting/monoscript/fileName/GoldMine.cs: bab3e2ee0cdfb32214ea1458d0239fb0 -> 
  custom:container-muxer-webm: aa71ff27fc2769a1b78a27578f13a17b -> 
  custom:scripting/monoscript/fileName/ReadmeEditor.cs: ff7ced1e41c1b99ddf5dfefc88f6bd50 -> 
  custom:video-decoder-webm-vp8: 9c59270c3fd7afecdb556c50c9e8de78 -> 
  custom:SearchIndexIgnoredProperties: e643bd26f0fe6173181afceb89e7c659 -> 
  custom:AudioImporter_EditorPlatform: d09bf68614088b80899f8185d706f6e7 -> 
  custom:scripting/monoscript/fileName/LumberMill.cs: c2d45524fbd0d6e9a670d983de5f81d7 -> 
  custom:scripting/monoscript/fileName/Slime.cs: e872c3a4bc36777cb1cc31d8379690c8 -> 05272bae05f111c6b0609e32e93d89d5
  custom:scripting/monoscript/fileName/Bar.cs: 890822e7dfd0f89892a6fd3ee944f62e -> 71c40e549b4fade8bed144aaff5a79ac
  custom:scripting/monoscript/fileName/TooltipManager.cs: 902a800de15a4facdbc6dbb1be6c1339 -> bc11dd805cb64c1c2f88cd7ae96fba24
  custom:video-encoder-webm-vp8: eb34c28f22e8b96e1ab97ce403110664 -> 
  custom:audio-decoder-ogg-vorbis: bf7c407c2cedff20999df2af8eb42d56 -> 
  custom:scripting/monoscript/fileName/Bullet.cs: 48ff13ede6c310cc0acf4a30e818a1de -> a4f5918e799041ba1f6608f13912eb8b
  custom:scripting/monoscript/fileName/TowerBuild.cs: 3807a8e615ef6a49dfd3f6bc5055a7a9 -> 9ea8b859a681512b782b9b3988d2f5f8
  custom:scripting/monoscript/fileName/Wave.cs: c8b913f1d5cb3bff026a08ce26c83aad -> 6e300e3b5d1a1dd15fa0115918e06e83
  custom:audio-encoder-webm-vorbis: bf7c407c2cedff20999df2af8eb42d56 -> 
  custom:scripting/monoscript/fileName/WaterReflection.cs: f1c57f2ce2c094032b710e8e5eb21bd7 -> 
  custom:scripting/monoscript/fileName/Tile.cs: e6480a408e34695897b31a69fad2b871 -> a94101d916c115d73aff3567a86e16d8
========================================================================
Received Import Request.
  Time since last request: 28.931569 seconds.
  path: Assets/Prefabs/Arrow.prefab
  artifactKey: Guid(e530754f8a214b643a54123eaa798bef) Importer(815301076,1909f56bfc062723c751e8b465ee728b)
Start importing Assets/Prefabs/Arrow.prefab using Guid(e530754f8a214b643a54123eaa798bef) Importer(815301076,1909f56bfc062723c751e8b465ee728b) [PhysX] Initialized MultithreadedTaskDispatcher with 12 workers.
 -> (artifact id: 'c5cc7a11c0c8d509b26fe38ea92241b7') in 0.002693 seconds
Number of updated asset objects reloaded before import = 0
Number of asset objects unloaded after import = 0
========================================================================
Received Import Request.
  Time since last request: 0.000034 seconds.
  path: Assets/Prefabs/Wall.prefab
  artifactKey: Guid(b3ab60e276eaeb34587e23f3e44e0fb8) Importer(815301076,1909f56bfc062723c751e8b465ee728b)
Start importing Assets/Prefabs/Wall.prefab using Guid(b3ab60e276eaeb34587e23f3e44e0fb8) Importer(815301076,1909f56bfc062723c751e8b465ee728b) [PhysX] Initialized MultithreadedTaskDispatcher with 12 workers.
 -> (artifact id: 'fb5c26b19a0534c54e5431ea09620989') in 0.000512 seconds
Number of updated asset objects reloaded before import = 0
Number of asset objects unloaded after import = 0
========================================================================
Received Import Request.
  Time since last request: 0.000039 seconds.
  path: Assets/Prefabs/PremiumTower.prefab
  artifactKey: Guid(8542e3db9bff02e4b92f25a033b7ef8e) Importer(815301076,1909f56bfc062723c751e8b465ee728b)
Start importing Assets/Prefabs/PremiumTower.prefab using Guid(8542e3db9bff02e4b92f25a033b7ef8e) Importer(815301076,1909f56bfc062723c751e8b465ee728b) [PhysX] Initialized MultithreadedTaskDispatcher with 12 workers.
 -> (artifact id: '5d548078af6f03e04ca9d75a00d6ae3a') in 0.000446 seconds
Number of updated asset objects reloaded before import = 0
Number of asset objects unloaded after import = 0
========================================================================
Received Import Request.
  Time since last request: 0.000013 seconds.
  path: Assets/Prefabs/ArrowTower.prefab
  artifactKey: Guid(5824a3eb4c50251438fc8288b90d6a00) Importer(815301076,1909f56bfc062723c751e8b465ee728b)
Start importing Assets/Prefabs/ArrowTower.prefab using Guid(5824a3eb4c50251438fc8288b90d6a00) Importer(815301076,1909f56bfc062723c751e8b465ee728b) [PhysX] Initialized MultithreadedTaskDispatcher with 12 workers.
 -> (artifact id: 'bebff7a23df68947f4a7af5d9a44beb7') in 0.000306 seconds
Number of updated asset objects reloaded before import = 0
Number of asset objects unloaded after import = 0
========================================================================
Received Import Request.
  Time since last request: 0.000062 seconds.
  path: Assets/Prefabs/MagicTower.prefab
  artifactKey: Guid(20b1348b4ae7d5742bfd536fd769621d) Importer(815301076,1909f56bfc062723c751e8b465ee728b)
Start importing Assets/Prefabs/MagicTower.prefab using Guid(20b1348b4ae7d5742bfd536fd769621d) Importer(815301076,1909f56bfc062723c751e8b465ee728b) [PhysX] Initialized MultithreadedTaskDispatcher with 12 workers.
 -> (artifact id: '6b112b50de7a5cdc4b1def79f7065898') in 0.000529 seconds
Number of updated asset objects reloaded before import = 0
Number of asset objects unloaded after import = 0
========================================================================
Received Prepare
Caller must complete domain reload
Begin MonoManager ReloadAssembly
- Loaded All Assemblies, in  0.399 seconds
Native extension for WindowsStandalone target not found
Native extension for WebGL target not found
[Package Manager] Server::EnsureServerProcessIsRunning -- launch failed, reason: Unity was launched with the -noUpm command-line argument
[Package Manager] UpmClient::Send -- Unable to send message (not connected to UPM process).
[Package Manager] Cannot connect to Unity Package Manager local server
Mono: successfully reloaded assembly
- Finished resetting the current domain, in  0.905 seconds
Domain Reload Profiling: 1302ms
	BeginReloadAssembly (141ms)
		ExecutionOrderSort (0ms)
		DisableScriptedObjects (5ms)
		BackupInstance (0ms)
		ReleaseScriptingObjects (0ms)
		CreateAndSetChildDomain (28ms)
	RebuildCommonClasses (31ms)
	RebuildNativeTypeToScriptingClass (11ms)
	initialDomainReloadingComplete (27ms)
	LoadAllAssembliesAndSetupDomain (186ms)
		LoadAssemblies (250ms)
		RebuildTransferFunctionScriptingTraits (0ms)
		AnalyzeDomain (13ms)
			TypeCache.Refresh (5ms)
				TypeCache.ScanAssembly (0ms)
			ScanForSourceGeneratedMonoScriptInfo (0ms)
			ResolveRequiredComponents (6ms)
	FinalizeReload (905ms)
		ReleaseScriptCaches (0ms)
		RebuildScriptCaches (0ms)
		SetupLoadedEditorAssemblies (447ms)
			LogAssemblyErrors (0ms)
			InitializePlatformSupportModulesInManaged (8ms)
			SetLoadedEditorAssemblies (3ms)
			RefreshPlugins (0ms)
			BeforeProcessingInitializeOnLoad (61ms)
			ProcessInitializeOnLoadAttributes (346ms)
			ProcessInitializeOnLoadMethodAttributes (21ms)
			AfterProcessingInitializeOnLoad (8ms)
			EditorAssembliesLoaded (0ms)
		ExecutionOrderSort2 (0ms)
		AwakeInstancesAfterBackupRestoration (7ms)
Refreshing native plugins compatible for Editor in 3.49 ms, found 3 plugins.
Preloading 0 native plugins for Editor in 0.00 ms.
Unloading 3127 Unused Serialized files (Serialized files now loaded: 0)
Unloading 14 unused Assets / (28.4 KB). Loaded Objects now: 3653.
Memory consumption went from 129.8 MB to 129.7 MB.
Total: 2.651900 ms (FindLiveObjects: 0.309000 ms CreateObjectMapping: 0.086700 ms MarkObjects: 2.216000 ms  DeleteObjects: 0.038900 ms)

Prepare: number of updated asset objects reloaded= 0
AssetImportParameters requested are different than current active one (requested -> active):
  custom:container-demuxer-ogg: 62fdf1f143b41e24485cea50d1cbac27 -> 
  custom:scripting/monoscript/fileName/GameManager.cs: f6182d712e34e20e3202214886862cdb -> 9933fbcc6190e2a9171c2ec8808a053e
  custom:scripting/monoscript/fileName/Income.cs: 938d875b4ea58c05495f38a939171226 -> 
  custom:video-decoder-ogg-theora: a1e56fd34408186e4bbccfd4996cb3dc -> 
  custom:framework-win-MediaFoundation: 216162199b28c13a410421893ffa2e32 -> 
  custom:scripting/monoscript/fileName/Tower.cs: 0e51d5638e1e2b20f04394d6225c671a -> 16583eaf01662413665c0a8803428cd6
  custom:scripting/monoscript/fileName/MenuFrame.cs: 575edbd0df24363ab161dfcb310542c7 -> 
  custom:CustomObjectIndexerAttribute: 9a22284fe3817be447336de3de66b15e -> 
  custom:scripting/monoscript/fileName/Readme.cs: 5aedf578fb2663036982fb7b05aaf325 -> 
  custom:scripting/monoscript/fileName/Tooltip.cs: b7163f69ad820c51a0cfd3387a68b1d4 -> efb4e7ecf4b2142538150f2477ca1e4e
  custom:container-demuxer-webm: 4f35f7cbe854078d1ac9338744f61a02 -> 
  custom:scripting/monoscript/fileName/GoldMine.cs: bab3e2ee0cdfb32214ea1458d0239fb0 -> 
  custom:container-muxer-webm: aa71ff27fc2769a1b78a27578f13a17b -> 
  custom:scripting/monoscript/fileName/ReadmeEditor.cs: ff7ced1e41c1b99ddf5dfefc88f6bd50 -> 
  custom:video-decoder-webm-vp8: 9c59270c3fd7afecdb556c50c9e8de78 -> 
  custom:SearchIndexIgnoredProperties: e643bd26f0fe6173181afceb89e7c659 -> 
  custom:AudioImporter_EditorPlatform: d09bf68614088b80899f8185d706f6e7 -> 
  custom:scripting/monoscript/fileName/LumberMill.cs: c2d45524fbd0d6e9a670d983de5f81d7 -> 
  custom:scripting/monoscript/fileName/Slime.cs: e872c3a4bc36777cb1cc31d8379690c8 -> 05272bae05f111c6b0609e32e93d89d5
  custom:scripting/monoscript/fileName/Bar.cs: 890822e7dfd0f89892a6fd3ee944f62e -> 71c40e549b4fade8bed144aaff5a79ac
  custom:scripting/monoscript/fileName/TooltipManager.cs: 902a800de15a4facdbc6dbb1be6c1339 -> bc11dd805cb64c1c2f88cd7ae96fba24
  custom:video-encoder-webm-vp8: eb34c28f22e8b96e1ab97ce403110664 -> 
  custom:audio-decoder-ogg-vorbis: bf7c407c2cedff20999df2af8eb42d56 -> 
  custom:scripting/monoscript/fileName/Bullet.cs: 48ff13ede6c310cc0acf4a30e818a1de -> a4f5918e799041ba1f6608f13912eb8b
  custom:scripting/monoscript/fileName/TowerBuild.cs: 3807a8e615ef6a49dfd3f6bc5055a7a9 -> 9ea8b859a681512b782b9b3988d2f5f8
  custom:scripting/monoscript/fileName/Wave.cs: c8b913f1d5cb3bff026a08ce26c83aad -> 6e300e3b5d1a1dd15fa0115918e06e83
  custom:audio-encoder-webm-vorbis: bf7c407c2cedff20999df2af8eb42d56 -> 
  custom:scripting/monoscript/fileName/WaterReflection.cs: f1c57f2ce2c094032b710e8e5eb21bd7 -> 
  custom:scripting/monoscript/fileName/Tile.cs: e6480a408e34695897b31a69fad2b871 -> a94101d916c115d73aff3567a86e16d8
========================================================================
Received Import Request.
  Time since last request: 49.371039 seconds.
  path: Assets/Prefabs/Arrow.prefab
  artifactKey: Guid(e530754f8a214b643a54123eaa798bef) Importer(815301076,1909f56bfc062723c751e8b465ee728b)
Start importing Assets/Prefabs/Arrow.prefab using Guid(e530754f8a214b643a54123eaa798bef) Importer(815301076,1909f56bfc062723c751e8b465ee728b) [PhysX] Initialized MultithreadedTaskDispatcher with 12 workers.
 -> (artifact id: 'c5cc7a11c0c8d509b26fe38ea92241b7') in 0.002507 seconds
Number of updated asset objects reloaded before import = 0
Number of asset objects unloaded after import = 0
========================================================================
Received Import Request.
  Time since last request: 0.000030 seconds.
  path: Assets/Prefabs/Wall.prefab
  artifactKey: Guid(b3ab60e276eaeb34587e23f3e44e0fb8) Importer(815301076,1909f56bfc062723c751e8b465ee728b)
Start importing Assets/Prefabs/Wall.prefab using Guid(b3ab60e276eaeb34587e23f3e44e0fb8) Importer(815301076,1909f56bfc062723c751e8b465ee728b) [PhysX] Initialized MultithreadedTaskDispatcher with 12 workers.
 -> (artifact id: 'fb5c26b19a0534c54e5431ea09620989') in 0.000508 seconds
Number of updated asset objects reloaded before import = 0
Number of asset objects unloaded after import = 0
========================================================================
Received Import Request.
  Time since last request: 0.000035 seconds.
  path: Assets/Prefabs/PremiumTower.prefab
  artifactKey: Guid(8542e3db9bff02e4b92f25a033b7ef8e) Importer(815301076,1909f56bfc062723c751e8b465ee728b)
Start importing Assets/Prefabs/PremiumTower.prefab using Guid(8542e3db9bff02e4b92f25a033b7ef8e) Importer(815301076,1909f56bfc062723c751e8b465ee728b) [PhysX] Initialized MultithreadedTaskDispatcher with 12 workers.
 -> (artifact id: '5d548078af6f03e04ca9d75a00d6ae3a') in 0.000332 seconds
Number of updated asset objects reloaded before import = 0
Number of asset objects unloaded after import = 0
========================================================================
Received Import Request.
  Time since last request: 0.000050 seconds.
  path: Assets/Prefabs/ArrowTower.prefab
  artifactKey: Guid(5824a3eb4c50251438fc8288b90d6a00) Importer(815301076,1909f56bfc062723c751e8b465ee728b)
Start importing Assets/Prefabs/ArrowTower.prefab using Guid(5824a3eb4c50251438fc8288b90d6a00) Importer(815301076,1909f56bfc062723c751e8b465ee728b) [PhysX] Initialized MultithreadedTaskDispatcher with 12 workers.
 -> (artifact id: 'bebff7a23df68947f4a7af5d9a44beb7') in 0.000390 seconds
Number of updated asset objects reloaded before import = 0
Number of asset objects unloaded after import = 0
========================================================================
Received Import Request.
  Time since last request: 0.000024 seconds.
  path: Assets/Prefabs/MagicTower.prefab
  artifactKey: Guid(20b1348b4ae7d5742bfd536fd769621d) Importer(815301076,1909f56bfc062723c751e8b465ee728b)
Start importing Assets/Prefabs/MagicTower.prefab using Guid(20b1348b4ae7d5742bfd536fd769621d) Importer(815301076,1909f56bfc062723c751e8b465ee728b) [PhysX] Initialized MultithreadedTaskDispatcher with 12 workers.
 -> (artifact id: '6b112b50de7a5cdc4b1def79f7065898') in 0.000299 seconds
Number of updated asset objects reloaded before import = 0
Number of asset objects unloaded after import = 0
========================================================================
Received Import Request.
  Time since last request: 63.648377 seconds.
  path: Assets/Prefabs/ArrowTower.prefab
  artifactKey: Guid(5824a3eb4c50251438fc8288b90d6a00) Importer(815301076,1909f56bfc062723c751e8b465ee728b)
Start importing Assets/Prefabs/ArrowTower.prefab using Guid(5824a3eb4c50251438fc8288b90d6a00) Importer(815301076,1909f56bfc062723c751e8b465ee728b) [PhysX] Initialized MultithreadedTaskDispatcher with 12 workers.
 -> (artifact id: 'bebff7a23df68947f4a7af5d9a44beb7') in 0.000517 seconds
Number of updated asset objects reloaded before import = 0
Number of asset objects unloaded after import = 0
========================================================================
Received Import Request.
  Time since last request: 0.006387 seconds.
  path: Assets/Prefabs/Wall.prefab
  artifactKey: Guid(b3ab60e276eaeb34587e23f3e44e0fb8) Importer(815301076,1909f56bfc062723c751e8b465ee728b)
Start importing Assets/Prefabs/Wall.prefab using Guid(b3ab60e276eaeb34587e23f3e44e0fb8) Importer(815301076,1909f56bfc062723c751e8b465ee728b) [PhysX] Initialized MultithreadedTaskDispatcher with 12 workers.
 -> (artifact id: 'fb5c26b19a0534c54e5431ea09620989') in 0.000651 seconds
Number of updated asset objects reloaded before import = 0
Number of asset objects unloaded after import = 0
========================================================================
Received Import Request.
  Time since last request: 0.000020 seconds.
  path: Assets/Prefabs/PremiumTower.prefab
  artifactKey: Guid(8542e3db9bff02e4b92f25a033b7ef8e) Importer(815301076,1909f56bfc062723c751e8b465ee728b)
Start importing Assets/Prefabs/PremiumTower.prefab using Guid(8542e3db9bff02e4b92f25a033b7ef8e) Importer(815301076,1909f56bfc062723c751e8b465ee728b) [PhysX] Initialized MultithreadedTaskDispatcher with 12 workers.
 -> (artifact id: '5d548078af6f03e04ca9d75a00d6ae3a') in 0.000430 seconds
Number of updated asset objects reloaded before import = 0
Number of asset objects unloaded after import = 0
========================================================================
Received Import Request.
  Time since last request: 0.000089 seconds.
  path: Assets/Prefabs/MagicTower.prefab
  artifactKey: Guid(20b1348b4ae7d5742bfd536fd769621d) Importer(815301076,1909f56bfc062723c751e8b465ee728b)
Start importing Assets/Prefabs/MagicTower.prefab using Guid(20b1348b4ae7d5742bfd536fd769621d) Importer(815301076,1909f56bfc062723c751e8b465ee728b) [PhysX] Initialized MultithreadedTaskDispatcher with 12 workers.
 -> (artifact id: '6b112b50de7a5cdc4b1def79f7065898') in 0.000911 seconds
Number of updated asset objects reloaded before import = 0
Number of asset objects unloaded after import = 0
========================================================================
Received Prepare
Caller must complete domain reload
Begin MonoManager ReloadAssembly
- Loaded All Assemblies, in  0.436 seconds
Native extension for WindowsStandalone target not found
Native extension for WebGL target not found
[Package Manager] Server::EnsureServerProcessIsRunning -- launch failed, reason: Unity was launched with the -noUpm command-line argument
[Package Manager] UpmClient::Send -- Unable to send message (not connected to UPM process).
[Package Manager] Cannot connect to Unity Package Manager local server
Mono: successfully reloaded assembly
- Finished resetting the current domain, in  0.918 seconds
Domain Reload Profiling: 1351ms
	BeginReloadAssembly (147ms)
		ExecutionOrderSort (0ms)
		DisableScriptedObjects (4ms)
		BackupInstance (0ms)
		ReleaseScriptingObjects (0ms)
		CreateAndSetChildDomain (29ms)
	RebuildCommonClasses (33ms)
	RebuildNativeTypeToScriptingClass (11ms)
	initialDomainReloadingComplete (28ms)
	LoadAllAssembliesAndSetupDomain (214ms)
		LoadAssemblies (274ms)
		RebuildTransferFunctionScriptingTraits (0ms)
		AnalyzeDomain (23ms)
			TypeCache.Refresh (9ms)
				TypeCache.ScanAssembly (1ms)
			ScanForSourceGeneratedMonoScriptInfo (7ms)
			ResolveRequiredComponents (6ms)
	FinalizeReload (918ms)
		ReleaseScriptCaches (0ms)
		RebuildScriptCaches (0ms)
		SetupLoadedEditorAssemblies (445ms)
			LogAssemblyErrors (0ms)
			InitializePlatformSupportModulesInManaged (7ms)
			SetLoadedEditorAssemblies (3ms)
			RefreshPlugins (0ms)
			BeforeProcessingInitializeOnLoad (56ms)
			ProcessInitializeOnLoadAttributes (347ms)
			ProcessInitializeOnLoadMethodAttributes (24ms)
			AfterProcessingInitializeOnLoad (8ms)
			EditorAssembliesLoaded (0ms)
		ExecutionOrderSort2 (0ms)
		AwakeInstancesAfterBackupRestoration (7ms)
Refreshing native plugins compatible for Editor in 3.66 ms, found 3 plugins.
Preloading 0 native plugins for Editor in 0.00 ms.
Unloading 3127 Unused Serialized files (Serialized files now loaded: 0)
Unloading 14 unused Assets / (28.4 KB). Loaded Objects now: 3656.
Memory consumption went from 129.8 MB to 129.8 MB.
Total: 3.225600 ms (FindLiveObjects: 0.344700 ms CreateObjectMapping: 0.090900 ms MarkObjects: 2.745700 ms  DeleteObjects: 0.043100 ms)

Prepare: number of updated asset objects reloaded= 0
AssetImportParameters requested are different than current active one (requested -> active):
  custom:container-demuxer-ogg: 62fdf1f143b41e24485cea50d1cbac27 -> 
  custom:scripting/monoscript/fileName/GameManager.cs: f6182d712e34e20e3202214886862cdb -> 9933fbcc6190e2a9171c2ec8808a053e
  custom:scripting/monoscript/fileName/Income.cs: 938d875b4ea58c05495f38a939171226 -> 
  custom:video-decoder-ogg-theora: a1e56fd34408186e4bbccfd4996cb3dc -> 
  custom:framework-win-MediaFoundation: 216162199b28c13a410421893ffa2e32 -> 
  custom:scripting/monoscript/fileName/Tower.cs: 0e51d5638e1e2b20f04394d6225c671a -> 16583eaf01662413665c0a8803428cd6
  custom:scripting/monoscript/fileName/MenuFrame.cs: 575edbd0df24363ab161dfcb310542c7 -> 
  custom:CustomObjectIndexerAttribute: 9a22284fe3817be447336de3de66b15e -> 
  custom:scripting/monoscript/fileName/Readme.cs: 5aedf578fb2663036982fb7b05aaf325 -> 
  custom:scripting/monoscript/fileName/Tooltip.cs: b7163f69ad820c51a0cfd3387a68b1d4 -> efb4e7ecf4b2142538150f2477ca1e4e
  custom:container-demuxer-webm: 4f35f7cbe854078d1ac9338744f61a02 -> 
  custom:scripting/monoscript/fileName/GoldMine.cs: bab3e2ee0cdfb32214ea1458d0239fb0 -> 
  custom:container-muxer-webm: aa71ff27fc2769a1b78a27578f13a17b -> 
  custom:scripting/monoscript/fileName/ReadmeEditor.cs: ff7ced1e41c1b99ddf5dfefc88f6bd50 -> 
  custom:video-decoder-webm-vp8: 9c59270c3fd7afecdb556c50c9e8de78 -> 
  custom:SearchIndexIgnoredProperties: e643bd26f0fe6173181afceb89e7c659 -> 
  custom:AudioImporter_EditorPlatform: d09bf68614088b80899f8185d706f6e7 -> 
  custom:scripting/monoscript/fileName/LumberMill.cs: c2d45524fbd0d6e9a670d983de5f81d7 -> 
  custom:scripting/monoscript/fileName/Slime.cs: e872c3a4bc36777cb1cc31d8379690c8 -> 05272bae05f111c6b0609e32e93d89d5
  custom:scripting/monoscript/fileName/Bar.cs: 890822e7dfd0f89892a6fd3ee944f62e -> 71c40e549b4fade8bed144aaff5a79ac
  custom:scripting/monoscript/fileName/TooltipManager.cs: 902a800de15a4facdbc6dbb1be6c1339 -> bc11dd805cb64c1c2f88cd7ae96fba24
  custom:video-encoder-webm-vp8: eb34c28f22e8b96e1ab97ce403110664 -> 
  custom:audio-decoder-ogg-vorbis: bf7c407c2cedff20999df2af8eb42d56 -> 
  custom:scripting/monoscript/fileName/Bullet.cs: 48ff13ede6c310cc0acf4a30e818a1de -> a4f5918e799041ba1f6608f13912eb8b
  custom:scripting/monoscript/fileName/TowerBuild.cs: 3807a8e615ef6a49dfd3f6bc5055a7a9 -> 9ea8b859a681512b782b9b3988d2f5f8
  custom:scripting/monoscript/fileName/Wave.cs: c8b913f1d5cb3bff026a08ce26c83aad -> 6e300e3b5d1a1dd15fa0115918e06e83
  custom:audio-encoder-webm-vorbis: bf7c407c2cedff20999df2af8eb42d56 -> 
  custom:scripting/monoscript/fileName/WaterReflection.cs: f1c57f2ce2c094032b710e8e5eb21bd7 -> 
  custom:scripting/monoscript/fileName/Tile.cs: e6480a408e34695897b31a69fad2b871 -> a94101d916c115d73aff3567a86e16d8
========================================================================
Received Prepare
Caller must complete domain reload
Begin MonoManager ReloadAssembly
- Loaded All Assemblies, in  0.421 seconds
Native extension for WindowsStandalone target not found
Native extension for WebGL target not found
[Package Manager] Server::EnsureServerProcessIsRunning -- launch failed, reason: Unity was launched with the -noUpm command-line argument
[Package Manager] UpmClient::Send -- Unable to send message (not connected to UPM process).
[Package Manager] Cannot connect to Unity Package Manager local server
Mono: successfully reloaded assembly
- Finished resetting the current domain, in  0.922 seconds
Domain Reload Profiling: 1340ms
	BeginReloadAssembly (148ms)
		ExecutionOrderSort (0ms)
		DisableScriptedObjects (4ms)
		BackupInstance (0ms)
		ReleaseScriptingObjects (0ms)
		CreateAndSetChildDomain (29ms)
	RebuildCommonClasses (31ms)
	RebuildNativeTypeToScriptingClass (11ms)
	initialDomainReloadingComplete (29ms)
	LoadAllAssembliesAndSetupDomain (198ms)
		LoadAssemblies (270ms)
		RebuildTransferFunctionScriptingTraits (0ms)
		AnalyzeDomain (13ms)
			TypeCache.Refresh (5ms)
				TypeCache.ScanAssembly (0ms)
			ScanForSourceGeneratedMonoScriptInfo (0ms)
			ResolveRequiredComponents (6ms)
	FinalizeReload (923ms)
		ReleaseScriptCaches (0ms)
		RebuildScriptCaches (0ms)
		SetupLoadedEditorAssemblies (448ms)
			LogAssemblyErrors (0ms)
			InitializePlatformSupportModulesInManaged (9ms)
			SetLoadedEditorAssemblies (3ms)
			RefreshPlugins (0ms)
			BeforeProcessingInitializeOnLoad (62ms)
			ProcessInitializeOnLoadAttributes (344ms)
			ProcessInitializeOnLoadMethodAttributes (21ms)
			AfterProcessingInitializeOnLoad (9ms)
			EditorAssembliesLoaded (0ms)
		ExecutionOrderSort2 (0ms)
		AwakeInstancesAfterBackupRestoration (7ms)
Refreshing native plugins compatible for Editor in 3.28 ms, found 3 plugins.
Preloading 0 native plugins for Editor in 0.00 ms.
Unloading 3128 Unused Serialized files (Serialized files now loaded: 0)
Unloading 14 unused Assets / (28.7 KB). Loaded Objects now: 3659.
Memory consumption went from 130.0 MB to 130.0 MB.
Total: 3.169800 ms (FindLiveObjects: 0.318200 ms CreateObjectMapping: 0.087100 ms MarkObjects: 2.714700 ms  DeleteObjects: 0.049000 ms)

Prepare: number of updated asset objects reloaded= 0
AssetImportParameters requested are different than current active one (requested -> active):
  custom:container-demuxer-ogg: 62fdf1f143b41e24485cea50d1cbac27 -> 
  custom:scripting/monoscript/fileName/GameManager.cs: f6182d712e34e20e3202214886862cdb -> 9933fbcc6190e2a9171c2ec8808a053e
  custom:scripting/monoscript/fileName/Income.cs: 938d875b4ea58c05495f38a939171226 -> 
  custom:video-decoder-ogg-theora: a1e56fd34408186e4bbccfd4996cb3dc -> 
  custom:framework-win-MediaFoundation: 216162199b28c13a410421893ffa2e32 -> 
  custom:scripting/monoscript/fileName/Tower.cs: 0e51d5638e1e2b20f04394d6225c671a -> 16583eaf01662413665c0a8803428cd6
  custom:scripting/monoscript/fileName/MenuFrame.cs: 575edbd0df24363ab161dfcb310542c7 -> 
  custom:CustomObjectIndexerAttribute: 9a22284fe3817be447336de3de66b15e -> 
  custom:scripting/monoscript/fileName/Readme.cs: 5aedf578fb2663036982fb7b05aaf325 -> 
  custom:scripting/monoscript/fileName/Tooltip.cs: b7163f69ad820c51a0cfd3387a68b1d4 -> efb4e7ecf4b2142538150f2477ca1e4e
  custom:container-demuxer-webm: 4f35f7cbe854078d1ac9338744f61a02 -> 
  custom:scripting/monoscript/fileName/GoldMine.cs: bab3e2ee0cdfb32214ea1458d0239fb0 -> 
  custom:container-muxer-webm: aa71ff27fc2769a1b78a27578f13a17b -> 
  custom:scripting/monoscript/fileName/ReadmeEditor.cs: ff7ced1e41c1b99ddf5dfefc88f6bd50 -> 
  custom:video-decoder-webm-vp8: 9c59270c3fd7afecdb556c50c9e8de78 -> 
  custom:SearchIndexIgnoredProperties: e643bd26f0fe6173181afceb89e7c659 -> 
  custom:AudioImporter_EditorPlatform: d09bf68614088b80899f8185d706f6e7 -> 
  custom:scripting/monoscript/fileName/LumberMill.cs: c2d45524fbd0d6e9a670d983de5f81d7 -> 
  custom:scripting/monoscript/fileName/Slime.cs: e872c3a4bc36777cb1cc31d8379690c8 -> 05272bae05f111c6b0609e32e93d89d5
  custom:scripting/monoscript/fileName/Bar.cs: 890822e7dfd0f89892a6fd3ee944f62e -> 71c40e549b4fade8bed144aaff5a79ac
  custom:scripting/monoscript/fileName/TooltipManager.cs: 902a800de15a4facdbc6dbb1be6c1339 -> bc11dd805cb64c1c2f88cd7ae96fba24
  custom:video-encoder-webm-vp8: eb34c28f22e8b96e1ab97ce403110664 -> 
  custom:audio-decoder-ogg-vorbis: bf7c407c2cedff20999df2af8eb42d56 -> 
  custom:scripting/monoscript/fileName/Bullet.cs: 48ff13ede6c310cc0acf4a30e818a1de -> a4f5918e799041ba1f6608f13912eb8b
  custom:scripting/monoscript/fileName/TowerBuild.cs: 3807a8e615ef6a49dfd3f6bc5055a7a9 -> 9ea8b859a681512b782b9b3988d2f5f8
  custom:scripting/monoscript/fileName/Wave.cs: c8b913f1d5cb3bff026a08ce26c83aad -> 6e300e3b5d1a1dd15fa0115918e06e83
  custom:audio-encoder-webm-vorbis: bf7c407c2cedff20999df2af8eb42d56 -> 
  custom:scripting/monoscript/fileName/WaterReflection.cs: f1c57f2ce2c094032b710e8e5eb21bd7 -> 
  custom:scripting/monoscript/fileName/Tile.cs: e6480a408e34695897b31a69fad2b871 -> a94101d916c115d73aff3567a86e16d8
========================================================================
Received Import Request.
  Time since last request: 10.729577 seconds.
  path: Assets/Prefabs/PremiumTower.prefab
  artifactKey: Guid(8542e3db9bff02e4b92f25a033b7ef8e) Importer(815301076,1909f56bfc062723c751e8b465ee728b)
Start importing Assets/Prefabs/PremiumTower.prefab using Guid(8542e3db9bff02e4b92f25a033b7ef8e) Importer(815301076,1909f56bfc062723c751e8b465ee728b) [PhysX] Initialized MultithreadedTaskDispatcher with 12 workers.
 -> (artifact id: '5d548078af6f03e04ca9d75a00d6ae3a') in 0.002063 seconds
Number of updated asset objects reloaded before import = 0
Number of asset objects unloaded after import = 0
========================================================================
Received Import Request.
  Time since last request: 0.000025 seconds.
  path: Assets/Prefabs/MagicTower.prefab
  artifactKey: Guid(20b1348b4ae7d5742bfd536fd769621d) Importer(815301076,1909f56bfc062723c751e8b465ee728b)
Start importing Assets/Prefabs/MagicTower.prefab using Guid(20b1348b4ae7d5742bfd536fd769621d) Importer(815301076,1909f56bfc062723c751e8b465ee728b) [PhysX] Initialized MultithreadedTaskDispatcher with 12 workers.
 -> (artifact id: '6b112b50de7a5cdc4b1def79f7065898') in 0.000432 seconds
Number of updated asset objects reloaded before import = 0
Number of asset objects unloaded after import = 0
========================================================================
Received Import Request.
  Time since last request: 11.485862 seconds.
  path: Assets/Prefabs/PremiumTower.prefab
  artifactKey: Guid(8542e3db9bff02e4b92f25a033b7ef8e) Importer(815301076,1909f56bfc062723c751e8b465ee728b)
Start importing Assets/Prefabs/PremiumTower.prefab using Guid(8542e3db9bff02e4b92f25a033b7ef8e) Importer(815301076,1909f56bfc062723c751e8b465ee728b) [PhysX] Initialized MultithreadedTaskDispatcher with 12 workers.
 -> (artifact id: '5d548078af6f03e04ca9d75a00d6ae3a') in 0.000403 seconds
Number of updated asset objects reloaded before import = 0
Number of asset objects unloaded after import = 0
========================================================================
Received Prepare
Caller must complete domain reload
Begin MonoManager ReloadAssembly
- Loaded All Assemblies, in  0.447 seconds
Native extension for WindowsStandalone target not found
Native extension for WebGL target not found
[Package Manager] Server::EnsureServerProcessIsRunning -- launch failed, reason: Unity was launched with the -noUpm command-line argument
[Package Manager] UpmClient::Send -- Unable to send message (not connected to UPM process).
[Package Manager] Cannot connect to Unity Package Manager local server
Mono: successfully reloaded assembly
- Finished resetting the current domain, in  1.181 seconds
Domain Reload Profiling: 1624ms
	BeginReloadAssembly (146ms)
		ExecutionOrderSort (0ms)
		DisableScriptedObjects (4ms)
		BackupInstance (0ms)
		ReleaseScriptingObjects (0ms)
		CreateAndSetChildDomain (31ms)
	RebuildCommonClasses (32ms)
	RebuildNativeTypeToScriptingClass (11ms)
	initialDomainReloadingComplete (29ms)
	LoadAllAssembliesAndSetupDomain (223ms)
		LoadAssemblies (281ms)
		RebuildTransferFunctionScriptingTraits (0ms)
		AnalyzeDomain (23ms)
			TypeCache.Refresh (9ms)
				TypeCache.ScanAssembly (1ms)
			ScanForSourceGeneratedMonoScriptInfo (6ms)
			ResolveRequiredComponents (5ms)
	FinalizeReload (1182ms)
		ReleaseScriptCaches (0ms)
		RebuildScriptCaches (0ms)
		SetupLoadedEditorAssemblies (490ms)
			LogAssemblyErrors (0ms)
			InitializePlatformSupportModulesInManaged (12ms)
			SetLoadedEditorAssemblies (3ms)
			RefreshPlugins (0ms)
			BeforeProcessingInitializeOnLoad (76ms)
			ProcessInitializeOnLoadAttributes (364ms)
			ProcessInitializeOnLoadMethodAttributes (26ms)
			AfterProcessingInitializeOnLoad (8ms)
			EditorAssembliesLoaded (0ms)
		ExecutionOrderSort2 (0ms)
		AwakeInstancesAfterBackupRestoration (7ms)
Refreshing native plugins compatible for Editor in 3.61 ms, found 3 plugins.
Preloading 0 native plugins for Editor in 0.00 ms.
Unloading 3127 Unused Serialized files (Serialized files now loaded: 0)
Unloading 14 unused Assets / (28.6 KB). Loaded Objects now: 3662.
Memory consumption went from 129.8 MB to 129.7 MB.
Total: 3.257300 ms (FindLiveObjects: 0.435900 ms CreateObjectMapping: 0.090100 ms MarkObjects: 2.680700 ms  DeleteObjects: 0.049500 ms)

Prepare: number of updated asset objects reloaded= 0
AssetImportParameters requested are different than current active one (requested -> active):
  custom:container-demuxer-ogg: 62fdf1f143b41e24485cea50d1cbac27 -> 
  custom:scripting/monoscript/fileName/GameManager.cs: f6182d712e34e20e3202214886862cdb -> 9933fbcc6190e2a9171c2ec8808a053e
  custom:scripting/monoscript/fileName/Income.cs: 938d875b4ea58c05495f38a939171226 -> 
  custom:video-decoder-ogg-theora: a1e56fd34408186e4bbccfd4996cb3dc -> 
  custom:framework-win-MediaFoundation: 216162199b28c13a410421893ffa2e32 -> 
  custom:scripting/monoscript/fileName/Tower.cs: 0e51d5638e1e2b20f04394d6225c671a -> 16583eaf01662413665c0a8803428cd6
  custom:scripting/monoscript/fileName/MenuFrame.cs: 575edbd0df24363ab161dfcb310542c7 -> 
  custom:CustomObjectIndexerAttribute: 9a22284fe3817be447336de3de66b15e -> 
  custom:scripting/monoscript/fileName/Readme.cs: 5aedf578fb2663036982fb7b05aaf325 -> 
  custom:scripting/monoscript/fileName/Tooltip.cs: b7163f69ad820c51a0cfd3387a68b1d4 -> efb4e7ecf4b2142538150f2477ca1e4e
  custom:container-demuxer-webm: 4f35f7cbe854078d1ac9338744f61a02 -> 
  custom:scripting/monoscript/fileName/GoldMine.cs: bab3e2ee0cdfb32214ea1458d0239fb0 -> 
  custom:container-muxer-webm: aa71ff27fc2769a1b78a27578f13a17b -> 
  custom:scripting/monoscript/fileName/ReadmeEditor.cs: ff7ced1e41c1b99ddf5dfefc88f6bd50 -> 
  custom:video-decoder-webm-vp8: 9c59270c3fd7afecdb556c50c9e8de78 -> 
  custom:SearchIndexIgnoredProperties: e643bd26f0fe6173181afceb89e7c659 -> 
  custom:AudioImporter_EditorPlatform: d09bf68614088b80899f8185d706f6e7 -> 
  custom:scripting/monoscript/fileName/LumberMill.cs: c2d45524fbd0d6e9a670d983de5f81d7 -> 
  custom:scripting/monoscript/fileName/Slime.cs: e872c3a4bc36777cb1cc31d8379690c8 -> 05272bae05f111c6b0609e32e93d89d5
  custom:scripting/monoscript/fileName/Bar.cs: 890822e7dfd0f89892a6fd3ee944f62e -> 71c40e549b4fade8bed144aaff5a79ac
  custom:scripting/monoscript/fileName/TooltipManager.cs: 902a800de15a4facdbc6dbb1be6c1339 -> bc11dd805cb64c1c2f88cd7ae96fba24
  custom:video-encoder-webm-vp8: eb34c28f22e8b96e1ab97ce403110664 -> 
  custom:audio-decoder-ogg-vorbis: bf7c407c2cedff20999df2af8eb42d56 -> 
  custom:scripting/monoscript/fileName/Bullet.cs: 48ff13ede6c310cc0acf4a30e818a1de -> a4f5918e799041ba1f6608f13912eb8b
  custom:scripting/monoscript/fileName/TowerBuild.cs: 3807a8e615ef6a49dfd3f6bc5055a7a9 -> 9ea8b859a681512b782b9b3988d2f5f8
  custom:scripting/monoscript/fileName/Wave.cs: c8b913f1d5cb3bff026a08ce26c83aad -> 6e300e3b5d1a1dd15fa0115918e06e83
  custom:audio-encoder-webm-vorbis: bf7c407c2cedff20999df2af8eb42d56 -> 
  custom:scripting/monoscript/fileName/WaterReflection.cs: f1c57f2ce2c094032b710e8e5eb21bd7 -> 
  custom:scripting/monoscript/fileName/Tile.cs: e6480a408e34695897b31a69fad2b871 -> a94101d916c115d73aff3567a86e16d8
========================================================================
Received Import Request.
  Time since last request: 5.563244 seconds.
  path: Assets/Prefabs/PremiumTower.prefab
  artifactKey: Guid(8542e3db9bff02e4b92f25a033b7ef8e) Importer(815301076,1909f56bfc062723c751e8b465ee728b)
Start importing Assets/Prefabs/PremiumTower.prefab using Guid(8542e3db9bff02e4b92f25a033b7ef8e) Importer(815301076,1909f56bfc062723c751e8b465ee728b) [PhysX] Initialized MultithreadedTaskDispatcher with 12 workers.
 -> (artifact id: '5d548078af6f03e04ca9d75a00d6ae3a') in 0.001580 seconds
Number of updated asset objects reloaded before import = 0
Number of asset objects unloaded after import = 0
========================================================================
Received Import Request.
  Time since last request: 0.947275 seconds.
  path: Assets/Prefabs/PremiumTower.prefab
  artifactKey: Guid(8542e3db9bff02e4b92f25a033b7ef8e) Importer(815301076,1909f56bfc062723c751e8b465ee728b)
Start importing Assets/Prefabs/PremiumTower.prefab using Guid(8542e3db9bff02e4b92f25a033b7ef8e) Importer(815301076,1909f56bfc062723c751e8b465ee728b) [PhysX] Initialized MultithreadedTaskDispatcher with 12 workers.
 -> (artifact id: '5d548078af6f03e04ca9d75a00d6ae3a') in 0.000551 seconds
Number of updated asset objects reloaded before import = 0
Number of asset objects unloaded after import = 0
========================================================================
Received Prepare
Caller must complete domain reload
Begin MonoManager ReloadAssembly
- Loaded All Assemblies, in  0.434 seconds
Native extension for WindowsStandalone target not found
Native extension for WebGL target not found
[Package Manager] Server::EnsureServerProcessIsRunning -- launch failed, reason: Unity was launched with the -noUpm command-line argument
[Package Manager] UpmClient::Send -- Unable to send message (not connected to UPM process).
[Package Manager] Cannot connect to Unity Package Manager local server
Mono: successfully reloaded assembly
- Finished resetting the current domain, in  0.905 seconds
Domain Reload Profiling: 1338ms
	BeginReloadAssembly (147ms)
		ExecutionOrderSort (0ms)
		DisableScriptedObjects (4ms)
		BackupInstance (0ms)
		ReleaseScriptingObjects (0ms)
		CreateAndSetChildDomain (27ms)
	RebuildCommonClasses (33ms)
	RebuildNativeTypeToScriptingClass (11ms)
	initialDomainReloadingComplete (27ms)
	LoadAllAssembliesAndSetupDomain (214ms)
		LoadAssemblies (272ms)
		RebuildTransferFunctionScriptingTraits (0ms)
		AnalyzeDomain (27ms)
			TypeCache.Refresh (11ms)
				TypeCache.ScanAssembly (1ms)
			ScanForSourceGeneratedMonoScriptInfo (7ms)
			ResolveRequiredComponents (7ms)
	FinalizeReload (906ms)
		ReleaseScriptCaches (0ms)
		RebuildScriptCaches (0ms)
		SetupLoadedEditorAssemblies (419ms)
			LogAssemblyErrors (0ms)
			InitializePlatformSupportModulesInManaged (7ms)
			SetLoadedEditorAssemblies (3ms)
			RefreshPlugins (0ms)
			BeforeProcessingInitializeOnLoad (60ms)
			ProcessInitializeOnLoadAttributes (321ms)
			ProcessInitializeOnLoadMethodAttributes (21ms)
			AfterProcessingInitializeOnLoad (8ms)
			EditorAssembliesLoaded (0ms)
		ExecutionOrderSort2 (0ms)
		AwakeInstancesAfterBackupRestoration (6ms)
Refreshing native plugins compatible for Editor in 3.14 ms, found 3 plugins.
Preloading 0 native plugins for Editor in 0.00 ms.
Unloading 3127 Unused Serialized files (Serialized files now loaded: 0)
Unloading 14 unused Assets / (28.6 KB). Loaded Objects now: 3665.
Memory consumption went from 129.8 MB to 129.7 MB.
Total: 2.607200 ms (FindLiveObjects: 0.257600 ms CreateObjectMapping: 0.074900 ms MarkObjects: 2.231500 ms  DeleteObjects: 0.042300 ms)

Prepare: number of updated asset objects reloaded= 0
AssetImportParameters requested are different than current active one (requested -> active):
  custom:container-demuxer-ogg: 62fdf1f143b41e24485cea50d1cbac27 -> 
  custom:scripting/monoscript/fileName/GameManager.cs: f6182d712e34e20e3202214886862cdb -> 9933fbcc6190e2a9171c2ec8808a053e
  custom:scripting/monoscript/fileName/Income.cs: 938d875b4ea58c05495f38a939171226 -> 
  custom:video-decoder-ogg-theora: a1e56fd34408186e4bbccfd4996cb3dc -> 
  custom:framework-win-MediaFoundation: 216162199b28c13a410421893ffa2e32 -> 
  custom:scripting/monoscript/fileName/Tower.cs: 0e51d5638e1e2b20f04394d6225c671a -> 16583eaf01662413665c0a8803428cd6
  custom:scripting/monoscript/fileName/MenuFrame.cs: 575edbd0df24363ab161dfcb310542c7 -> 
  custom:CustomObjectIndexerAttribute: 9a22284fe3817be447336de3de66b15e -> 
  custom:scripting/monoscript/fileName/Readme.cs: 5aedf578fb2663036982fb7b05aaf325 -> 
  custom:scripting/monoscript/fileName/Tooltip.cs: b7163f69ad820c51a0cfd3387a68b1d4 -> efb4e7ecf4b2142538150f2477ca1e4e
  custom:container-demuxer-webm: 4f35f7cbe854078d1ac9338744f61a02 -> 
  custom:scripting/monoscript/fileName/GoldMine.cs: bab3e2ee0cdfb32214ea1458d0239fb0 -> 
  custom:container-muxer-webm: aa71ff27fc2769a1b78a27578f13a17b -> 
  custom:scripting/monoscript/fileName/ReadmeEditor.cs: ff7ced1e41c1b99ddf5dfefc88f6bd50 -> 
  custom:video-decoder-webm-vp8: 9c59270c3fd7afecdb556c50c9e8de78 -> 
  custom:SearchIndexIgnoredProperties: e643bd26f0fe6173181afceb89e7c659 -> 
  custom:AudioImporter_EditorPlatform: d09bf68614088b80899f8185d706f6e7 -> 
  custom:scripting/monoscript/fileName/LumberMill.cs: c2d45524fbd0d6e9a670d983de5f81d7 -> 
  custom:scripting/monoscript/fileName/Slime.cs: e872c3a4bc36777cb1cc31d8379690c8 -> 05272bae05f111c6b0609e32e93d89d5
  custom:scripting/monoscript/fileName/Bar.cs: 890822e7dfd0f89892a6fd3ee944f62e -> 71c40e549b4fade8bed144aaff5a79ac
  custom:scripting/monoscript/fileName/TooltipManager.cs: 902a800de15a4facdbc6dbb1be6c1339 -> bc11dd805cb64c1c2f88cd7ae96fba24
  custom:video-encoder-webm-vp8: eb34c28f22e8b96e1ab97ce403110664 -> 
  custom:audio-decoder-ogg-vorbis: bf7c407c2cedff20999df2af8eb42d56 -> 
  custom:scripting/monoscript/fileName/Bullet.cs: 48ff13ede6c310cc0acf4a30e818a1de -> a4f5918e799041ba1f6608f13912eb8b
  custom:scripting/monoscript/fileName/TowerBuild.cs: 3807a8e615ef6a49dfd3f6bc5055a7a9 -> 9ea8b859a681512b782b9b3988d2f5f8
  custom:scripting/monoscript/fileName/Wave.cs: c8b913f1d5cb3bff026a08ce26c83aad -> 6e300e3b5d1a1dd15fa0115918e06e83
  custom:audio-encoder-webm-vorbis: bf7c407c2cedff20999df2af8eb42d56 -> 
  custom:scripting/monoscript/fileName/WaterReflection.cs: f1c57f2ce2c094032b710e8e5eb21bd7 -> 
  custom:scripting/monoscript/fileName/Tile.cs: e6480a408e34695897b31a69fad2b871 -> a94101d916c115d73aff3567a86e16d8
========================================================================
Received Prepare
Caller must complete domain reload
Begin MonoManager ReloadAssembly
- Loaded All Assemblies, in  0.431 seconds
Native extension for WindowsStandalone target not found
Native extension for WebGL target not found
[Package Manager] Server::EnsureServerProcessIsRunning -- launch failed, reason: Unity was launched with the -noUpm command-line argument
[Package Manager] UpmClient::Send -- Unable to send message (not connected to UPM process).
[Package Manager] Cannot connect to Unity Package Manager local server
Mono: successfully reloaded assembly
- Finished resetting the current domain, in  0.923 seconds
Domain Reload Profiling: 1351ms
	BeginReloadAssembly (145ms)
		ExecutionOrderSort (0ms)
		DisableScriptedObjects (4ms)
		BackupInstance (0ms)
		ReleaseScriptingObjects (0ms)
		CreateAndSetChildDomain (28ms)
	RebuildCommonClasses (33ms)
	RebuildNativeTypeToScriptingClass (15ms)
	initialDomainReloadingComplete (29ms)
	LoadAllAssembliesAndSetupDomain (206ms)
		LoadAssemblies (276ms)
		RebuildTransferFunctionScriptingTraits (0ms)
		AnalyzeDomain (12ms)
			TypeCache.Refresh (5ms)
				TypeCache.ScanAssembly (0ms)
			ScanForSourceGeneratedMonoScriptInfo (0ms)
			ResolveRequiredComponents (5ms)
	FinalizeReload (924ms)
		ReleaseScriptCaches (0ms)
		RebuildScriptCaches (0ms)
		SetupLoadedEditorAssemblies (452ms)
			LogAssemblyErrors (0ms)
			InitializePlatformSupportModulesInManaged (10ms)
			SetLoadedEditorAssemblies (3ms)
			RefreshPlugins (0ms)
			BeforeProcessingInitializeOnLoad (61ms)
			ProcessInitializeOnLoadAttributes (348ms)
			ProcessInitializeOnLoadMethodAttributes (21ms)
			AfterProcessingInitializeOnLoad (8ms)
			EditorAssembliesLoaded (0ms)
		ExecutionOrderSort2 (0ms)
		AwakeInstancesAfterBackupRestoration (7ms)
Refreshing native plugins compatible for Editor in 3.14 ms, found 3 plugins.
Preloading 0 native plugins for Editor in 0.00 ms.
Unloading 3128 Unused Serialized files (Serialized files now loaded: 0)
Unloading 14 unused Assets / (28.5 KB). Loaded Objects now: 3668.
Memory consumption went from 130.0 MB to 130.0 MB.
Total: 2.911200 ms (FindLiveObjects: 0.329900 ms CreateObjectMapping: 0.085800 ms MarkObjects: 2.448900 ms  DeleteObjects: 0.045500 ms)

Prepare: number of updated asset objects reloaded= 0
AssetImportParameters requested are different than current active one (requested -> active):
  custom:container-demuxer-ogg: 62fdf1f143b41e24485cea50d1cbac27 -> 
  custom:scripting/monoscript/fileName/GameManager.cs: f6182d712e34e20e3202214886862cdb -> 9933fbcc6190e2a9171c2ec8808a053e
  custom:scripting/monoscript/fileName/Income.cs: 938d875b4ea58c05495f38a939171226 -> 
  custom:video-decoder-ogg-theora: a1e56fd34408186e4bbccfd4996cb3dc -> 
  custom:framework-win-MediaFoundation: 216162199b28c13a410421893ffa2e32 -> 
  custom:scripting/monoscript/fileName/Tower.cs: 0e51d5638e1e2b20f04394d6225c671a -> 16583eaf01662413665c0a8803428cd6
  custom:scripting/monoscript/fileName/MenuFrame.cs: 575edbd0df24363ab161dfcb310542c7 -> 
  custom:CustomObjectIndexerAttribute: 9a22284fe3817be447336de3de66b15e -> 
  custom:scripting/monoscript/fileName/Readme.cs: 5aedf578fb2663036982fb7b05aaf325 -> 
  custom:scripting/monoscript/fileName/Tooltip.cs: b7163f69ad820c51a0cfd3387a68b1d4 -> efb4e7ecf4b2142538150f2477ca1e4e
  custom:container-demuxer-webm: 4f35f7cbe854078d1ac9338744f61a02 -> 
  custom:scripting/monoscript/fileName/GoldMine.cs: bab3e2ee0cdfb32214ea1458d0239fb0 -> 
  custom:container-muxer-webm: aa71ff27fc2769a1b78a27578f13a17b -> 
  custom:scripting/monoscript/fileName/ReadmeEditor.cs: ff7ced1e41c1b99ddf5dfefc88f6bd50 -> 
  custom:video-decoder-webm-vp8: 9c59270c3fd7afecdb556c50c9e8de78 -> 
  custom:SearchIndexIgnoredProperties: e643bd26f0fe6173181afceb89e7c659 -> 
  custom:AudioImporter_EditorPlatform: d09bf68614088b80899f8185d706f6e7 -> 
  custom:scripting/monoscript/fileName/LumberMill.cs: c2d45524fbd0d6e9a670d983de5f81d7 -> 
  custom:scripting/monoscript/fileName/Slime.cs: e872c3a4bc36777cb1cc31d8379690c8 -> 05272bae05f111c6b0609e32e93d89d5
  custom:scripting/monoscript/fileName/Bar.cs: 890822e7dfd0f89892a6fd3ee944f62e -> 71c40e549b4fade8bed144aaff5a79ac
  custom:scripting/monoscript/fileName/TooltipManager.cs: 902a800de15a4facdbc6dbb1be6c1339 -> bc11dd805cb64c1c2f88cd7ae96fba24
  custom:video-encoder-webm-vp8: eb34c28f22e8b96e1ab97ce403110664 -> 
  custom:audio-decoder-ogg-vorbis: bf7c407c2cedff20999df2af8eb42d56 -> 
  custom:scripting/monoscript/fileName/Bullet.cs: 48ff13ede6c310cc0acf4a30e818a1de -> a4f5918e799041ba1f6608f13912eb8b
  custom:scripting/monoscript/fileName/TowerBuild.cs: 3807a8e615ef6a49dfd3f6bc5055a7a9 -> 9ea8b859a681512b782b9b3988d2f5f8
  custom:scripting/monoscript/fileName/Wave.cs: c8b913f1d5cb3bff026a08ce26c83aad -> 6e300e3b5d1a1dd15fa0115918e06e83
  custom:audio-encoder-webm-vorbis: bf7c407c2cedff20999df2af8eb42d56 -> 
  custom:scripting/monoscript/fileName/WaterReflection.cs: f1c57f2ce2c094032b710e8e5eb21bd7 -> 
  custom:scripting/monoscript/fileName/Tile.cs: e6480a408e34695897b31a69fad2b871 -> a94101d916c115d73aff3567a86e16d8
========================================================================
Received Import Request.
  Time since last request: 45.301289 seconds.
  path: Assets/Prefabs/PremiumTower.prefab
  artifactKey: Guid(8542e3db9bff02e4b92f25a033b7ef8e) Importer(815301076,1909f56bfc062723c751e8b465ee728b)
Start importing Assets/Prefabs/PremiumTower.prefab using Guid(8542e3db9bff02e4b92f25a033b7ef8e) Importer(815301076,1909f56bfc062723c751e8b465ee728b) [PhysX] Initialized MultithreadedTaskDispatcher with 12 workers.
 -> (artifact id: '5d548078af6f03e04ca9d75a00d6ae3a') in 0.002144 seconds
Number of updated asset objects reloaded before import = 0
Number of asset objects unloaded after import = 0
========================================================================
Received Import Request.
  Time since last request: 26.621750 seconds.
  path: Assets/Prefabs/PremiumTower.prefab
  artifactKey: Guid(8542e3db9bff02e4b92f25a033b7ef8e) Importer(815301076,1909f56bfc062723c751e8b465ee728b)
Start importing Assets/Prefabs/PremiumTower.prefab using Guid(8542e3db9bff02e4b92f25a033b7ef8e) Importer(815301076,1909f56bfc062723c751e8b465ee728b) [PhysX] Initialized MultithreadedTaskDispatcher with 12 workers.
 -> (artifact id: '5d548078af6f03e04ca9d75a00d6ae3a') in 0.000482 seconds
Number of updated asset objects reloaded before import = 0
Number of asset objects unloaded after import = 0
========================================================================
Received Import Request.
  Time since last request: 2.805201 seconds.
  path: Assets/Prefabs/PremiumTower.prefab
  artifactKey: Guid(8542e3db9bff02e4b92f25a033b7ef8e) Importer(815301076,1909f56bfc062723c751e8b465ee728b)
Start importing Assets/Prefabs/PremiumTower.prefab using Guid(8542e3db9bff02e4b92f25a033b7ef8e) Importer(815301076,1909f56bfc062723c751e8b465ee728b) [PhysX] Initialized MultithreadedTaskDispatcher with 12 workers.
 -> (artifact id: '5d548078af6f03e04ca9d75a00d6ae3a') in 0.000603 seconds
Number of updated asset objects reloaded before import = 0
Number of asset objects unloaded after import = 0
========================================================================
Received Import Request.
  Time since last request: 3.416756 seconds.
  path: Assets/Prefabs/PremiumTower.prefab
  artifactKey: Guid(8542e3db9bff02e4b92f25a033b7ef8e) Importer(815301076,1909f56bfc062723c751e8b465ee728b)
Start importing Assets/Prefabs/PremiumTower.prefab using Guid(8542e3db9bff02e4b92f25a033b7ef8e) Importer(815301076,1909f56bfc062723c751e8b465ee728b) [PhysX] Initialized MultithreadedTaskDispatcher with 12 workers.
 -> (artifact id: '5d548078af6f03e04ca9d75a00d6ae3a') in 0.000568 seconds
Number of updated asset objects reloaded before import = 0
Number of asset objects unloaded after import = 0
========================================================================
Received Import Request.
  Time since last request: 10.897107 seconds.
  path: Assets/Prefabs/PremiumTower.prefab
  artifactKey: Guid(8542e3db9bff02e4b92f25a033b7ef8e) Importer(815301076,1909f56bfc062723c751e8b465ee728b)
Start importing Assets/Prefabs/PremiumTower.prefab using Guid(8542e3db9bff02e4b92f25a033b7ef8e) Importer(815301076,1909f56bfc062723c751e8b465ee728b) [PhysX] Initialized MultithreadedTaskDispatcher with 12 workers.
 -> (artifact id: '3612be632977901c765c745409b0e19f') in 0.000454 seconds
Number of updated asset objects reloaded before import = 0
Number of asset objects unloaded after import = 0
========================================================================
Received Import Request.
  Time since last request: 3.465279 seconds.
  path: Assets/Prefabs/PremiumTower.prefab
  artifactKey: Guid(8542e3db9bff02e4b92f25a033b7ef8e) Importer(815301076,1909f56bfc062723c751e8b465ee728b)
Start importing Assets/Prefabs/PremiumTower.prefab using Guid(8542e3db9bff02e4b92f25a033b7ef8e) Importer(815301076,1909f56bfc062723c751e8b465ee728b) [PhysX] Initialized MultithreadedTaskDispatcher with 12 workers.
 -> (artifact id: '7c58069f4bed3314aa3fd5711084a324') in 0.000470 seconds
Number of updated asset objects reloaded before import = 0
Number of asset objects unloaded after import = 0
========================================================================
Received Prepare
Caller must complete domain reload
Begin MonoManager ReloadAssembly
- Loaded All Assemblies, in  0.436 seconds
Native extension for WindowsStandalone target not found
Native extension for WebGL target not found
[Package Manager] Server::EnsureServerProcessIsRunning -- launch failed, reason: Unity was launched with the -noUpm command-line argument
[Package Manager] UpmClient::Send -- Unable to send message (not connected to UPM process).
[Package Manager] Cannot connect to Unity Package Manager local server
Mono: successfully reloaded assembly
- Finished resetting the current domain, in  0.909 seconds
Domain Reload Profiling: 1342ms
	BeginReloadAssembly (162ms)
		ExecutionOrderSort (0ms)
		DisableScriptedObjects (5ms)
		BackupInstance (0ms)
		ReleaseScriptingObjects (0ms)
		CreateAndSetChildDomain (33ms)
	RebuildCommonClasses (32ms)
	RebuildNativeTypeToScriptingClass (11ms)
	initialDomainReloadingComplete (30ms)
	LoadAllAssembliesAndSetupDomain (196ms)
		LoadAssemblies (273ms)
		RebuildTransferFunctionScriptingTraits (0ms)
		AnalyzeDomain (13ms)
			TypeCache.Refresh (5ms)
				TypeCache.ScanAssembly (0ms)
			ScanForSourceGeneratedMonoScriptInfo (0ms)
			ResolveRequiredComponents (5ms)
	FinalizeReload (910ms)
		ReleaseScriptCaches (0ms)
		RebuildScriptCaches (0ms)
		SetupLoadedEditorAssemblies (443ms)
			LogAssemblyErrors (0ms)
			InitializePlatformSupportModulesInManaged (8ms)
			SetLoadedEditorAssemblies (3ms)
			RefreshPlugins (0ms)
			BeforeProcessingInitializeOnLoad (64ms)
			ProcessInitializeOnLoadAttributes (338ms)
			ProcessInitializeOnLoadMethodAttributes (22ms)
			AfterProcessingInitializeOnLoad (8ms)
			EditorAssembliesLoaded (0ms)
		ExecutionOrderSort2 (0ms)
		AwakeInstancesAfterBackupRestoration (8ms)
Refreshing native plugins compatible for Editor in 3.65 ms, found 3 plugins.
Preloading 0 native plugins for Editor in 0.00 ms.
Unloading 3127 Unused Serialized files (Serialized files now loaded: 0)
Unloading 14 unused Assets / (28.6 KB). Loaded Objects now: 3671.
Memory consumption went from 129.8 MB to 129.7 MB.
Total: 2.852200 ms (FindLiveObjects: 0.377000 ms CreateObjectMapping: 0.090100 ms MarkObjects: 2.337300 ms  DeleteObjects: 0.046600 ms)

Prepare: number of updated asset objects reloaded= 0
AssetImportParameters requested are different than current active one (requested -> active):
  custom:container-demuxer-ogg: 62fdf1f143b41e24485cea50d1cbac27 -> 
  custom:scripting/monoscript/fileName/GameManager.cs: f6182d712e34e20e3202214886862cdb -> 9933fbcc6190e2a9171c2ec8808a053e
  custom:scripting/monoscript/fileName/Income.cs: 938d875b4ea58c05495f38a939171226 -> 
  custom:video-decoder-ogg-theora: a1e56fd34408186e4bbccfd4996cb3dc -> 
  custom:framework-win-MediaFoundation: 216162199b28c13a410421893ffa2e32 -> 
  custom:scripting/monoscript/fileName/Tower.cs: 0e51d5638e1e2b20f04394d6225c671a -> 16583eaf01662413665c0a8803428cd6
  custom:scripting/monoscript/fileName/MenuFrame.cs: 575edbd0df24363ab161dfcb310542c7 -> 
  custom:CustomObjectIndexerAttribute: 9a22284fe3817be447336de3de66b15e -> 
  custom:scripting/monoscript/fileName/Readme.cs: 5aedf578fb2663036982fb7b05aaf325 -> 
  custom:scripting/monoscript/fileName/Tooltip.cs: b7163f69ad820c51a0cfd3387a68b1d4 -> efb4e7ecf4b2142538150f2477ca1e4e
  custom:container-demuxer-webm: 4f35f7cbe854078d1ac9338744f61a02 -> 
  custom:scripting/monoscript/fileName/GoldMine.cs: bab3e2ee0cdfb32214ea1458d0239fb0 -> 
  custom:container-muxer-webm: aa71ff27fc2769a1b78a27578f13a17b -> 
  custom:scripting/monoscript/fileName/ReadmeEditor.cs: ff7ced1e41c1b99ddf5dfefc88f6bd50 -> 
  custom:video-decoder-webm-vp8: 9c59270c3fd7afecdb556c50c9e8de78 -> 
  custom:SearchIndexIgnoredProperties: e643bd26f0fe6173181afceb89e7c659 -> 
  custom:AudioImporter_EditorPlatform: d09bf68614088b80899f8185d706f6e7 -> 
  custom:scripting/monoscript/fileName/LumberMill.cs: c2d45524fbd0d6e9a670d983de5f81d7 -> 
  custom:scripting/monoscript/fileName/Slime.cs: e872c3a4bc36777cb1cc31d8379690c8 -> 05272bae05f111c6b0609e32e93d89d5
  custom:scripting/monoscript/fileName/Bar.cs: 890822e7dfd0f89892a6fd3ee944f62e -> 71c40e549b4fade8bed144aaff5a79ac
  custom:scripting/monoscript/fileName/TooltipManager.cs: 902a800de15a4facdbc6dbb1be6c1339 -> bc11dd805cb64c1c2f88cd7ae96fba24
  custom:video-encoder-webm-vp8: eb34c28f22e8b96e1ab97ce403110664 -> 
  custom:audio-decoder-ogg-vorbis: bf7c407c2cedff20999df2af8eb42d56 -> 
  custom:scripting/monoscript/fileName/Bullet.cs: 48ff13ede6c310cc0acf4a30e818a1de -> a4f5918e799041ba1f6608f13912eb8b
  custom:scripting/monoscript/fileName/TowerBuild.cs: 3807a8e615ef6a49dfd3f6bc5055a7a9 -> 9ea8b859a681512b782b9b3988d2f5f8
  custom:scripting/monoscript/fileName/Wave.cs: c8b913f1d5cb3bff026a08ce26c83aad -> 6e300e3b5d1a1dd15fa0115918e06e83
  custom:audio-encoder-webm-vorbis: bf7c407c2cedff20999df2af8eb42d56 -> 
  custom:scripting/monoscript/fileName/WaterReflection.cs: f1c57f2ce2c094032b710e8e5eb21bd7 -> 
  custom:scripting/monoscript/fileName/Tile.cs: e6480a408e34695897b31a69fad2b871 -> a94101d916c115d73aff3567a86e16d8
========================================================================
Received Prepare
Caller must complete domain reload
Begin MonoManager ReloadAssembly
- Loaded All Assemblies, in  0.406 seconds
Native extension for WindowsStandalone target not found
Native extension for WebGL target not found
[Package Manager] Server::EnsureServerProcessIsRunning -- launch failed, reason: Unity was launched with the -noUpm command-line argument
[Package Manager] UpmClient::Send -- Unable to send message (not connected to UPM process).
[Package Manager] Cannot connect to Unity Package Manager local server
Mono: successfully reloaded assembly
- Finished resetting the current domain, in  0.845 seconds
Domain Reload Profiling: 1249ms
	BeginReloadAssembly (139ms)
		ExecutionOrderSort (0ms)
		DisableScriptedObjects (4ms)
		BackupInstance (0ms)
		ReleaseScriptingObjects (0ms)
		CreateAndSetChildDomain (28ms)
	RebuildCommonClasses (34ms)
	RebuildNativeTypeToScriptingClass (13ms)
	initialDomainReloadingComplete (28ms)
	LoadAllAssembliesAndSetupDomain (189ms)
		LoadAssemblies (254ms)
		RebuildTransferFunctionScriptingTraits (0ms)
		AnalyzeDomain (13ms)
			TypeCache.Refresh (5ms)
				TypeCache.ScanAssembly (0ms)
			ScanForSourceGeneratedMonoScriptInfo (0ms)
			ResolveRequiredComponents (6ms)
	FinalizeReload (846ms)
		ReleaseScriptCaches (0ms)
		RebuildScriptCaches (0ms)
		SetupLoadedEditorAssemblies (420ms)
			LogAssemblyErrors (0ms)
			InitializePlatformSupportModulesInManaged (8ms)
			SetLoadedEditorAssemblies (3ms)
			RefreshPlugins (0ms)
			BeforeProcessingInitializeOnLoad (60ms)
			ProcessInitializeOnLoadAttributes (321ms)
			ProcessInitializeOnLoadMethodAttributes (20ms)
			AfterProcessingInitializeOnLoad (8ms)
			EditorAssembliesLoaded (0ms)
		ExecutionOrderSort2 (0ms)
		AwakeInstancesAfterBackupRestoration (7ms)
Refreshing native plugins compatible for Editor in 3.41 ms, found 3 plugins.
Preloading 0 native plugins for Editor in 0.00 ms.
Unloading 3128 Unused Serialized files (Serialized files now loaded: 0)
Unloading 14 unused Assets / (28.7 KB). Loaded Objects now: 3674.
Memory consumption went from 130.0 MB to 130.0 MB.
Total: 2.726400 ms (FindLiveObjects: 0.322900 ms CreateObjectMapping: 0.087700 ms MarkObjects: 2.276100 ms  DeleteObjects: 0.038600 ms)

Prepare: number of updated asset objects reloaded= 0
AssetImportParameters requested are different than current active one (requested -> active):
  custom:container-demuxer-ogg: 62fdf1f143b41e24485cea50d1cbac27 -> 
  custom:scripting/monoscript/fileName/GameManager.cs: f6182d712e34e20e3202214886862cdb -> 9933fbcc6190e2a9171c2ec8808a053e
  custom:scripting/monoscript/fileName/Income.cs: 938d875b4ea58c05495f38a939171226 -> 
  custom:video-decoder-ogg-theora: a1e56fd34408186e4bbccfd4996cb3dc -> 
  custom:framework-win-MediaFoundation: 216162199b28c13a410421893ffa2e32 -> 
  custom:scripting/monoscript/fileName/Tower.cs: 0e51d5638e1e2b20f04394d6225c671a -> 16583eaf01662413665c0a8803428cd6
  custom:scripting/monoscript/fileName/MenuFrame.cs: 575edbd0df24363ab161dfcb310542c7 -> 
  custom:CustomObjectIndexerAttribute: 9a22284fe3817be447336de3de66b15e -> 
  custom:scripting/monoscript/fileName/Readme.cs: 5aedf578fb2663036982fb7b05aaf325 -> 
  custom:scripting/monoscript/fileName/Tooltip.cs: b7163f69ad820c51a0cfd3387a68b1d4 -> efb4e7ecf4b2142538150f2477ca1e4e
  custom:container-demuxer-webm: 4f35f7cbe854078d1ac9338744f61a02 -> 
  custom:scripting/monoscript/fileName/GoldMine.cs: bab3e2ee0cdfb32214ea1458d0239fb0 -> 
  custom:container-muxer-webm: aa71ff27fc2769a1b78a27578f13a17b -> 
  custom:scripting/monoscript/fileName/ReadmeEditor.cs: ff7ced1e41c1b99ddf5dfefc88f6bd50 -> 
  custom:video-decoder-webm-vp8: 9c59270c3fd7afecdb556c50c9e8de78 -> 
  custom:SearchIndexIgnoredProperties: e643bd26f0fe6173181afceb89e7c659 -> 
  custom:AudioImporter_EditorPlatform: d09bf68614088b80899f8185d706f6e7 -> 
  custom:scripting/monoscript/fileName/LumberMill.cs: c2d45524fbd0d6e9a670d983de5f81d7 -> 
  custom:scripting/monoscript/fileName/Slime.cs: e872c3a4bc36777cb1cc31d8379690c8 -> 05272bae05f111c6b0609e32e93d89d5
  custom:scripting/monoscript/fileName/Bar.cs: 890822e7dfd0f89892a6fd3ee944f62e -> 71c40e549b4fade8bed144aaff5a79ac
  custom:scripting/monoscript/fileName/TooltipManager.cs: 902a800de15a4facdbc6dbb1be6c1339 -> bc11dd805cb64c1c2f88cd7ae96fba24
  custom:video-encoder-webm-vp8: eb34c28f22e8b96e1ab97ce403110664 -> 
  custom:audio-decoder-ogg-vorbis: bf7c407c2cedff20999df2af8eb42d56 -> 
  custom:scripting/monoscript/fileName/Bullet.cs: 48ff13ede6c310cc0acf4a30e818a1de -> a4f5918e799041ba1f6608f13912eb8b
  custom:scripting/monoscript/fileName/TowerBuild.cs: 3807a8e615ef6a49dfd3f6bc5055a7a9 -> 9ea8b859a681512b782b9b3988d2f5f8
  custom:scripting/monoscript/fileName/Wave.cs: c8b913f1d5cb3bff026a08ce26c83aad -> 6e300e3b5d1a1dd15fa0115918e06e83
  custom:audio-encoder-webm-vorbis: bf7c407c2cedff20999df2af8eb42d56 -> 
  custom:scripting/monoscript/fileName/WaterReflection.cs: f1c57f2ce2c094032b710e8e5eb21bd7 -> 
  custom:scripting/monoscript/fileName/Tile.cs: e6480a408e34695897b31a69fad2b871 -> a94101d916c115d73aff3567a86e16d8
========================================================================
Received Import Request.
  Time since last request: 247.866405 seconds.
  path: Assets/Prefabs/Wall.prefab
  artifactKey: Guid(b3ab60e276eaeb34587e23f3e44e0fb8) Importer(815301076,1909f56bfc062723c751e8b465ee728b)
Start importing Assets/Prefabs/Wall.prefab using Guid(b3ab60e276eaeb34587e23f3e44e0fb8) Importer(815301076,1909f56bfc062723c751e8b465ee728b) [PhysX] Initialized MultithreadedTaskDispatcher with 12 workers.
 -> (artifact id: '8dc0f6d370069d73b7b1192aa23b1987') in 0.002048 seconds
Number of updated asset objects reloaded before import = 0
Number of asset objects unloaded after import = 0
========================================================================
Received Import Request.
  Time since last request: 0.000023 seconds.
  path: Assets/Prefabs/PremiumTower.prefab
  artifactKey: Guid(8542e3db9bff02e4b92f25a033b7ef8e) Importer(815301076,1909f56bfc062723c751e8b465ee728b)
Start importing Assets/Prefabs/PremiumTower.prefab using Guid(8542e3db9bff02e4b92f25a033b7ef8e) Importer(815301076,1909f56bfc062723c751e8b465ee728b) [PhysX] Initialized MultithreadedTaskDispatcher with 12 workers.
 -> (artifact id: '7c58069f4bed3314aa3fd5711084a324') in 0.000343 seconds
Number of updated asset objects reloaded before import = 0
Number of asset objects unloaded after import = 0
========================================================================
Received Import Request.
  Time since last request: 0.000059 seconds.
  path: Assets/Prefabs/ArrowTower.prefab
  artifactKey: Guid(5824a3eb4c50251438fc8288b90d6a00) Importer(815301076,1909f56bfc062723c751e8b465ee728b)
Start importing Assets/Prefabs/ArrowTower.prefab using Guid(5824a3eb4c50251438fc8288b90d6a00) Importer(815301076,1909f56bfc062723c751e8b465ee728b) [PhysX] Initialized MultithreadedTaskDispatcher with 12 workers.
 -> (artifact id: '5ed5835888bc50349431e6082bdf6a06') in 0.000516 seconds
Number of updated asset objects reloaded before import = 0
Number of asset objects unloaded after import = 0
========================================================================
Received Import Request.
  Time since last request: 0.000018 seconds.
  path: Assets/Prefabs/MagicTower.prefab
  artifactKey: Guid(20b1348b4ae7d5742bfd536fd769621d) Importer(815301076,1909f56bfc062723c751e8b465ee728b)
Start importing Assets/Prefabs/MagicTower.prefab using Guid(20b1348b4ae7d5742bfd536fd769621d) Importer(815301076,1909f56bfc062723c751e8b465ee728b) [PhysX] Initialized MultithreadedTaskDispatcher with 12 workers.
 -> (artifact id: '3b9de398107979ee7900291bf775278d') in 0.000316 seconds
Number of updated asset objects reloaded before import = 0
Number of asset objects unloaded after import = 0
========================================================================
Received Import Request.
  Time since last request: 63.122578 seconds.
  path: Assets/Prefabs/PremiumTower.prefab
  artifactKey: Guid(8542e3db9bff02e4b92f25a033b7ef8e) Importer(815301076,1909f56bfc062723c751e8b465ee728b)
Start importing Assets/Prefabs/PremiumTower.prefab using Guid(8542e3db9bff02e4b92f25a033b7ef8e) Importer(815301076,1909f56bfc062723c751e8b465ee728b) [PhysX] Initialized MultithreadedTaskDispatcher with 12 workers.
 -> (artifact id: '9da4437ec38e3af58aa35e58f31031b4') in 0.000515 seconds
Number of updated asset objects reloaded before import = 0
Number of asset objects unloaded after import = 0
========================================================================
Received Import Request.
  Time since last request: 3.179299 seconds.
  path: Assets/Prefabs/MagicTower.prefab
  artifactKey: Guid(20b1348b4ae7d5742bfd536fd769621d) Importer(815301076,1909f56bfc062723c751e8b465ee728b)
Start importing Assets/Prefabs/MagicTower.prefab using Guid(20b1348b4ae7d5742bfd536fd769621d) Importer(815301076,1909f56bfc062723c751e8b465ee728b) [PhysX] Initialized MultithreadedTaskDispatcher with 12 workers.
 -> (artifact id: 'f8a57a18557e31fe19de148a5c483875') in 0.000519 seconds
Number of updated asset objects reloaded before import = 0
Number of asset objects unloaded after import = 0
========================================================================
Received Import Request.
  Time since last request: 0.000014 seconds.
  path: Assets/Prefabs/PremiumTower.prefab
  artifactKey: Guid(8542e3db9bff02e4b92f25a033b7ef8e) Importer(815301076,1909f56bfc062723c751e8b465ee728b)
Start importing Assets/Prefabs/PremiumTower.prefab using Guid(8542e3db9bff02e4b92f25a033b7ef8e) Importer(815301076,1909f56bfc062723c751e8b465ee728b) [PhysX] Initialized MultithreadedTaskDispatcher with 12 workers.
 -> (artifact id: 'f5b4c2190b9ddaf746a958d34b5936d0') in 0.000304 seconds
Number of updated asset objects reloaded before import = 0
Number of asset objects unloaded after import = 0
========================================================================
Received Import Request.
  Time since last request: 3.344058 seconds.
  path: Assets/Prefabs/MagicTower.prefab
  artifactKey: Guid(20b1348b4ae7d5742bfd536fd769621d) Importer(815301076,1909f56bfc062723c751e8b465ee728b)
Start importing Assets/Prefabs/MagicTower.prefab using Guid(20b1348b4ae7d5742bfd536fd769621d) Importer(815301076,1909f56bfc062723c751e8b465ee728b) [PhysX] Initialized MultithreadedTaskDispatcher with 12 workers.
 -> (artifact id: '50b558e6f93d377e4f90dba78a639464') in 0.000486 seconds
Number of updated asset objects reloaded before import = 0
Number of asset objects unloaded after import = 0
========================================================================
Received Import Request.
  Time since last request: 0.000017 seconds.
  path: Assets/Prefabs/PremiumTower.prefab
  artifactKey: Guid(8542e3db9bff02e4b92f25a033b7ef8e) Importer(815301076,1909f56bfc062723c751e8b465ee728b)
Start importing Assets/Prefabs/PremiumTower.prefab using Guid(8542e3db9bff02e4b92f25a033b7ef8e) Importer(815301076,1909f56bfc062723c751e8b465ee728b) [PhysX] Initialized MultithreadedTaskDispatcher with 12 workers.
 -> (artifact id: '65508defdd8c8335a1b4f929c19a97ab') in 0.000367 seconds
Number of updated asset objects reloaded before import = 0
Number of asset objects unloaded after import = 0
========================================================================
Received Prepare
Caller must complete domain reload
Begin MonoManager ReloadAssembly
- Loaded All Assemblies, in  0.386 seconds
Native extension for WindowsStandalone target not found
Native extension for WebGL target not found
[Package Manager] Server::EnsureServerProcessIsRunning -- launch failed, reason: Unity was launched with the -noUpm command-line argument
[Package Manager] UpmClient::Send -- Unable to send message (not connected to UPM process).
[Package Manager] Cannot connect to Unity Package Manager local server
Mono: successfully reloaded assembly
- Finished resetting the current domain, in  0.863 seconds
Domain Reload Profiling: 1247ms
	BeginReloadAssembly (134ms)
		ExecutionOrderSort (0ms)
		DisableScriptedObjects (4ms)
		BackupInstance (0ms)
		ReleaseScriptingObjects (0ms)
		CreateAndSetChildDomain (28ms)
	RebuildCommonClasses (31ms)
	RebuildNativeTypeToScriptingClass (11ms)
	initialDomainReloadingComplete (28ms)
	LoadAllAssembliesAndSetupDomain (179ms)
		LoadAssemblies (240ms)
		RebuildTransferFunctionScriptingTraits (0ms)
		AnalyzeDomain (12ms)
			TypeCache.Refresh (5ms)
				TypeCache.ScanAssembly (0ms)
			ScanForSourceGeneratedMonoScriptInfo (0ms)
			ResolveRequiredComponents (5ms)
	FinalizeReload (864ms)
		ReleaseScriptCaches (0ms)
		RebuildScriptCaches (0ms)
		SetupLoadedEditorAssemblies (411ms)
			LogAssemblyErrors (0ms)
			InitializePlatformSupportModulesInManaged (7ms)
			SetLoadedEditorAssemblies (3ms)
			RefreshPlugins (0ms)
			BeforeProcessingInitializeOnLoad (57ms)
			ProcessInitializeOnLoadAttributes (318ms)
			ProcessInitializeOnLoadMethodAttributes (20ms)
			AfterProcessingInitializeOnLoad (7ms)
			EditorAssembliesLoaded (0ms)
		ExecutionOrderSort2 (0ms)
		AwakeInstancesAfterBackupRestoration (6ms)
Refreshing native plugins compatible for Editor in 2.84 ms, found 3 plugins.
Preloading 0 native plugins for Editor in 0.00 ms.
Unloading 3127 Unused Serialized files (Serialized files now loaded: 0)
Unloading 14 unused Assets / (28.7 KB). Loaded Objects now: 3677.
Memory consumption went from 129.8 MB to 129.7 MB.
Total: 2.781500 ms (FindLiveObjects: 0.349500 ms CreateObjectMapping: 0.092900 ms MarkObjects: 2.293300 ms  DeleteObjects: 0.045200 ms)

Prepare: number of updated asset objects reloaded= 0
AssetImportParameters requested are different than current active one (requested -> active):
  custom:container-demuxer-ogg: 62fdf1f143b41e24485cea50d1cbac27 -> 
  custom:scripting/monoscript/fileName/GameManager.cs: f6182d712e34e20e3202214886862cdb -> 9933fbcc6190e2a9171c2ec8808a053e
  custom:scripting/monoscript/fileName/Income.cs: 938d875b4ea58c05495f38a939171226 -> 
  custom:video-decoder-ogg-theora: a1e56fd34408186e4bbccfd4996cb3dc -> 
  custom:framework-win-MediaFoundation: 216162199b28c13a410421893ffa2e32 -> 
  custom:scripting/monoscript/fileName/Tower.cs: 0e51d5638e1e2b20f04394d6225c671a -> 16583eaf01662413665c0a8803428cd6
  custom:scripting/monoscript/fileName/MenuFrame.cs: 575edbd0df24363ab161dfcb310542c7 -> 
  custom:CustomObjectIndexerAttribute: 9a22284fe3817be447336de3de66b15e -> 
  custom:scripting/monoscript/fileName/Readme.cs: 5aedf578fb2663036982fb7b05aaf325 -> 
  custom:scripting/monoscript/fileName/Tooltip.cs: b7163f69ad820c51a0cfd3387a68b1d4 -> efb4e7ecf4b2142538150f2477ca1e4e
  custom:container-demuxer-webm: 4f35f7cbe854078d1ac9338744f61a02 -> 
  custom:scripting/monoscript/fileName/GoldMine.cs: bab3e2ee0cdfb32214ea1458d0239fb0 -> 
  custom:container-muxer-webm: aa71ff27fc2769a1b78a27578f13a17b -> 
  custom:scripting/monoscript/fileName/ReadmeEditor.cs: ff7ced1e41c1b99ddf5dfefc88f6bd50 -> 
  custom:video-decoder-webm-vp8: 9c59270c3fd7afecdb556c50c9e8de78 -> 
  custom:SearchIndexIgnoredProperties: e643bd26f0fe6173181afceb89e7c659 -> 
  custom:AudioImporter_EditorPlatform: d09bf68614088b80899f8185d706f6e7 -> 
  custom:scripting/monoscript/fileName/LumberMill.cs: c2d45524fbd0d6e9a670d983de5f81d7 -> 
  custom:scripting/monoscript/fileName/Slime.cs: e872c3a4bc36777cb1cc31d8379690c8 -> 05272bae05f111c6b0609e32e93d89d5
  custom:scripting/monoscript/fileName/Bar.cs: 890822e7dfd0f89892a6fd3ee944f62e -> 71c40e549b4fade8bed144aaff5a79ac
  custom:scripting/monoscript/fileName/TooltipManager.cs: 902a800de15a4facdbc6dbb1be6c1339 -> bc11dd805cb64c1c2f88cd7ae96fba24
  custom:video-encoder-webm-vp8: eb34c28f22e8b96e1ab97ce403110664 -> 
  custom:audio-decoder-ogg-vorbis: bf7c407c2cedff20999df2af8eb42d56 -> 
  custom:scripting/monoscript/fileName/Bullet.cs: 48ff13ede6c310cc0acf4a30e818a1de -> a4f5918e799041ba1f6608f13912eb8b
  custom:scripting/monoscript/fileName/TowerBuild.cs: 3807a8e615ef6a49dfd3f6bc5055a7a9 -> 9ea8b859a681512b782b9b3988d2f5f8
  custom:scripting/monoscript/fileName/Wave.cs: c8b913f1d5cb3bff026a08ce26c83aad -> 6e300e3b5d1a1dd15fa0115918e06e83
  custom:audio-encoder-webm-vorbis: bf7c407c2cedff20999df2af8eb42d56 -> 
  custom:scripting/monoscript/fileName/WaterReflection.cs: f1c57f2ce2c094032b710e8e5eb21bd7 -> 
  custom:scripting/monoscript/fileName/Tile.cs: e6480a408e34695897b31a69fad2b871 -> a94101d916c115d73aff3567a86e16d8
========================================================================
Received Prepare
Caller must complete domain reload
Begin MonoManager ReloadAssembly
- Loaded All Assemblies, in  0.411 seconds
Native extension for WindowsStandalone target not found
Native extension for WebGL target not found
[Package Manager] Server::EnsureServerProcessIsRunning -- launch failed, reason: Unity was launched with the -noUpm command-line argument
[Package Manager] UpmClient::Send -- Unable to send message (not connected to UPM process).
[Package Manager] Cannot connect to Unity Package Manager local server
Mono: successfully reloaded assembly
- Finished resetting the current domain, in  0.866 seconds
Domain Reload Profiling: 1275ms
	BeginReloadAssembly (139ms)
		ExecutionOrderSort (0ms)
		DisableScriptedObjects (4ms)
		BackupInstance (0ms)
		ReleaseScriptingObjects (0ms)
		CreateAndSetChildDomain (28ms)
	RebuildCommonClasses (35ms)
	RebuildNativeTypeToScriptingClass (15ms)
	initialDomainReloadingComplete (28ms)
	LoadAllAssembliesAndSetupDomain (191ms)
		LoadAssemblies (246ms)
		RebuildTransferFunctionScriptingTraits (0ms)
		AnalyzeDomain (22ms)
			TypeCache.Refresh (9ms)
				TypeCache.ScanAssembly (1ms)
			ScanForSourceGeneratedMonoScriptInfo (7ms)
			ResolveRequiredComponents (5ms)
	FinalizeReload (867ms)
		ReleaseScriptCaches (0ms)
		RebuildScriptCaches (0ms)
		SetupLoadedEditorAssemblies (413ms)
			LogAssemblyErrors (0ms)
			InitializePlatformSupportModulesInManaged (9ms)
			SetLoadedEditorAssemblies (3ms)
			RefreshPlugins (0ms)
			BeforeProcessingInitializeOnLoad (63ms)
			ProcessInitializeOnLoadAttributes (310ms)
			ProcessInitializeOnLoadMethodAttributes (19ms)
			AfterProcessingInitializeOnLoad (10ms)
			EditorAssembliesLoaded (0ms)
		ExecutionOrderSort2 (0ms)
		AwakeInstancesAfterBackupRestoration (7ms)
Refreshing native plugins compatible for Editor in 2.86 ms, found 3 plugins.
Preloading 0 native plugins for Editor in 0.00 ms.
Unloading 3128 Unused Serialized files (Serialized files now loaded: 0)
Unloading 14 unused Assets / (28.6 KB). Loaded Objects now: 3680.
Memory consumption went from 130.0 MB to 130.0 MB.
Total: 2.726900 ms (FindLiveObjects: 0.286300 ms CreateObjectMapping: 0.089000 ms MarkObjects: 2.304600 ms  DeleteObjects: 0.046200 ms)

Prepare: number of updated asset objects reloaded= 0
AssetImportParameters requested are different than current active one (requested -> active):
  custom:container-demuxer-ogg: 62fdf1f143b41e24485cea50d1cbac27 -> 
  custom:scripting/monoscript/fileName/GameManager.cs: f6182d712e34e20e3202214886862cdb -> 9933fbcc6190e2a9171c2ec8808a053e
  custom:scripting/monoscript/fileName/Income.cs: 938d875b4ea58c05495f38a939171226 -> 
  custom:video-decoder-ogg-theora: a1e56fd34408186e4bbccfd4996cb3dc -> 
  custom:framework-win-MediaFoundation: 216162199b28c13a410421893ffa2e32 -> 
  custom:scripting/monoscript/fileName/Tower.cs: 0e51d5638e1e2b20f04394d6225c671a -> 16583eaf01662413665c0a8803428cd6
  custom:scripting/monoscript/fileName/MenuFrame.cs: 575edbd0df24363ab161dfcb310542c7 -> 
  custom:CustomObjectIndexerAttribute: 9a22284fe3817be447336de3de66b15e -> 
  custom:scripting/monoscript/fileName/Readme.cs: 5aedf578fb2663036982fb7b05aaf325 -> 
  custom:scripting/monoscript/fileName/Tooltip.cs: b7163f69ad820c51a0cfd3387a68b1d4 -> efb4e7ecf4b2142538150f2477ca1e4e
  custom:container-demuxer-webm: 4f35f7cbe854078d1ac9338744f61a02 -> 
  custom:scripting/monoscript/fileName/GoldMine.cs: bab3e2ee0cdfb32214ea1458d0239fb0 -> 
  custom:container-muxer-webm: aa71ff27fc2769a1b78a27578f13a17b -> 
  custom:scripting/monoscript/fileName/ReadmeEditor.cs: ff7ced1e41c1b99ddf5dfefc88f6bd50 -> 
  custom:video-decoder-webm-vp8: 9c59270c3fd7afecdb556c50c9e8de78 -> 
  custom:SearchIndexIgnoredProperties: e643bd26f0fe6173181afceb89e7c659 -> 
  custom:AudioImporter_EditorPlatform: d09bf68614088b80899f8185d706f6e7 -> 
  custom:scripting/monoscript/fileName/LumberMill.cs: c2d45524fbd0d6e9a670d983de5f81d7 -> 
  custom:scripting/monoscript/fileName/Slime.cs: e872c3a4bc36777cb1cc31d8379690c8 -> 05272bae05f111c6b0609e32e93d89d5
  custom:scripting/monoscript/fileName/Bar.cs: 890822e7dfd0f89892a6fd3ee944f62e -> 71c40e549b4fade8bed144aaff5a79ac
  custom:scripting/monoscript/fileName/TooltipManager.cs: 902a800de15a4facdbc6dbb1be6c1339 -> bc11dd805cb64c1c2f88cd7ae96fba24
  custom:video-encoder-webm-vp8: eb34c28f22e8b96e1ab97ce403110664 -> 
  custom:audio-decoder-ogg-vorbis: bf7c407c2cedff20999df2af8eb42d56 -> 
  custom:scripting/monoscript/fileName/Bullet.cs: 48ff13ede6c310cc0acf4a30e818a1de -> a4f5918e799041ba1f6608f13912eb8b
  custom:scripting/monoscript/fileName/TowerBuild.cs: 3807a8e615ef6a49dfd3f6bc5055a7a9 -> 9ea8b859a681512b782b9b3988d2f5f8
  custom:scripting/monoscript/fileName/Wave.cs: c8b913f1d5cb3bff026a08ce26c83aad -> 6e300e3b5d1a1dd15fa0115918e06e83
  custom:audio-encoder-webm-vorbis: bf7c407c2cedff20999df2af8eb42d56 -> 
  custom:scripting/monoscript/fileName/WaterReflection.cs: f1c57f2ce2c094032b710e8e5eb21bd7 -> 
  custom:scripting/monoscript/fileName/Tile.cs: e6480a408e34695897b31a69fad2b871 -> a94101d916c115d73aff3567a86e16d8
========================================================================
Received Prepare
Caller must complete domain reload
Begin MonoManager ReloadAssembly
- Loaded All Assemblies, in  0.411 seconds
Native extension for WindowsStandalone target not found
Native extension for WebGL target not found
[Package Manager] Server::EnsureServerProcessIsRunning -- launch failed, reason: Unity was launched with the -noUpm command-line argument
[Package Manager] UpmClient::Send -- Unable to send message (not connected to UPM process).
[Package Manager] Cannot connect to Unity Package Manager local server
Mono: successfully reloaded assembly
- Finished resetting the current domain, in  0.915 seconds
Domain Reload Profiling: 1324ms
	BeginReloadAssembly (136ms)
		ExecutionOrderSort (0ms)
		DisableScriptedObjects (4ms)
		BackupInstance (0ms)
		ReleaseScriptingObjects (0ms)
		CreateAndSetChildDomain (27ms)
	RebuildCommonClasses (38ms)
	RebuildNativeTypeToScriptingClass (11ms)
	initialDomainReloadingComplete (29ms)
	LoadAllAssembliesAndSetupDomain (195ms)
		LoadAssemblies (257ms)
		RebuildTransferFunctionScriptingTraits (0ms)
		AnalyzeDomain (13ms)
			TypeCache.Refresh (6ms)
				TypeCache.ScanAssembly (0ms)
			ScanForSourceGeneratedMonoScriptInfo (0ms)
			ResolveRequiredComponents (5ms)
	FinalizeReload (916ms)
		ReleaseScriptCaches (0ms)
		RebuildScriptCaches (0ms)
		SetupLoadedEditorAssemblies (457ms)
			LogAssemblyErrors (0ms)
			InitializePlatformSupportModulesInManaged (8ms)
			SetLoadedEditorAssemblies (3ms)
			RefreshPlugins (0ms)
			BeforeProcessingInitializeOnLoad (63ms)
			ProcessInitializeOnLoadAttributes (351ms)
			ProcessInitializeOnLoadMethodAttributes (21ms)
			AfterProcessingInitializeOnLoad (9ms)
			EditorAssembliesLoaded (0ms)
		ExecutionOrderSort2 (0ms)
		AwakeInstancesAfterBackupRestoration (6ms)
Refreshing native plugins compatible for Editor in 4.10 ms, found 3 plugins.
Preloading 0 native plugins for Editor in 0.00 ms.
Unloading 3128 Unused Serialized files (Serialized files now loaded: 0)
Unloading 14 unused Assets / (28.7 KB). Loaded Objects now: 3683.
Memory consumption went from 130.0 MB to 130.0 MB.
Total: 3.045500 ms (FindLiveObjects: 0.344200 ms CreateObjectMapping: 0.105300 ms MarkObjects: 2.538500 ms  DeleteObjects: 0.056200 ms)

Prepare: number of updated asset objects reloaded= 0
AssetImportParameters requested are different than current active one (requested -> active):
  custom:container-demuxer-ogg: 62fdf1f143b41e24485cea50d1cbac27 -> 
  custom:scripting/monoscript/fileName/GameManager.cs: f6182d712e34e20e3202214886862cdb -> 9933fbcc6190e2a9171c2ec8808a053e
  custom:scripting/monoscript/fileName/Income.cs: 938d875b4ea58c05495f38a939171226 -> 
  custom:video-decoder-ogg-theora: a1e56fd34408186e4bbccfd4996cb3dc -> 
  custom:framework-win-MediaFoundation: 216162199b28c13a410421893ffa2e32 -> 
  custom:scripting/monoscript/fileName/Tower.cs: 0e51d5638e1e2b20f04394d6225c671a -> 16583eaf01662413665c0a8803428cd6
  custom:scripting/monoscript/fileName/MenuFrame.cs: 575edbd0df24363ab161dfcb310542c7 -> 
  custom:CustomObjectIndexerAttribute: 9a22284fe3817be447336de3de66b15e -> 
  custom:scripting/monoscript/fileName/Readme.cs: 5aedf578fb2663036982fb7b05aaf325 -> 
  custom:scripting/monoscript/fileName/Tooltip.cs: b7163f69ad820c51a0cfd3387a68b1d4 -> efb4e7ecf4b2142538150f2477ca1e4e
  custom:container-demuxer-webm: 4f35f7cbe854078d1ac9338744f61a02 -> 
  custom:scripting/monoscript/fileName/GoldMine.cs: bab3e2ee0cdfb32214ea1458d0239fb0 -> 
  custom:container-muxer-webm: aa71ff27fc2769a1b78a27578f13a17b -> 
  custom:scripting/monoscript/fileName/ReadmeEditor.cs: ff7ced1e41c1b99ddf5dfefc88f6bd50 -> 
  custom:video-decoder-webm-vp8: 9c59270c3fd7afecdb556c50c9e8de78 -> 
  custom:SearchIndexIgnoredProperties: e643bd26f0fe6173181afceb89e7c659 -> 
  custom:AudioImporter_EditorPlatform: d09bf68614088b80899f8185d706f6e7 -> 
  custom:scripting/monoscript/fileName/LumberMill.cs: c2d45524fbd0d6e9a670d983de5f81d7 -> 
  custom:scripting/monoscript/fileName/Slime.cs: e872c3a4bc36777cb1cc31d8379690c8 -> 05272bae05f111c6b0609e32e93d89d5
  custom:scripting/monoscript/fileName/Bar.cs: 890822e7dfd0f89892a6fd3ee944f62e -> 71c40e549b4fade8bed144aaff5a79ac
  custom:scripting/monoscript/fileName/TooltipManager.cs: 902a800de15a4facdbc6dbb1be6c1339 -> bc11dd805cb64c1c2f88cd7ae96fba24
  custom:video-encoder-webm-vp8: eb34c28f22e8b96e1ab97ce403110664 -> 
  custom:audio-decoder-ogg-vorbis: bf7c407c2cedff20999df2af8eb42d56 -> 
  custom:scripting/monoscript/fileName/Bullet.cs: 48ff13ede6c310cc0acf4a30e818a1de -> a4f5918e799041ba1f6608f13912eb8b
  custom:scripting/monoscript/fileName/TowerBuild.cs: 3807a8e615ef6a49dfd3f6bc5055a7a9 -> 9ea8b859a681512b782b9b3988d2f5f8
  custom:scripting/monoscript/fileName/Wave.cs: c8b913f1d5cb3bff026a08ce26c83aad -> 6e300e3b5d1a1dd15fa0115918e06e83
  custom:audio-encoder-webm-vorbis: bf7c407c2cedff20999df2af8eb42d56 -> 
  custom:scripting/monoscript/fileName/WaterReflection.cs: f1c57f2ce2c094032b710e8e5eb21bd7 -> 
  custom:scripting/monoscript/fileName/Tile.cs: e6480a408e34695897b31a69fad2b871 -> a94101d916c115d73aff3567a86e16d8
========================================================================
Received Prepare
Caller must complete domain reload
Begin MonoManager ReloadAssembly
- Loaded All Assemblies, in  0.425 seconds
Native extension for WindowsStandalone target not found
Native extension for WebGL target not found
[Package Manager] Server::EnsureServerProcessIsRunning -- launch failed, reason: Unity was launched with the -noUpm command-line argument
[Package Manager] UpmClient::Send -- Unable to send message (not connected to UPM process).
[Package Manager] Cannot connect to Unity Package Manager local server
Mono: successfully reloaded assembly
- Finished resetting the current domain, in  0.900 seconds
Domain Reload Profiling: 1323ms
	BeginReloadAssembly (149ms)
		ExecutionOrderSort (0ms)
		DisableScriptedObjects (4ms)
		BackupInstance (0ms)
		ReleaseScriptingObjects (0ms)
		CreateAndSetChildDomain (31ms)
	RebuildCommonClasses (32ms)
	RebuildNativeTypeToScriptingClass (11ms)
	initialDomainReloadingComplete (28ms)
	LoadAllAssembliesAndSetupDomain (202ms)
		LoadAssemblies (261ms)
		RebuildTransferFunctionScriptingTraits (0ms)
		AnalyzeDomain (22ms)
			TypeCache.Refresh (8ms)
				TypeCache.ScanAssembly (1ms)
			ScanForSourceGeneratedMonoScriptInfo (7ms)
			ResolveRequiredComponents (5ms)
	FinalizeReload (901ms)
		ReleaseScriptCaches (0ms)
		RebuildScriptCaches (0ms)
		SetupLoadedEditorAssemblies (444ms)
			LogAssemblyErrors (0ms)
			InitializePlatformSupportModulesInManaged (9ms)
			SetLoadedEditorAssemblies (3ms)
			RefreshPlugins (0ms)
			BeforeProcessingInitializeOnLoad (63ms)
			ProcessInitializeOnLoadAttributes (342ms)
			ProcessInitializeOnLoadMethodAttributes (19ms)
			AfterProcessingInitializeOnLoad (9ms)
			EditorAssembliesLoaded (0ms)
		ExecutionOrderSort2 (0ms)
		AwakeInstancesAfterBackupRestoration (6ms)
Refreshing native plugins compatible for Editor in 3.23 ms, found 3 plugins.
Preloading 0 native plugins for Editor in 0.00 ms.
Unloading 3128 Unused Serialized files (Serialized files now loaded: 0)
Unloading 14 unused Assets / (28.7 KB). Loaded Objects now: 3686.
Memory consumption went from 130.0 MB to 130.0 MB.
Total: 2.765600 ms (FindLiveObjects: 0.322200 ms CreateObjectMapping: 0.189600 ms MarkObjects: 2.212200 ms  DeleteObjects: 0.040300 ms)

Prepare: number of updated asset objects reloaded= 0
AssetImportParameters requested are different than current active one (requested -> active):
  custom:container-demuxer-ogg: 62fdf1f143b41e24485cea50d1cbac27 -> 
  custom:scripting/monoscript/fileName/GameManager.cs: f6182d712e34e20e3202214886862cdb -> 9933fbcc6190e2a9171c2ec8808a053e
  custom:scripting/monoscript/fileName/Income.cs: 938d875b4ea58c05495f38a939171226 -> 
  custom:video-decoder-ogg-theora: a1e56fd34408186e4bbccfd4996cb3dc -> 
  custom:framework-win-MediaFoundation: 216162199b28c13a410421893ffa2e32 -> 
  custom:scripting/monoscript/fileName/Tower.cs: 0e51d5638e1e2b20f04394d6225c671a -> 16583eaf01662413665c0a8803428cd6
  custom:scripting/monoscript/fileName/MenuFrame.cs: 575edbd0df24363ab161dfcb310542c7 -> 
  custom:CustomObjectIndexerAttribute: 9a22284fe3817be447336de3de66b15e -> 
  custom:scripting/monoscript/fileName/Readme.cs: 5aedf578fb2663036982fb7b05aaf325 -> 
  custom:scripting/monoscript/fileName/Tooltip.cs: b7163f69ad820c51a0cfd3387a68b1d4 -> efb4e7ecf4b2142538150f2477ca1e4e
  custom:container-demuxer-webm: 4f35f7cbe854078d1ac9338744f61a02 -> 
  custom:scripting/monoscript/fileName/GoldMine.cs: bab3e2ee0cdfb32214ea1458d0239fb0 -> 
  custom:container-muxer-webm: aa71ff27fc2769a1b78a27578f13a17b -> 
  custom:scripting/monoscript/fileName/ReadmeEditor.cs: ff7ced1e41c1b99ddf5dfefc88f6bd50 -> 
  custom:video-decoder-webm-vp8: 9c59270c3fd7afecdb556c50c9e8de78 -> 
  custom:SearchIndexIgnoredProperties: e643bd26f0fe6173181afceb89e7c659 -> 
  custom:AudioImporter_EditorPlatform: d09bf68614088b80899f8185d706f6e7 -> 
  custom:scripting/monoscript/fileName/LumberMill.cs: c2d45524fbd0d6e9a670d983de5f81d7 -> 
  custom:scripting/monoscript/fileName/Slime.cs: e872c3a4bc36777cb1cc31d8379690c8 -> 05272bae05f111c6b0609e32e93d89d5
  custom:scripting/monoscript/fileName/Bar.cs: 890822e7dfd0f89892a6fd3ee944f62e -> 71c40e549b4fade8bed144aaff5a79ac
  custom:scripting/monoscript/fileName/TooltipManager.cs: 902a800de15a4facdbc6dbb1be6c1339 -> bc11dd805cb64c1c2f88cd7ae96fba24
  custom:video-encoder-webm-vp8: eb34c28f22e8b96e1ab97ce403110664 -> 
  custom:audio-decoder-ogg-vorbis: bf7c407c2cedff20999df2af8eb42d56 -> 
  custom:scripting/monoscript/fileName/Bullet.cs: 48ff13ede6c310cc0acf4a30e818a1de -> a4f5918e799041ba1f6608f13912eb8b
  custom:scripting/monoscript/fileName/TowerBuild.cs: 3807a8e615ef6a49dfd3f6bc5055a7a9 -> 9ea8b859a681512b782b9b3988d2f5f8
  custom:scripting/monoscript/fileName/Wave.cs: c8b913f1d5cb3bff026a08ce26c83aad -> 6e300e3b5d1a1dd15fa0115918e06e83
  custom:audio-encoder-webm-vorbis: bf7c407c2cedff20999df2af8eb42d56 -> 
  custom:scripting/monoscript/fileName/WaterReflection.cs: f1c57f2ce2c094032b710e8e5eb21bd7 -> 
  custom:scripting/monoscript/fileName/Tile.cs: e6480a408e34695897b31a69fad2b871 -> a94101d916c115d73aff3567a86e16d8
========================================================================
Received Prepare
Caller must complete domain reload
Begin MonoManager ReloadAssembly
- Loaded All Assemblies, in  0.394 seconds
Native extension for WindowsStandalone target not found
Native extension for WebGL target not found
[Package Manager] Server::EnsureServerProcessIsRunning -- launch failed, reason: Unity was launched with the -noUpm command-line argument
[Package Manager] UpmClient::Send -- Unable to send message (not connected to UPM process).
[Package Manager] Cannot connect to Unity Package Manager local server
Mono: successfully reloaded assembly
- Finished resetting the current domain, in  0.915 seconds
Domain Reload Profiling: 1307ms
	BeginReloadAssembly (139ms)
		ExecutionOrderSort (0ms)
		DisableScriptedObjects (4ms)
		BackupInstance (0ms)
		ReleaseScriptingObjects (0ms)
		CreateAndSetChildDomain (28ms)
	RebuildCommonClasses (32ms)
	RebuildNativeTypeToScriptingClass (11ms)
	initialDomainReloadingComplete (27ms)
	LoadAllAssembliesAndSetupDomain (182ms)
		LoadAssemblies (246ms)
		RebuildTransferFunctionScriptingTraits (0ms)
		AnalyzeDomain (14ms)
			TypeCache.Refresh (5ms)
				TypeCache.ScanAssembly (0ms)
			ScanForSourceGeneratedMonoScriptInfo (0ms)
			ResolveRequiredComponents (6ms)
	FinalizeReload (916ms)
		ReleaseScriptCaches (0ms)
		RebuildScriptCaches (0ms)
		SetupLoadedEditorAssemblies (462ms)
			LogAssemblyErrors (0ms)
			InitializePlatformSupportModulesInManaged (8ms)
			SetLoadedEditorAssemblies (3ms)
			RefreshPlugins (0ms)
			BeforeProcessingInitializeOnLoad (65ms)
			ProcessInitializeOnLoadAttributes (355ms)
			ProcessInitializeOnLoadMethodAttributes (22ms)
			AfterProcessingInitializeOnLoad (9ms)
			EditorAssembliesLoaded (0ms)
		ExecutionOrderSort2 (0ms)
		AwakeInstancesAfterBackupRestoration (7ms)
Refreshing native plugins compatible for Editor in 3.72 ms, found 3 plugins.
Preloading 0 native plugins for Editor in 0.00 ms.
Unloading 3128 Unused Serialized files (Serialized files now loaded: 0)
Unloading 14 unused Assets / (28.6 KB). Loaded Objects now: 3689.
Memory consumption went from 130.0 MB to 130.0 MB.
Total: 3.034500 ms (FindLiveObjects: 0.329200 ms CreateObjectMapping: 0.094800 ms MarkObjects: 2.562700 ms  DeleteObjects: 0.047000 ms)

Prepare: number of updated asset objects reloaded= 0
AssetImportParameters requested are different than current active one (requested -> active):
  custom:container-demuxer-ogg: 62fdf1f143b41e24485cea50d1cbac27 -> 
  custom:scripting/monoscript/fileName/GameManager.cs: f6182d712e34e20e3202214886862cdb -> 9933fbcc6190e2a9171c2ec8808a053e
  custom:scripting/monoscript/fileName/Income.cs: 938d875b4ea58c05495f38a939171226 -> 
  custom:video-decoder-ogg-theora: a1e56fd34408186e4bbccfd4996cb3dc -> 
  custom:framework-win-MediaFoundation: 216162199b28c13a410421893ffa2e32 -> 
  custom:scripting/monoscript/fileName/Tower.cs: 0e51d5638e1e2b20f04394d6225c671a -> 16583eaf01662413665c0a8803428cd6
  custom:scripting/monoscript/fileName/MenuFrame.cs: 575edbd0df24363ab161dfcb310542c7 -> 
  custom:CustomObjectIndexerAttribute: 9a22284fe3817be447336de3de66b15e -> 
  custom:scripting/monoscript/fileName/Readme.cs: 5aedf578fb2663036982fb7b05aaf325 -> 
  custom:scripting/monoscript/fileName/Tooltip.cs: b7163f69ad820c51a0cfd3387a68b1d4 -> efb4e7ecf4b2142538150f2477ca1e4e
  custom:container-demuxer-webm: 4f35f7cbe854078d1ac9338744f61a02 -> 
  custom:scripting/monoscript/fileName/GoldMine.cs: bab3e2ee0cdfb32214ea1458d0239fb0 -> 
  custom:container-muxer-webm: aa71ff27fc2769a1b78a27578f13a17b -> 
  custom:scripting/monoscript/fileName/ReadmeEditor.cs: ff7ced1e41c1b99ddf5dfefc88f6bd50 -> 
  custom:video-decoder-webm-vp8: 9c59270c3fd7afecdb556c50c9e8de78 -> 
  custom:SearchIndexIgnoredProperties: e643bd26f0fe6173181afceb89e7c659 -> 
  custom:AudioImporter_EditorPlatform: d09bf68614088b80899f8185d706f6e7 -> 
  custom:scripting/monoscript/fileName/LumberMill.cs: c2d45524fbd0d6e9a670d983de5f81d7 -> 
  custom:scripting/monoscript/fileName/Slime.cs: e872c3a4bc36777cb1cc31d8379690c8 -> 05272bae05f111c6b0609e32e93d89d5
  custom:scripting/monoscript/fileName/Bar.cs: 890822e7dfd0f89892a6fd3ee944f62e -> 71c40e549b4fade8bed144aaff5a79ac
  custom:scripting/monoscript/fileName/TooltipManager.cs: 902a800de15a4facdbc6dbb1be6c1339 -> bc11dd805cb64c1c2f88cd7ae96fba24
  custom:video-encoder-webm-vp8: eb34c28f22e8b96e1ab97ce403110664 -> 
  custom:audio-decoder-ogg-vorbis: bf7c407c2cedff20999df2af8eb42d56 -> 
  custom:scripting/monoscript/fileName/Bullet.cs: 48ff13ede6c310cc0acf4a30e818a1de -> a4f5918e799041ba1f6608f13912eb8b
  custom:scripting/monoscript/fileName/TowerBuild.cs: 3807a8e615ef6a49dfd3f6bc5055a7a9 -> 9ea8b859a681512b782b9b3988d2f5f8
  custom:scripting/monoscript/fileName/Wave.cs: c8b913f1d5cb3bff026a08ce26c83aad -> 6e300e3b5d1a1dd15fa0115918e06e83
  custom:audio-encoder-webm-vorbis: bf7c407c2cedff20999df2af8eb42d56 -> 
  custom:scripting/monoscript/fileName/WaterReflection.cs: f1c57f2ce2c094032b710e8e5eb21bd7 -> 
  custom:scripting/monoscript/fileName/Tile.cs: e6480a408e34695897b31a69fad2b871 -> a94101d916c115d73aff3567a86e16d8
========================================================================
Received Prepare
Caller must complete domain reload
Begin MonoManager ReloadAssembly
- Loaded All Assemblies, in  0.454 seconds
Native extension for WindowsStandalone target not found
Native extension for WebGL target not found
[Package Manager] Server::EnsureServerProcessIsRunning -- launch failed, reason: Unity was launched with the -noUpm command-line argument
[Package Manager] UpmClient::Send -- Unable to send message (not connected to UPM process).
[Package Manager] Cannot connect to Unity Package Manager local server
Mono: successfully reloaded assembly
- Finished resetting the current domain, in  0.847 seconds
Domain Reload Profiling: 1300ms
	BeginReloadAssembly (141ms)
		ExecutionOrderSort (0ms)
		DisableScriptedObjects (4ms)
		BackupInstance (0ms)
		ReleaseScriptingObjects (0ms)
		CreateAndSetChildDomain (25ms)
	RebuildCommonClasses (32ms)
	RebuildNativeTypeToScriptingClass (11ms)
	initialDomainReloadingComplete (30ms)
	LoadAllAssembliesAndSetupDomain (237ms)
		LoadAssemblies (297ms)
		RebuildTransferFunctionScriptingTraits (0ms)
		AnalyzeDomain (23ms)
			TypeCache.Refresh (9ms)
				TypeCache.ScanAssembly (1ms)
			ScanForSourceGeneratedMonoScriptInfo (6ms)
			ResolveRequiredComponents (5ms)
	FinalizeReload (848ms)
		ReleaseScriptCaches (0ms)
		RebuildScriptCaches (0ms)
		SetupLoadedEditorAssemblies (403ms)
			LogAssemblyErrors (0ms)
			InitializePlatformSupportModulesInManaged (7ms)
			SetLoadedEditorAssemblies (3ms)
			RefreshPlugins (0ms)
			BeforeProcessingInitializeOnLoad (54ms)
			ProcessInitializeOnLoadAttributes (294ms)
			ProcessInitializeOnLoadMethodAttributes (21ms)
			AfterProcessingInitializeOnLoad (24ms)
			EditorAssembliesLoaded (0ms)
		ExecutionOrderSort2 (0ms)
		AwakeInstancesAfterBackupRestoration (9ms)
Refreshing native plugins compatible for Editor in 2.98 ms, found 3 plugins.
Preloading 0 native plugins for Editor in 0.00 ms.
Unloading 3128 Unused Serialized files (Serialized files now loaded: 0)
Unloading 14 unused Assets / (28.7 KB). Loaded Objects now: 3692.
Memory consumption went from 130.0 MB to 130.0 MB.
Total: 2.714200 ms (FindLiveObjects: 0.332600 ms CreateObjectMapping: 0.106500 ms MarkObjects: 2.236500 ms  DeleteObjects: 0.037400 ms)

Prepare: number of updated asset objects reloaded= 0
AssetImportParameters requested are different than current active one (requested -> active):
  custom:container-demuxer-ogg: 62fdf1f143b41e24485cea50d1cbac27 -> 
  custom:scripting/monoscript/fileName/GameManager.cs: f6182d712e34e20e3202214886862cdb -> 9933fbcc6190e2a9171c2ec8808a053e
  custom:scripting/monoscript/fileName/Income.cs: 938d875b4ea58c05495f38a939171226 -> 
  custom:video-decoder-ogg-theora: a1e56fd34408186e4bbccfd4996cb3dc -> 
  custom:framework-win-MediaFoundation: 216162199b28c13a410421893ffa2e32 -> 
  custom:scripting/monoscript/fileName/Tower.cs: 0e51d5638e1e2b20f04394d6225c671a -> 16583eaf01662413665c0a8803428cd6
  custom:scripting/monoscript/fileName/MenuFrame.cs: 575edbd0df24363ab161dfcb310542c7 -> 
  custom:CustomObjectIndexerAttribute: 9a22284fe3817be447336de3de66b15e -> 
  custom:scripting/monoscript/fileName/Readme.cs: 5aedf578fb2663036982fb7b05aaf325 -> 
  custom:scripting/monoscript/fileName/Tooltip.cs: b7163f69ad820c51a0cfd3387a68b1d4 -> efb4e7ecf4b2142538150f2477ca1e4e
  custom:container-demuxer-webm: 4f35f7cbe854078d1ac9338744f61a02 -> 
  custom:scripting/monoscript/fileName/GoldMine.cs: bab3e2ee0cdfb32214ea1458d0239fb0 -> 
  custom:container-muxer-webm: aa71ff27fc2769a1b78a27578f13a17b -> 
  custom:scripting/monoscript/fileName/ReadmeEditor.cs: ff7ced1e41c1b99ddf5dfefc88f6bd50 -> 
  custom:video-decoder-webm-vp8: 9c59270c3fd7afecdb556c50c9e8de78 -> 
  custom:SearchIndexIgnoredProperties: e643bd26f0fe6173181afceb89e7c659 -> 
  custom:AudioImporter_EditorPlatform: d09bf68614088b80899f8185d706f6e7 -> 
  custom:scripting/monoscript/fileName/LumberMill.cs: c2d45524fbd0d6e9a670d983de5f81d7 -> 
  custom:scripting/monoscript/fileName/Slime.cs: e872c3a4bc36777cb1cc31d8379690c8 -> 05272bae05f111c6b0609e32e93d89d5
  custom:scripting/monoscript/fileName/Bar.cs: 890822e7dfd0f89892a6fd3ee944f62e -> 71c40e549b4fade8bed144aaff5a79ac
  custom:scripting/monoscript/fileName/TooltipManager.cs: 902a800de15a4facdbc6dbb1be6c1339 -> bc11dd805cb64c1c2f88cd7ae96fba24
  custom:video-encoder-webm-vp8: eb34c28f22e8b96e1ab97ce403110664 -> 
  custom:audio-decoder-ogg-vorbis: bf7c407c2cedff20999df2af8eb42d56 -> 
  custom:scripting/monoscript/fileName/Bullet.cs: 48ff13ede6c310cc0acf4a30e818a1de -> a4f5918e799041ba1f6608f13912eb8b
  custom:scripting/monoscript/fileName/TowerBuild.cs: 3807a8e615ef6a49dfd3f6bc5055a7a9 -> 9ea8b859a681512b782b9b3988d2f5f8
  custom:scripting/monoscript/fileName/Wave.cs: c8b913f1d5cb3bff026a08ce26c83aad -> 6e300e3b5d1a1dd15fa0115918e06e83
  custom:audio-encoder-webm-vorbis: bf7c407c2cedff20999df2af8eb42d56 -> 
  custom:scripting/monoscript/fileName/WaterReflection.cs: f1c57f2ce2c094032b710e8e5eb21bd7 -> 
  custom:scripting/monoscript/fileName/Tile.cs: e6480a408e34695897b31a69fad2b871 -> a94101d916c115d73aff3567a86e16d8
========================================================================
Received Prepare
Caller must complete domain reload
Begin MonoManager ReloadAssembly
- Loaded All Assemblies, in  0.409 seconds
Native extension for WindowsStandalone target not found
Native extension for WebGL target not found
[Package Manager] Server::EnsureServerProcessIsRunning -- launch failed, reason: Unity was launched with the -noUpm command-line argument
[Package Manager] UpmClient::Send -- Unable to send message (not connected to UPM process).
[Package Manager] Cannot connect to Unity Package Manager local server
Mono: successfully reloaded assembly
- Finished resetting the current domain, in  0.885 seconds
Domain Reload Profiling: 1291ms
	BeginReloadAssembly (141ms)
		ExecutionOrderSort (0ms)
		DisableScriptedObjects (4ms)
		BackupInstance (0ms)
		ReleaseScriptingObjects (0ms)
		CreateAndSetChildDomain (30ms)
	RebuildCommonClasses (32ms)
	RebuildNativeTypeToScriptingClass (14ms)
	initialDomainReloadingComplete (30ms)
	LoadAllAssembliesAndSetupDomain (189ms)
		LoadAssemblies (253ms)
		RebuildTransferFunctionScriptingTraits (0ms)
		AnalyzeDomain (13ms)
			TypeCache.Refresh (5ms)
				TypeCache.ScanAssembly (0ms)
			ScanForSourceGeneratedMonoScriptInfo (0ms)
			ResolveRequiredComponents (6ms)
	FinalizeReload (886ms)
		ReleaseScriptCaches (0ms)
		RebuildScriptCaches (0ms)
		SetupLoadedEditorAssemblies (449ms)
			LogAssemblyErrors (0ms)
			InitializePlatformSupportModulesInManaged (8ms)
			SetLoadedEditorAssemblies (3ms)
			RefreshPlugins (0ms)
			BeforeProcessingInitializeOnLoad (63ms)
			ProcessInitializeOnLoadAttributes (345ms)
			ProcessInitializeOnLoadMethodAttributes (22ms)
			AfterProcessingInitializeOnLoad (9ms)
			EditorAssembliesLoaded (0ms)
		ExecutionOrderSort2 (0ms)
		AwakeInstancesAfterBackupRestoration (7ms)
Refreshing native plugins compatible for Editor in 3.72 ms, found 3 plugins.
Preloading 0 native plugins for Editor in 0.00 ms.
Unloading 3128 Unused Serialized files (Serialized files now loaded: 0)
Unloading 14 unused Assets / (28.7 KB). Loaded Objects now: 3695.
Memory consumption went from 130.0 MB to 130.0 MB.
Total: 2.728700 ms (FindLiveObjects: 0.305000 ms CreateObjectMapping: 0.075900 ms MarkObjects: 2.307500 ms  DeleteObjects: 0.039500 ms)

Prepare: number of updated asset objects reloaded= 0
AssetImportParameters requested are different than current active one (requested -> active):
  custom:container-demuxer-ogg: 62fdf1f143b41e24485cea50d1cbac27 -> 
  custom:scripting/monoscript/fileName/GameManager.cs: f6182d712e34e20e3202214886862cdb -> 9933fbcc6190e2a9171c2ec8808a053e
  custom:scripting/monoscript/fileName/Income.cs: 938d875b4ea58c05495f38a939171226 -> 
  custom:video-decoder-ogg-theora: a1e56fd34408186e4bbccfd4996cb3dc -> 
  custom:framework-win-MediaFoundation: 216162199b28c13a410421893ffa2e32 -> 
  custom:scripting/monoscript/fileName/Tower.cs: 0e51d5638e1e2b20f04394d6225c671a -> 16583eaf01662413665c0a8803428cd6
  custom:scripting/monoscript/fileName/MenuFrame.cs: 575edbd0df24363ab161dfcb310542c7 -> 
  custom:CustomObjectIndexerAttribute: 9a22284fe3817be447336de3de66b15e -> 
  custom:scripting/monoscript/fileName/Readme.cs: 5aedf578fb2663036982fb7b05aaf325 -> 
  custom:scripting/monoscript/fileName/Tooltip.cs: b7163f69ad820c51a0cfd3387a68b1d4 -> efb4e7ecf4b2142538150f2477ca1e4e
  custom:container-demuxer-webm: 4f35f7cbe854078d1ac9338744f61a02 -> 
  custom:scripting/monoscript/fileName/GoldMine.cs: bab3e2ee0cdfb32214ea1458d0239fb0 -> 
  custom:container-muxer-webm: aa71ff27fc2769a1b78a27578f13a17b -> 
  custom:scripting/monoscript/fileName/ReadmeEditor.cs: ff7ced1e41c1b99ddf5dfefc88f6bd50 -> 
  custom:video-decoder-webm-vp8: 9c59270c3fd7afecdb556c50c9e8de78 -> 
  custom:SearchIndexIgnoredProperties: e643bd26f0fe6173181afceb89e7c659 -> 
  custom:AudioImporter_EditorPlatform: d09bf68614088b80899f8185d706f6e7 -> 
  custom:scripting/monoscript/fileName/LumberMill.cs: c2d45524fbd0d6e9a670d983de5f81d7 -> 
  custom:scripting/monoscript/fileName/Slime.cs: e872c3a4bc36777cb1cc31d8379690c8 -> 05272bae05f111c6b0609e32e93d89d5
  custom:scripting/monoscript/fileName/Bar.cs: 890822e7dfd0f89892a6fd3ee944f62e -> 71c40e549b4fade8bed144aaff5a79ac
  custom:scripting/monoscript/fileName/TooltipManager.cs: 902a800de15a4facdbc6dbb1be6c1339 -> bc11dd805cb64c1c2f88cd7ae96fba24
  custom:video-encoder-webm-vp8: eb34c28f22e8b96e1ab97ce403110664 -> 
  custom:audio-decoder-ogg-vorbis: bf7c407c2cedff20999df2af8eb42d56 -> 
  custom:scripting/monoscript/fileName/Bullet.cs: 48ff13ede6c310cc0acf4a30e818a1de -> a4f5918e799041ba1f6608f13912eb8b
  custom:scripting/monoscript/fileName/TowerBuild.cs: 3807a8e615ef6a49dfd3f6bc5055a7a9 -> 9ea8b859a681512b782b9b3988d2f5f8
  custom:scripting/monoscript/fileName/Wave.cs: c8b913f1d5cb3bff026a08ce26c83aad -> 6e300e3b5d1a1dd15fa0115918e06e83
  custom:audio-encoder-webm-vorbis: bf7c407c2cedff20999df2af8eb42d56 -> 
  custom:scripting/monoscript/fileName/WaterReflection.cs: f1c57f2ce2c094032b710e8e5eb21bd7 -> 
  custom:scripting/monoscript/fileName/Tile.cs: e6480a408e34695897b31a69fad2b871 -> a94101d916c115d73aff3567a86e16d8
========================================================================
Received Prepare
Caller must complete domain reload
Begin MonoManager ReloadAssembly
- Loaded All Assemblies, in  0.409 seconds
Native extension for WindowsStandalone target not found
Native extension for WebGL target not found
[Package Manager] Server::EnsureServerProcessIsRunning -- launch failed, reason: Unity was launched with the -noUpm command-line argument
[Package Manager] UpmClient::Send -- Unable to send message (not connected to UPM process).
[Package Manager] Cannot connect to Unity Package Manager local server
Mono: successfully reloaded assembly
- Finished resetting the current domain, in  0.877 seconds
Domain Reload Profiling: 1283ms
	BeginReloadAssembly (141ms)
		ExecutionOrderSort (0ms)
		DisableScriptedObjects (4ms)
		BackupInstance (0ms)
		ReleaseScriptingObjects (0ms)
		CreateAndSetChildDomain (27ms)
	RebuildCommonClasses (32ms)
	RebuildNativeTypeToScriptingClass (12ms)
	initialDomainReloadingComplete (27ms)
	LoadAllAssembliesAndSetupDomain (194ms)
		LoadAssemblies (254ms)
		RebuildTransferFunctionScriptingTraits (0ms)
		AnalyzeDomain (21ms)
			TypeCache.Refresh (8ms)
				TypeCache.ScanAssembly (1ms)
			ScanForSourceGeneratedMonoScriptInfo (6ms)
			ResolveRequiredComponents (6ms)
	FinalizeReload (877ms)
		ReleaseScriptCaches (0ms)
		RebuildScriptCaches (0ms)
		SetupLoadedEditorAssemblies (444ms)
			LogAssemblyErrors (0ms)
			InitializePlatformSupportModulesInManaged (9ms)
			SetLoadedEditorAssemblies (3ms)
			RefreshPlugins (0ms)
			BeforeProcessingInitializeOnLoad (56ms)
			ProcessInitializeOnLoadAttributes (348ms)
			ProcessInitializeOnLoadMethodAttributes (20ms)
			AfterProcessingInitializeOnLoad (8ms)
			EditorAssembliesLoaded (0ms)
		ExecutionOrderSort2 (0ms)
		AwakeInstancesAfterBackupRestoration (6ms)
Refreshing native plugins compatible for Editor in 3.27 ms, found 3 plugins.
Preloading 0 native plugins for Editor in 0.00 ms.
Unloading 3128 Unused Serialized files (Serialized files now loaded: 0)
Unloading 14 unused Assets / (28.6 KB). Loaded Objects now: 3698.
Memory consumption went from 130.0 MB to 130.0 MB.
Total: 2.564100 ms (FindLiveObjects: 0.249500 ms CreateObjectMapping: 0.084200 ms MarkObjects: 2.185100 ms  DeleteObjects: 0.044500 ms)

Prepare: number of updated asset objects reloaded= 0
AssetImportParameters requested are different than current active one (requested -> active):
  custom:container-demuxer-ogg: 62fdf1f143b41e24485cea50d1cbac27 -> 
  custom:scripting/monoscript/fileName/GameManager.cs: f6182d712e34e20e3202214886862cdb -> 9933fbcc6190e2a9171c2ec8808a053e
  custom:scripting/monoscript/fileName/Income.cs: 938d875b4ea58c05495f38a939171226 -> 
  custom:video-decoder-ogg-theora: a1e56fd34408186e4bbccfd4996cb3dc -> 
  custom:framework-win-MediaFoundation: 216162199b28c13a410421893ffa2e32 -> 
  custom:scripting/monoscript/fileName/Tower.cs: 0e51d5638e1e2b20f04394d6225c671a -> 16583eaf01662413665c0a8803428cd6
  custom:scripting/monoscript/fileName/MenuFrame.cs: 575edbd0df24363ab161dfcb310542c7 -> 
  custom:CustomObjectIndexerAttribute: 9a22284fe3817be447336de3de66b15e -> 
  custom:scripting/monoscript/fileName/Readme.cs: 5aedf578fb2663036982fb7b05aaf325 -> 
  custom:scripting/monoscript/fileName/Tooltip.cs: b7163f69ad820c51a0cfd3387a68b1d4 -> efb4e7ecf4b2142538150f2477ca1e4e
  custom:container-demuxer-webm: 4f35f7cbe854078d1ac9338744f61a02 -> 
  custom:scripting/monoscript/fileName/GoldMine.cs: bab3e2ee0cdfb32214ea1458d0239fb0 -> 
  custom:container-muxer-webm: aa71ff27fc2769a1b78a27578f13a17b -> 
  custom:scripting/monoscript/fileName/ReadmeEditor.cs: ff7ced1e41c1b99ddf5dfefc88f6bd50 -> 
  custom:video-decoder-webm-vp8: 9c59270c3fd7afecdb556c50c9e8de78 -> 
  custom:SearchIndexIgnoredProperties: e643bd26f0fe6173181afceb89e7c659 -> 
  custom:AudioImporter_EditorPlatform: d09bf68614088b80899f8185d706f6e7 -> 
  custom:scripting/monoscript/fileName/LumberMill.cs: c2d45524fbd0d6e9a670d983de5f81d7 -> 
  custom:scripting/monoscript/fileName/Slime.cs: e872c3a4bc36777cb1cc31d8379690c8 -> 05272bae05f111c6b0609e32e93d89d5
  custom:scripting/monoscript/fileName/Bar.cs: 890822e7dfd0f89892a6fd3ee944f62e -> 71c40e549b4fade8bed144aaff5a79ac
  custom:scripting/monoscript/fileName/TooltipManager.cs: 902a800de15a4facdbc6dbb1be6c1339 -> bc11dd805cb64c1c2f88cd7ae96fba24
  custom:video-encoder-webm-vp8: eb34c28f22e8b96e1ab97ce403110664 -> 
  custom:audio-decoder-ogg-vorbis: bf7c407c2cedff20999df2af8eb42d56 -> 
  custom:scripting/monoscript/fileName/Bullet.cs: 48ff13ede6c310cc0acf4a30e818a1de -> a4f5918e799041ba1f6608f13912eb8b
  custom:scripting/monoscript/fileName/TowerBuild.cs: 3807a8e615ef6a49dfd3f6bc5055a7a9 -> 9ea8b859a681512b782b9b3988d2f5f8
  custom:scripting/monoscript/fileName/Wave.cs: c8b913f1d5cb3bff026a08ce26c83aad -> 6e300e3b5d1a1dd15fa0115918e06e83
  custom:audio-encoder-webm-vorbis: bf7c407c2cedff20999df2af8eb42d56 -> 
  custom:scripting/monoscript/fileName/WaterReflection.cs: f1c57f2ce2c094032b710e8e5eb21bd7 -> 
  custom:scripting/monoscript/fileName/Tile.cs: e6480a408e34695897b31a69fad2b871 -> a94101d916c115d73aff3567a86e16d8
========================================================================
Received Prepare
Caller must complete domain reload
Begin MonoManager ReloadAssembly
- Loaded All Assemblies, in  0.410 seconds
Native extension for WindowsStandalone target not found
Native extension for WebGL target not found
[Package Manager] Server::EnsureServerProcessIsRunning -- launch failed, reason: Unity was launched with the -noUpm command-line argument
[Package Manager] UpmClient::Send -- Unable to send message (not connected to UPM process).
[Package Manager] Cannot connect to Unity Package Manager local server
Mono: successfully reloaded assembly
- Finished resetting the current domain, in  0.916 seconds
Domain Reload Profiling: 1325ms
	BeginReloadAssembly (145ms)
		ExecutionOrderSort (0ms)
		DisableScriptedObjects (4ms)
		BackupInstance (0ms)
		ReleaseScriptingObjects (0ms)
		CreateAndSetChildDomain (30ms)
	RebuildCommonClasses (32ms)
	RebuildNativeTypeToScriptingClass (11ms)
	initialDomainReloadingComplete (28ms)
	LoadAllAssembliesAndSetupDomain (193ms)
		LoadAssemblies (260ms)
		RebuildTransferFunctionScriptingTraits (0ms)
		AnalyzeDomain (13ms)
			TypeCache.Refresh (5ms)
				TypeCache.ScanAssembly (0ms)
			ScanForSourceGeneratedMonoScriptInfo (0ms)
			ResolveRequiredComponents (6ms)
	FinalizeReload (917ms)
		ReleaseScriptCaches (0ms)
		RebuildScriptCaches (0ms)
		SetupLoadedEditorAssemblies (478ms)
			LogAssemblyErrors (0ms)
			InitializePlatformSupportModulesInManaged (7ms)
			SetLoadedEditorAssemblies (3ms)
			RefreshPlugins (0ms)
			BeforeProcessingInitializeOnLoad (70ms)
			ProcessInitializeOnLoadAttributes (370ms)
			ProcessInitializeOnLoadMethodAttributes (21ms)
			AfterProcessingInitializeOnLoad (9ms)
			EditorAssembliesLoaded (0ms)
		ExecutionOrderSort2 (0ms)
		AwakeInstancesAfterBackupRestoration (6ms)
Refreshing native plugins compatible for Editor in 3.67 ms, found 3 plugins.
Preloading 0 native plugins for Editor in 0.00 ms.
Unloading 3128 Unused Serialized files (Serialized files now loaded: 0)
Unloading 14 unused Assets / (28.6 KB). Loaded Objects now: 3701.
Memory consumption went from 130.1 MB to 130.0 MB.
Total: 3.026800 ms (FindLiveObjects: 0.317800 ms CreateObjectMapping: 0.085900 ms MarkObjects: 2.567400 ms  DeleteObjects: 0.054600 ms)

Prepare: number of updated asset objects reloaded= 0
AssetImportParameters requested are different than current active one (requested -> active):
  custom:container-demuxer-ogg: 62fdf1f143b41e24485cea50d1cbac27 -> 
  custom:scripting/monoscript/fileName/GameManager.cs: f6182d712e34e20e3202214886862cdb -> 9933fbcc6190e2a9171c2ec8808a053e
  custom:scripting/monoscript/fileName/Income.cs: 938d875b4ea58c05495f38a939171226 -> 
  custom:video-decoder-ogg-theora: a1e56fd34408186e4bbccfd4996cb3dc -> 
  custom:framework-win-MediaFoundation: 216162199b28c13a410421893ffa2e32 -> 
  custom:scripting/monoscript/fileName/Tower.cs: 0e51d5638e1e2b20f04394d6225c671a -> 16583eaf01662413665c0a8803428cd6
  custom:scripting/monoscript/fileName/MenuFrame.cs: 575edbd0df24363ab161dfcb310542c7 -> 
  custom:CustomObjectIndexerAttribute: 9a22284fe3817be447336de3de66b15e -> 
  custom:scripting/monoscript/fileName/Readme.cs: 5aedf578fb2663036982fb7b05aaf325 -> 
  custom:scripting/monoscript/fileName/Tooltip.cs: b7163f69ad820c51a0cfd3387a68b1d4 -> efb4e7ecf4b2142538150f2477ca1e4e
  custom:container-demuxer-webm: 4f35f7cbe854078d1ac9338744f61a02 -> 
  custom:scripting/monoscript/fileName/GoldMine.cs: bab3e2ee0cdfb32214ea1458d0239fb0 -> 
  custom:container-muxer-webm: aa71ff27fc2769a1b78a27578f13a17b -> 
  custom:scripting/monoscript/fileName/ReadmeEditor.cs: ff7ced1e41c1b99ddf5dfefc88f6bd50 -> 
  custom:video-decoder-webm-vp8: 9c59270c3fd7afecdb556c50c9e8de78 -> 
  custom:SearchIndexIgnoredProperties: e643bd26f0fe6173181afceb89e7c659 -> 
  custom:AudioImporter_EditorPlatform: d09bf68614088b80899f8185d706f6e7 -> 
  custom:scripting/monoscript/fileName/LumberMill.cs: c2d45524fbd0d6e9a670d983de5f81d7 -> 
  custom:scripting/monoscript/fileName/Slime.cs: e872c3a4bc36777cb1cc31d8379690c8 -> 05272bae05f111c6b0609e32e93d89d5
  custom:scripting/monoscript/fileName/Bar.cs: 890822e7dfd0f89892a6fd3ee944f62e -> 71c40e549b4fade8bed144aaff5a79ac
  custom:scripting/monoscript/fileName/TooltipManager.cs: 902a800de15a4facdbc6dbb1be6c1339 -> bc11dd805cb64c1c2f88cd7ae96fba24
  custom:video-encoder-webm-vp8: eb34c28f22e8b96e1ab97ce403110664 -> 
  custom:audio-decoder-ogg-vorbis: bf7c407c2cedff20999df2af8eb42d56 -> 
  custom:scripting/monoscript/fileName/Bullet.cs: 48ff13ede6c310cc0acf4a30e818a1de -> a4f5918e799041ba1f6608f13912eb8b
  custom:scripting/monoscript/fileName/TowerBuild.cs: 3807a8e615ef6a49dfd3f6bc5055a7a9 -> 9ea8b859a681512b782b9b3988d2f5f8
  custom:scripting/monoscript/fileName/Wave.cs: c8b913f1d5cb3bff026a08ce26c83aad -> 6e300e3b5d1a1dd15fa0115918e06e83
  custom:audio-encoder-webm-vorbis: bf7c407c2cedff20999df2af8eb42d56 -> 
  custom:scripting/monoscript/fileName/WaterReflection.cs: f1c57f2ce2c094032b710e8e5eb21bd7 -> 
  custom:scripting/monoscript/fileName/Tile.cs: e6480a408e34695897b31a69fad2b871 -> a94101d916c115d73aff3567a86e16d8
========================================================================
Received Prepare
Caller must complete domain reload
Begin MonoManager ReloadAssembly
- Loaded All Assemblies, in  0.419 seconds
Native extension for WindowsStandalone target not found
Native extension for WebGL target not found
[Package Manager] Server::EnsureServerProcessIsRunning -- launch failed, reason: Unity was launched with the -noUpm command-line argument
[Package Manager] UpmClient::Send -- Unable to send message (not connected to UPM process).
[Package Manager] Cannot connect to Unity Package Manager local server
Mono: successfully reloaded assembly
- Finished resetting the current domain, in  0.852 seconds
Domain Reload Profiling: 1268ms
	BeginReloadAssembly (143ms)
		ExecutionOrderSort (0ms)
		DisableScriptedObjects (4ms)
		BackupInstance (0ms)
		ReleaseScriptingObjects (0ms)
		CreateAndSetChildDomain (30ms)
	RebuildCommonClasses (40ms)
	RebuildNativeTypeToScriptingClass (12ms)
	initialDomainReloadingComplete (32ms)
	LoadAllAssembliesAndSetupDomain (190ms)
		LoadAssemblies (246ms)
		RebuildTransferFunctionScriptingTraits (0ms)
		AnalyzeDomain (21ms)
			TypeCache.Refresh (8ms)
				TypeCache.ScanAssembly (1ms)
			ScanForSourceGeneratedMonoScriptInfo (6ms)
			ResolveRequiredComponents (5ms)
	FinalizeReload (852ms)
		ReleaseScriptCaches (0ms)
		RebuildScriptCaches (0ms)
		SetupLoadedEditorAssemblies (423ms)
			LogAssemblyErrors (0ms)
			InitializePlatformSupportModulesInManaged (8ms)
			SetLoadedEditorAssemblies (3ms)
			RefreshPlugins (0ms)
			BeforeProcessingInitializeOnLoad (57ms)
			ProcessInitializeOnLoadAttributes (328ms)
			ProcessInitializeOnLoadMethodAttributes (19ms)
			AfterProcessingInitializeOnLoad (7ms)
			EditorAssembliesLoaded (0ms)
		ExecutionOrderSort2 (0ms)
		AwakeInstancesAfterBackupRestoration (6ms)
Refreshing native plugins compatible for Editor in 3.01 ms, found 3 plugins.
Preloading 0 native plugins for Editor in 0.00 ms.
Unloading 3128 Unused Serialized files (Serialized files now loaded: 0)
Unloading 14 unused Assets / (28.7 KB). Loaded Objects now: 3704.
Memory consumption went from 130.1 MB to 130.0 MB.
Total: 2.772300 ms (FindLiveObjects: 0.280100 ms CreateObjectMapping: 0.086800 ms MarkObjects: 2.361800 ms  DeleteObjects: 0.042600 ms)

Prepare: number of updated asset objects reloaded= 0
AssetImportParameters requested are different than current active one (requested -> active):
  custom:container-demuxer-ogg: 62fdf1f143b41e24485cea50d1cbac27 -> 
  custom:scripting/monoscript/fileName/GameManager.cs: f6182d712e34e20e3202214886862cdb -> 9933fbcc6190e2a9171c2ec8808a053e
  custom:scripting/monoscript/fileName/Income.cs: 938d875b4ea58c05495f38a939171226 -> 
  custom:video-decoder-ogg-theora: a1e56fd34408186e4bbccfd4996cb3dc -> 
  custom:framework-win-MediaFoundation: 216162199b28c13a410421893ffa2e32 -> 
  custom:scripting/monoscript/fileName/Tower.cs: 0e51d5638e1e2b20f04394d6225c671a -> 16583eaf01662413665c0a8803428cd6
  custom:scripting/monoscript/fileName/MenuFrame.cs: 575edbd0df24363ab161dfcb310542c7 -> 
  custom:CustomObjectIndexerAttribute: 9a22284fe3817be447336de3de66b15e -> 
  custom:scripting/monoscript/fileName/Readme.cs: 5aedf578fb2663036982fb7b05aaf325 -> 
  custom:scripting/monoscript/fileName/Tooltip.cs: b7163f69ad820c51a0cfd3387a68b1d4 -> efb4e7ecf4b2142538150f2477ca1e4e
  custom:container-demuxer-webm: 4f35f7cbe854078d1ac9338744f61a02 -> 
  custom:scripting/monoscript/fileName/GoldMine.cs: bab3e2ee0cdfb32214ea1458d0239fb0 -> 
  custom:container-muxer-webm: aa71ff27fc2769a1b78a27578f13a17b -> 
  custom:scripting/monoscript/fileName/ReadmeEditor.cs: ff7ced1e41c1b99ddf5dfefc88f6bd50 -> 
  custom:video-decoder-webm-vp8: 9c59270c3fd7afecdb556c50c9e8de78 -> 
  custom:SearchIndexIgnoredProperties: e643bd26f0fe6173181afceb89e7c659 -> 
  custom:AudioImporter_EditorPlatform: d09bf68614088b80899f8185d706f6e7 -> 
  custom:scripting/monoscript/fileName/LumberMill.cs: c2d45524fbd0d6e9a670d983de5f81d7 -> 
  custom:scripting/monoscript/fileName/Slime.cs: e872c3a4bc36777cb1cc31d8379690c8 -> 05272bae05f111c6b0609e32e93d89d5
  custom:scripting/monoscript/fileName/Bar.cs: 890822e7dfd0f89892a6fd3ee944f62e -> 71c40e549b4fade8bed144aaff5a79ac
  custom:scripting/monoscript/fileName/TooltipManager.cs: 902a800de15a4facdbc6dbb1be6c1339 -> bc11dd805cb64c1c2f88cd7ae96fba24
  custom:video-encoder-webm-vp8: eb34c28f22e8b96e1ab97ce403110664 -> 
  custom:audio-decoder-ogg-vorbis: bf7c407c2cedff20999df2af8eb42d56 -> 
  custom:scripting/monoscript/fileName/Bullet.cs: 48ff13ede6c310cc0acf4a30e818a1de -> a4f5918e799041ba1f6608f13912eb8b
  custom:scripting/monoscript/fileName/TowerBuild.cs: 3807a8e615ef6a49dfd3f6bc5055a7a9 -> 9ea8b859a681512b782b9b3988d2f5f8
  custom:scripting/monoscript/fileName/Wave.cs: c8b913f1d5cb3bff026a08ce26c83aad -> 6e300e3b5d1a1dd15fa0115918e06e83
  custom:audio-encoder-webm-vorbis: bf7c407c2cedff20999df2af8eb42d56 -> 
  custom:scripting/monoscript/fileName/WaterReflection.cs: f1c57f2ce2c094032b710e8e5eb21bd7 -> 
  custom:scripting/monoscript/fileName/Tile.cs: e6480a408e34695897b31a69fad2b871 -> a94101d916c115d73aff3567a86e16d8
========================================================================
Received Prepare
Caller must complete domain reload
Begin MonoManager ReloadAssembly
- Loaded All Assemblies, in  0.441 seconds
Native extension for WindowsStandalone target not found
Native extension for WebGL target not found
[Package Manager] Server::EnsureServerProcessIsRunning -- launch failed, reason: Unity was launched with the -noUpm command-line argument
[Package Manager] UpmClient::Send -- Unable to send message (not connected to UPM process).
[Package Manager] Cannot connect to Unity Package Manager local server
Mono: successfully reloaded assembly
- Finished resetting the current domain, in  0.845 seconds
Domain Reload Profiling: 1282ms
	BeginReloadAssembly (151ms)
		ExecutionOrderSort (0ms)
		DisableScriptedObjects (4ms)
		BackupInstance (0ms)
		ReleaseScriptingObjects (0ms)
		CreateAndSetChildDomain (30ms)
	RebuildCommonClasses (33ms)
	RebuildNativeTypeToScriptingClass (12ms)
	initialDomainReloadingComplete (29ms)
	LoadAllAssembliesAndSetupDomain (212ms)
		LoadAssemblies (275ms)
		RebuildTransferFunctionScriptingTraits (0ms)
		AnalyzeDomain (22ms)
			TypeCache.Refresh (8ms)
				TypeCache.ScanAssembly (1ms)
			ScanForSourceGeneratedMonoScriptInfo (6ms)
			ResolveRequiredComponents (5ms)
	FinalizeReload (846ms)
		ReleaseScriptCaches (0ms)
		RebuildScriptCaches (0ms)
		SetupLoadedEditorAssemblies (414ms)
			LogAssemblyErrors (0ms)
			InitializePlatformSupportModulesInManaged (7ms)
			SetLoadedEditorAssemblies (3ms)
			RefreshPlugins (0ms)
			BeforeProcessingInitializeOnLoad (57ms)
			ProcessInitializeOnLoadAttributes (314ms)
			ProcessInitializeOnLoadMethodAttributes (22ms)
			AfterProcessingInitializeOnLoad (10ms)
			EditorAssembliesLoaded (0ms)
		ExecutionOrderSort2 (0ms)
		AwakeInstancesAfterBackupRestoration (9ms)
Refreshing native plugins compatible for Editor in 3.00 ms, found 3 plugins.
Preloading 0 native plugins for Editor in 0.00 ms.
Unloading 3128 Unused Serialized files (Serialized files now loaded: 0)
Unloading 14 unused Assets / (28.6 KB). Loaded Objects now: 3707.
Memory consumption went from 130.1 MB to 130.0 MB.
Total: 2.679400 ms (FindLiveObjects: 0.288200 ms CreateObjectMapping: 0.085200 ms MarkObjects: 2.266400 ms  DeleteObjects: 0.038600 ms)

Prepare: number of updated asset objects reloaded= 0
AssetImportParameters requested are different than current active one (requested -> active):
  custom:container-demuxer-ogg: 62fdf1f143b41e24485cea50d1cbac27 -> 
  custom:scripting/monoscript/fileName/GameManager.cs: f6182d712e34e20e3202214886862cdb -> 9933fbcc6190e2a9171c2ec8808a053e
  custom:scripting/monoscript/fileName/Income.cs: 938d875b4ea58c05495f38a939171226 -> 
  custom:video-decoder-ogg-theora: a1e56fd34408186e4bbccfd4996cb3dc -> 
  custom:framework-win-MediaFoundation: 216162199b28c13a410421893ffa2e32 -> 
  custom:scripting/monoscript/fileName/Tower.cs: 0e51d5638e1e2b20f04394d6225c671a -> 16583eaf01662413665c0a8803428cd6
  custom:scripting/monoscript/fileName/MenuFrame.cs: 575edbd0df24363ab161dfcb310542c7 -> 
  custom:CustomObjectIndexerAttribute: 9a22284fe3817be447336de3de66b15e -> 
  custom:scripting/monoscript/fileName/Readme.cs: 5aedf578fb2663036982fb7b05aaf325 -> 
  custom:scripting/monoscript/fileName/Tooltip.cs: b7163f69ad820c51a0cfd3387a68b1d4 -> efb4e7ecf4b2142538150f2477ca1e4e
  custom:container-demuxer-webm: 4f35f7cbe854078d1ac9338744f61a02 -> 
  custom:scripting/monoscript/fileName/GoldMine.cs: bab3e2ee0cdfb32214ea1458d0239fb0 -> 
  custom:container-muxer-webm: aa71ff27fc2769a1b78a27578f13a17b -> 
  custom:scripting/monoscript/fileName/ReadmeEditor.cs: ff7ced1e41c1b99ddf5dfefc88f6bd50 -> 
  custom:video-decoder-webm-vp8: 9c59270c3fd7afecdb556c50c9e8de78 -> 
  custom:SearchIndexIgnoredProperties: e643bd26f0fe6173181afceb89e7c659 -> 
  custom:AudioImporter_EditorPlatform: d09bf68614088b80899f8185d706f6e7 -> 
  custom:scripting/monoscript/fileName/LumberMill.cs: c2d45524fbd0d6e9a670d983de5f81d7 -> 
  custom:scripting/monoscript/fileName/Slime.cs: e872c3a4bc36777cb1cc31d8379690c8 -> 05272bae05f111c6b0609e32e93d89d5
  custom:scripting/monoscript/fileName/Bar.cs: 890822e7dfd0f89892a6fd3ee944f62e -> 71c40e549b4fade8bed144aaff5a79ac
  custom:scripting/monoscript/fileName/TooltipManager.cs: 902a800de15a4facdbc6dbb1be6c1339 -> bc11dd805cb64c1c2f88cd7ae96fba24
  custom:video-encoder-webm-vp8: eb34c28f22e8b96e1ab97ce403110664 -> 
  custom:audio-decoder-ogg-vorbis: bf7c407c2cedff20999df2af8eb42d56 -> 
  custom:scripting/monoscript/fileName/Bullet.cs: 48ff13ede6c310cc0acf4a30e818a1de -> a4f5918e799041ba1f6608f13912eb8b
  custom:scripting/monoscript/fileName/TowerBuild.cs: 3807a8e615ef6a49dfd3f6bc5055a7a9 -> 9ea8b859a681512b782b9b3988d2f5f8
  custom:scripting/monoscript/fileName/Wave.cs: c8b913f1d5cb3bff026a08ce26c83aad -> 6e300e3b5d1a1dd15fa0115918e06e83
  custom:audio-encoder-webm-vorbis: bf7c407c2cedff20999df2af8eb42d56 -> 
  custom:scripting/monoscript/fileName/WaterReflection.cs: f1c57f2ce2c094032b710e8e5eb21bd7 -> 
  custom:scripting/monoscript/fileName/Tile.cs: e6480a408e34695897b31a69fad2b871 -> a94101d916c115d73aff3567a86e16d8
========================================================================
Received Prepare
Caller must complete domain reload
Begin MonoManager ReloadAssembly
- Loaded All Assemblies, in  0.402 seconds
Native extension for WindowsStandalone target not found
Native extension for WebGL target not found
[Package Manager] Server::EnsureServerProcessIsRunning -- launch failed, reason: Unity was launched with the -noUpm command-line argument
[Package Manager] UpmClient::Send -- Unable to send message (not connected to UPM process).
[Package Manager] Cannot connect to Unity Package Manager local server
Mono: successfully reloaded assembly
- Finished resetting the current domain, in  0.889 seconds
Domain Reload Profiling: 1289ms
	BeginReloadAssembly (141ms)
		ExecutionOrderSort (0ms)
		DisableScriptedObjects (5ms)
		BackupInstance (0ms)
		ReleaseScriptingObjects (0ms)
		CreateAndSetChildDomain (28ms)
	RebuildCommonClasses (32ms)
	RebuildNativeTypeToScriptingClass (11ms)
	initialDomainReloadingComplete (29ms)
	LoadAllAssembliesAndSetupDomain (186ms)
		LoadAssemblies (250ms)
		RebuildTransferFunctionScriptingTraits (0ms)
		AnalyzeDomain (13ms)
			TypeCache.Refresh (5ms)
				TypeCache.ScanAssembly (0ms)
			ScanForSourceGeneratedMonoScriptInfo (0ms)
			ResolveRequiredComponents (6ms)
	FinalizeReload (890ms)
		ReleaseScriptCaches (0ms)
		RebuildScriptCaches (0ms)
		SetupLoadedEditorAssemblies (458ms)
			LogAssemblyErrors (0ms)
			InitializePlatformSupportModulesInManaged (9ms)
			SetLoadedEditorAssemblies (3ms)
			RefreshPlugins (0ms)
			BeforeProcessingInitializeOnLoad (64ms)
			ProcessInitializeOnLoadAttributes (352ms)
			ProcessInitializeOnLoadMethodAttributes (22ms)
			AfterProcessingInitializeOnLoad (9ms)
			EditorAssembliesLoaded (0ms)
		ExecutionOrderSort2 (0ms)
		AwakeInstancesAfterBackupRestoration (7ms)
Refreshing native plugins compatible for Editor in 3.99 ms, found 3 plugins.
Preloading 0 native plugins for Editor in 0.00 ms.
Unloading 3128 Unused Serialized files (Serialized files now loaded: 0)
Unloading 14 unused Assets / (28.7 KB). Loaded Objects now: 3710.
Memory consumption went from 130.1 MB to 130.0 MB.
Total: 2.773100 ms (FindLiveObjects: 0.353100 ms CreateObjectMapping: 0.086900 ms MarkObjects: 2.291800 ms  DeleteObjects: 0.040200 ms)

Prepare: number of updated asset objects reloaded= 0
AssetImportParameters requested are different than current active one (requested -> active):
  custom:container-demuxer-ogg: 62fdf1f143b41e24485cea50d1cbac27 -> 
  custom:scripting/monoscript/fileName/GameManager.cs: f6182d712e34e20e3202214886862cdb -> 9933fbcc6190e2a9171c2ec8808a053e
  custom:scripting/monoscript/fileName/Income.cs: 938d875b4ea58c05495f38a939171226 -> 
  custom:video-decoder-ogg-theora: a1e56fd34408186e4bbccfd4996cb3dc -> 
  custom:framework-win-MediaFoundation: 216162199b28c13a410421893ffa2e32 -> 
  custom:scripting/monoscript/fileName/Tower.cs: 0e51d5638e1e2b20f04394d6225c671a -> 16583eaf01662413665c0a8803428cd6
  custom:scripting/monoscript/fileName/MenuFrame.cs: 575edbd0df24363ab161dfcb310542c7 -> 
  custom:CustomObjectIndexerAttribute: 9a22284fe3817be447336de3de66b15e -> 
  custom:scripting/monoscript/fileName/Readme.cs: 5aedf578fb2663036982fb7b05aaf325 -> 
  custom:scripting/monoscript/fileName/Tooltip.cs: b7163f69ad820c51a0cfd3387a68b1d4 -> efb4e7ecf4b2142538150f2477ca1e4e
  custom:container-demuxer-webm: 4f35f7cbe854078d1ac9338744f61a02 -> 
  custom:scripting/monoscript/fileName/GoldMine.cs: bab3e2ee0cdfb32214ea1458d0239fb0 -> 
  custom:container-muxer-webm: aa71ff27fc2769a1b78a27578f13a17b -> 
  custom:scripting/monoscript/fileName/ReadmeEditor.cs: ff7ced1e41c1b99ddf5dfefc88f6bd50 -> 
  custom:video-decoder-webm-vp8: 9c59270c3fd7afecdb556c50c9e8de78 -> 
  custom:SearchIndexIgnoredProperties: e643bd26f0fe6173181afceb89e7c659 -> 
  custom:AudioImporter_EditorPlatform: d09bf68614088b80899f8185d706f6e7 -> 
  custom:scripting/monoscript/fileName/LumberMill.cs: c2d45524fbd0d6e9a670d983de5f81d7 -> 
  custom:scripting/monoscript/fileName/Slime.cs: e872c3a4bc36777cb1cc31d8379690c8 -> 05272bae05f111c6b0609e32e93d89d5
  custom:scripting/monoscript/fileName/Bar.cs: 890822e7dfd0f89892a6fd3ee944f62e -> 71c40e549b4fade8bed144aaff5a79ac
  custom:scripting/monoscript/fileName/TooltipManager.cs: 902a800de15a4facdbc6dbb1be6c1339 -> bc11dd805cb64c1c2f88cd7ae96fba24
  custom:video-encoder-webm-vp8: eb34c28f22e8b96e1ab97ce403110664 -> 
  custom:audio-decoder-ogg-vorbis: bf7c407c2cedff20999df2af8eb42d56 -> 
  custom:scripting/monoscript/fileName/Bullet.cs: 48ff13ede6c310cc0acf4a30e818a1de -> a4f5918e799041ba1f6608f13912eb8b
  custom:scripting/monoscript/fileName/TowerBuild.cs: 3807a8e615ef6a49dfd3f6bc5055a7a9 -> 9ea8b859a681512b782b9b3988d2f5f8
  custom:scripting/monoscript/fileName/Wave.cs: c8b913f1d5cb3bff026a08ce26c83aad -> 6e300e3b5d1a1dd15fa0115918e06e83
  custom:audio-encoder-webm-vorbis: bf7c407c2cedff20999df2af8eb42d56 -> 
  custom:scripting/monoscript/fileName/WaterReflection.cs: f1c57f2ce2c094032b710e8e5eb21bd7 -> 
  custom:scripting/monoscript/fileName/Tile.cs: e6480a408e34695897b31a69fad2b871 -> a94101d916c115d73aff3567a86e16d8
========================================================================
Received Prepare
Caller must complete domain reload
Begin MonoManager ReloadAssembly
- Loaded All Assemblies, in  0.416 seconds
Native extension for WindowsStandalone target not found
Native extension for WebGL target not found
[Package Manager] Server::EnsureServerProcessIsRunning -- launch failed, reason: Unity was launched with the -noUpm command-line argument
[Package Manager] UpmClient::Send -- Unable to send message (not connected to UPM process).
[Package Manager] Cannot connect to Unity Package Manager local server
Mono: successfully reloaded assembly
- Finished resetting the current domain, in  0.864 seconds
Domain Reload Profiling: 1277ms
	BeginReloadAssembly (141ms)
		ExecutionOrderSort (0ms)
		DisableScriptedObjects (4ms)
		BackupInstance (0ms)
		ReleaseScriptingObjects (0ms)
		CreateAndSetChildDomain (28ms)
	RebuildCommonClasses (32ms)
	RebuildNativeTypeToScriptingClass (11ms)
	initialDomainReloadingComplete (27ms)
	LoadAllAssembliesAndSetupDomain (201ms)
		LoadAssemblies (258ms)
		RebuildTransferFunctionScriptingTraits (0ms)
		AnalyzeDomain (22ms)
			TypeCache.Refresh (8ms)
				TypeCache.ScanAssembly (1ms)
			ScanForSourceGeneratedMonoScriptInfo (6ms)
			ResolveRequiredComponents (6ms)
	FinalizeReload (864ms)
		ReleaseScriptCaches (0ms)
		RebuildScriptCaches (0ms)
		SetupLoadedEditorAssemblies (396ms)
			LogAssemblyErrors (0ms)
			InitializePlatformSupportModulesInManaged (7ms)
			SetLoadedEditorAssemblies (3ms)
			RefreshPlugins (0ms)
			BeforeProcessingInitializeOnLoad (55ms)
			ProcessInitializeOnLoadAttributes (304ms)
			ProcessInitializeOnLoadMethodAttributes (19ms)
			AfterProcessingInitializeOnLoad (8ms)
			EditorAssembliesLoaded (0ms)
		ExecutionOrderSort2 (0ms)
		AwakeInstancesAfterBackupRestoration (6ms)
Refreshing native plugins compatible for Editor in 3.17 ms, found 3 plugins.
Preloading 0 native plugins for Editor in 0.00 ms.
Unloading 3128 Unused Serialized files (Serialized files now loaded: 0)
Unloading 14 unused Assets / (28.6 KB). Loaded Objects now: 3713.
Memory consumption went from 130.1 MB to 130.0 MB.
Total: 3.328900 ms (FindLiveObjects: 0.429700 ms CreateObjectMapping: 0.102000 ms MarkObjects: 2.749500 ms  DeleteObjects: 0.046400 ms)

Prepare: number of updated asset objects reloaded= 0
AssetImportParameters requested are different than current active one (requested -> active):
  custom:container-demuxer-ogg: 62fdf1f143b41e24485cea50d1cbac27 -> 
  custom:scripting/monoscript/fileName/GameManager.cs: f6182d712e34e20e3202214886862cdb -> 9933fbcc6190e2a9171c2ec8808a053e
  custom:scripting/monoscript/fileName/Income.cs: 938d875b4ea58c05495f38a939171226 -> 
  custom:video-decoder-ogg-theora: a1e56fd34408186e4bbccfd4996cb3dc -> 
  custom:framework-win-MediaFoundation: 216162199b28c13a410421893ffa2e32 -> 
  custom:scripting/monoscript/fileName/Tower.cs: 0e51d5638e1e2b20f04394d6225c671a -> 16583eaf01662413665c0a8803428cd6
  custom:scripting/monoscript/fileName/MenuFrame.cs: 575edbd0df24363ab161dfcb310542c7 -> 
  custom:CustomObjectIndexerAttribute: 9a22284fe3817be447336de3de66b15e -> 
  custom:scripting/monoscript/fileName/Readme.cs: 5aedf578fb2663036982fb7b05aaf325 -> 
  custom:scripting/monoscript/fileName/Tooltip.cs: b7163f69ad820c51a0cfd3387a68b1d4 -> efb4e7ecf4b2142538150f2477ca1e4e
  custom:container-demuxer-webm: 4f35f7cbe854078d1ac9338744f61a02 -> 
  custom:scripting/monoscript/fileName/GoldMine.cs: bab3e2ee0cdfb32214ea1458d0239fb0 -> 
  custom:container-muxer-webm: aa71ff27fc2769a1b78a27578f13a17b -> 
  custom:scripting/monoscript/fileName/ReadmeEditor.cs: ff7ced1e41c1b99ddf5dfefc88f6bd50 -> 
  custom:video-decoder-webm-vp8: 9c59270c3fd7afecdb556c50c9e8de78 -> 
  custom:SearchIndexIgnoredProperties: e643bd26f0fe6173181afceb89e7c659 -> 
  custom:AudioImporter_EditorPlatform: d09bf68614088b80899f8185d706f6e7 -> 
  custom:scripting/monoscript/fileName/LumberMill.cs: c2d45524fbd0d6e9a670d983de5f81d7 -> 
  custom:scripting/monoscript/fileName/Slime.cs: e872c3a4bc36777cb1cc31d8379690c8 -> 05272bae05f111c6b0609e32e93d89d5
  custom:scripting/monoscript/fileName/Bar.cs: 890822e7dfd0f89892a6fd3ee944f62e -> 71c40e549b4fade8bed144aaff5a79ac
  custom:scripting/monoscript/fileName/TooltipManager.cs: 902a800de15a4facdbc6dbb1be6c1339 -> bc11dd805cb64c1c2f88cd7ae96fba24
  custom:video-encoder-webm-vp8: eb34c28f22e8b96e1ab97ce403110664 -> 
  custom:audio-decoder-ogg-vorbis: bf7c407c2cedff20999df2af8eb42d56 -> 
  custom:scripting/monoscript/fileName/Bullet.cs: 48ff13ede6c310cc0acf4a30e818a1de -> a4f5918e799041ba1f6608f13912eb8b
  custom:scripting/monoscript/fileName/TowerBuild.cs: 3807a8e615ef6a49dfd3f6bc5055a7a9 -> 9ea8b859a681512b782b9b3988d2f5f8
  custom:scripting/monoscript/fileName/Wave.cs: c8b913f1d5cb3bff026a08ce26c83aad -> 6e300e3b5d1a1dd15fa0115918e06e83
  custom:audio-encoder-webm-vorbis: bf7c407c2cedff20999df2af8eb42d56 -> 
  custom:scripting/monoscript/fileName/WaterReflection.cs: f1c57f2ce2c094032b710e8e5eb21bd7 -> 
  custom:scripting/monoscript/fileName/Tile.cs: e6480a408e34695897b31a69fad2b871 -> a94101d916c115d73aff3567a86e16d8
========================================================================
Received Prepare
Caller must complete domain reload
Begin MonoManager ReloadAssembly
- Loaded All Assemblies, in  0.409 seconds
Native extension for WindowsStandalone target not found
Native extension for WebGL target not found
[Package Manager] Server::EnsureServerProcessIsRunning -- launch failed, reason: Unity was launched with the -noUpm command-line argument
[Package Manager] UpmClient::Send -- Unable to send message (not connected to UPM process).
[Package Manager] Cannot connect to Unity Package Manager local server
Mono: successfully reloaded assembly
- Finished resetting the current domain, in  0.904 seconds
Domain Reload Profiling: 1311ms
	BeginReloadAssembly (141ms)
		ExecutionOrderSort (0ms)
		DisableScriptedObjects (4ms)
		BackupInstance (0ms)
		ReleaseScriptingObjects (0ms)
		CreateAndSetChildDomain (28ms)
	RebuildCommonClasses (34ms)
	RebuildNativeTypeToScriptingClass (11ms)
	initialDomainReloadingComplete (30ms)
	LoadAllAssembliesAndSetupDomain (190ms)
		LoadAssemblies (255ms)
		RebuildTransferFunctionScriptingTraits (0ms)
		AnalyzeDomain (13ms)
			TypeCache.Refresh (6ms)
				TypeCache.ScanAssembly (0ms)
			ScanForSourceGeneratedMonoScriptInfo (0ms)
			ResolveRequiredComponents (5ms)
	FinalizeReload (905ms)
		ReleaseScriptCaches (0ms)
		RebuildScriptCaches (0ms)
		SetupLoadedEditorAssemblies (451ms)
			LogAssemblyErrors (0ms)
			InitializePlatformSupportModulesInManaged (9ms)
			SetLoadedEditorAssemblies (3ms)
			RefreshPlugins (0ms)
			BeforeProcessingInitializeOnLoad (64ms)
			ProcessInitializeOnLoadAttributes (345ms)
			ProcessInitializeOnLoadMethodAttributes (22ms)
			AfterProcessingInitializeOnLoad (8ms)
			EditorAssembliesLoaded (0ms)
		ExecutionOrderSort2 (0ms)
		AwakeInstancesAfterBackupRestoration (8ms)
Refreshing native plugins compatible for Editor in 3.50 ms, found 3 plugins.
Preloading 0 native plugins for Editor in 0.00 ms.
Unloading 3128 Unused Serialized files (Serialized files now loaded: 0)
Unloading 14 unused Assets / (28.7 KB). Loaded Objects now: 3716.
Memory consumption went from 130.1 MB to 130.0 MB.
Total: 2.837600 ms (FindLiveObjects: 0.368400 ms CreateObjectMapping: 0.119900 ms MarkObjects: 2.301900 ms  DeleteObjects: 0.046300 ms)

Prepare: number of updated asset objects reloaded= 0
AssetImportParameters requested are different than current active one (requested -> active):
  custom:container-demuxer-ogg: 62fdf1f143b41e24485cea50d1cbac27 -> 
  custom:scripting/monoscript/fileName/GameManager.cs: f6182d712e34e20e3202214886862cdb -> 9933fbcc6190e2a9171c2ec8808a053e
  custom:scripting/monoscript/fileName/Income.cs: 938d875b4ea58c05495f38a939171226 -> 
  custom:video-decoder-ogg-theora: a1e56fd34408186e4bbccfd4996cb3dc -> 
  custom:framework-win-MediaFoundation: 216162199b28c13a410421893ffa2e32 -> 
  custom:scripting/monoscript/fileName/Tower.cs: 0e51d5638e1e2b20f04394d6225c671a -> 16583eaf01662413665c0a8803428cd6
  custom:scripting/monoscript/fileName/MenuFrame.cs: 575edbd0df24363ab161dfcb310542c7 -> 
  custom:CustomObjectIndexerAttribute: 9a22284fe3817be447336de3de66b15e -> 
  custom:scripting/monoscript/fileName/Readme.cs: 5aedf578fb2663036982fb7b05aaf325 -> 
  custom:scripting/monoscript/fileName/Tooltip.cs: b7163f69ad820c51a0cfd3387a68b1d4 -> efb4e7ecf4b2142538150f2477ca1e4e
  custom:container-demuxer-webm: 4f35f7cbe854078d1ac9338744f61a02 -> 
  custom:scripting/monoscript/fileName/GoldMine.cs: bab3e2ee0cdfb32214ea1458d0239fb0 -> 
  custom:container-muxer-webm: aa71ff27fc2769a1b78a27578f13a17b -> 
  custom:scripting/monoscript/fileName/ReadmeEditor.cs: ff7ced1e41c1b99ddf5dfefc88f6bd50 -> 
  custom:video-decoder-webm-vp8: 9c59270c3fd7afecdb556c50c9e8de78 -> 
  custom:SearchIndexIgnoredProperties: e643bd26f0fe6173181afceb89e7c659 -> 
  custom:AudioImporter_EditorPlatform: d09bf68614088b80899f8185d706f6e7 -> 
  custom:scripting/monoscript/fileName/LumberMill.cs: c2d45524fbd0d6e9a670d983de5f81d7 -> 
  custom:scripting/monoscript/fileName/Slime.cs: e872c3a4bc36777cb1cc31d8379690c8 -> 05272bae05f111c6b0609e32e93d89d5
  custom:scripting/monoscript/fileName/Bar.cs: 890822e7dfd0f89892a6fd3ee944f62e -> 71c40e549b4fade8bed144aaff5a79ac
  custom:scripting/monoscript/fileName/TooltipManager.cs: 902a800de15a4facdbc6dbb1be6c1339 -> bc11dd805cb64c1c2f88cd7ae96fba24
  custom:video-encoder-webm-vp8: eb34c28f22e8b96e1ab97ce403110664 -> 
  custom:audio-decoder-ogg-vorbis: bf7c407c2cedff20999df2af8eb42d56 -> 
  custom:scripting/monoscript/fileName/Bullet.cs: 48ff13ede6c310cc0acf4a30e818a1de -> a4f5918e799041ba1f6608f13912eb8b
  custom:scripting/monoscript/fileName/TowerBuild.cs: 3807a8e615ef6a49dfd3f6bc5055a7a9 -> 9ea8b859a681512b782b9b3988d2f5f8
  custom:scripting/monoscript/fileName/Wave.cs: c8b913f1d5cb3bff026a08ce26c83aad -> 6e300e3b5d1a1dd15fa0115918e06e83
  custom:audio-encoder-webm-vorbis: bf7c407c2cedff20999df2af8eb42d56 -> 
  custom:scripting/monoscript/fileName/WaterReflection.cs: f1c57f2ce2c094032b710e8e5eb21bd7 -> 
  custom:scripting/monoscript/fileName/Tile.cs: e6480a408e34695897b31a69fad2b871 -> a94101d916c115d73aff3567a86e16d8
========================================================================
Received Prepare
Caller must complete domain reload
Begin MonoManager ReloadAssembly
- Loaded All Assemblies, in  0.421 seconds
Native extension for WindowsStandalone target not found
Native extension for WebGL target not found
[Package Manager] Server::EnsureServerProcessIsRunning -- launch failed, reason: Unity was launched with the -noUpm command-line argument
[Package Manager] UpmClient::Send -- Unable to send message (not connected to UPM process).
[Package Manager] Cannot connect to Unity Package Manager local server
Mono: successfully reloaded assembly
- Finished resetting the current domain, in  0.888 seconds
Domain Reload Profiling: 1306ms
	BeginReloadAssembly (139ms)
		ExecutionOrderSort (0ms)
		DisableScriptedObjects (4ms)
		BackupInstance (0ms)
		ReleaseScriptingObjects (0ms)
		CreateAndSetChildDomain (28ms)
	RebuildCommonClasses (35ms)
	RebuildNativeTypeToScriptingClass (11ms)
	initialDomainReloadingComplete (32ms)
	LoadAllAssembliesAndSetupDomain (201ms)
		LoadAssemblies (256ms)
		RebuildTransferFunctionScriptingTraits (0ms)
		AnalyzeDomain (22ms)
			TypeCache.Refresh (9ms)
				TypeCache.ScanAssembly (1ms)
			ScanForSourceGeneratedMonoScriptInfo (6ms)
			ResolveRequiredComponents (5ms)
	FinalizeReload (889ms)
		ReleaseScriptCaches (0ms)
		RebuildScriptCaches (0ms)
		SetupLoadedEditorAssemblies (441ms)
			LogAssemblyErrors (0ms)
			InitializePlatformSupportModulesInManaged (7ms)
			SetLoadedEditorAssemblies (3ms)
			RefreshPlugins (0ms)
			BeforeProcessingInitializeOnLoad (56ms)
			ProcessInitializeOnLoadAttributes (347ms)
			ProcessInitializeOnLoadMethodAttributes (20ms)
			AfterProcessingInitializeOnLoad (8ms)
			EditorAssembliesLoaded (0ms)
		ExecutionOrderSort2 (0ms)
		AwakeInstancesAfterBackupRestoration (6ms)
Refreshing native plugins compatible for Editor in 2.71 ms, found 3 plugins.
Preloading 0 native plugins for Editor in 0.00 ms.
Unloading 3128 Unused Serialized files (Serialized files now loaded: 0)
Unloading 14 unused Assets / (28.7 KB). Loaded Objects now: 3719.
Memory consumption went from 130.1 MB to 130.0 MB.
Total: 3.880200 ms (FindLiveObjects: 0.595200 ms CreateObjectMapping: 0.123300 ms MarkObjects: 3.104500 ms  DeleteObjects: 0.055800 ms)

Prepare: number of updated asset objects reloaded= 0
AssetImportParameters requested are different than current active one (requested -> active):
  custom:container-demuxer-ogg: 62fdf1f143b41e24485cea50d1cbac27 -> 
  custom:scripting/monoscript/fileName/GameManager.cs: f6182d712e34e20e3202214886862cdb -> 9933fbcc6190e2a9171c2ec8808a053e
  custom:scripting/monoscript/fileName/Income.cs: 938d875b4ea58c05495f38a939171226 -> 
  custom:video-decoder-ogg-theora: a1e56fd34408186e4bbccfd4996cb3dc -> 
  custom:framework-win-MediaFoundation: 216162199b28c13a410421893ffa2e32 -> 
  custom:scripting/monoscript/fileName/Tower.cs: 0e51d5638e1e2b20f04394d6225c671a -> 16583eaf01662413665c0a8803428cd6
  custom:scripting/monoscript/fileName/MenuFrame.cs: 575edbd0df24363ab161dfcb310542c7 -> 
  custom:CustomObjectIndexerAttribute: 9a22284fe3817be447336de3de66b15e -> 
  custom:scripting/monoscript/fileName/Readme.cs: 5aedf578fb2663036982fb7b05aaf325 -> 
  custom:scripting/monoscript/fileName/Tooltip.cs: b7163f69ad820c51a0cfd3387a68b1d4 -> efb4e7ecf4b2142538150f2477ca1e4e
  custom:container-demuxer-webm: 4f35f7cbe854078d1ac9338744f61a02 -> 
  custom:scripting/monoscript/fileName/GoldMine.cs: bab3e2ee0cdfb32214ea1458d0239fb0 -> 
  custom:container-muxer-webm: aa71ff27fc2769a1b78a27578f13a17b -> 
  custom:scripting/monoscript/fileName/ReadmeEditor.cs: ff7ced1e41c1b99ddf5dfefc88f6bd50 -> 
  custom:video-decoder-webm-vp8: 9c59270c3fd7afecdb556c50c9e8de78 -> 
  custom:SearchIndexIgnoredProperties: e643bd26f0fe6173181afceb89e7c659 -> 
  custom:AudioImporter_EditorPlatform: d09bf68614088b80899f8185d706f6e7 -> 
  custom:scripting/monoscript/fileName/LumberMill.cs: c2d45524fbd0d6e9a670d983de5f81d7 -> 
  custom:scripting/monoscript/fileName/Slime.cs: e872c3a4bc36777cb1cc31d8379690c8 -> 05272bae05f111c6b0609e32e93d89d5
  custom:scripting/monoscript/fileName/Bar.cs: 890822e7dfd0f89892a6fd3ee944f62e -> 71c40e549b4fade8bed144aaff5a79ac
  custom:scripting/monoscript/fileName/TooltipManager.cs: 902a800de15a4facdbc6dbb1be6c1339 -> bc11dd805cb64c1c2f88cd7ae96fba24
  custom:video-encoder-webm-vp8: eb34c28f22e8b96e1ab97ce403110664 -> 
  custom:audio-decoder-ogg-vorbis: bf7c407c2cedff20999df2af8eb42d56 -> 
  custom:scripting/monoscript/fileName/Bullet.cs: 48ff13ede6c310cc0acf4a30e818a1de -> a4f5918e799041ba1f6608f13912eb8b
  custom:scripting/monoscript/fileName/TowerBuild.cs: 3807a8e615ef6a49dfd3f6bc5055a7a9 -> 9ea8b859a681512b782b9b3988d2f5f8
  custom:scripting/monoscript/fileName/Wave.cs: c8b913f1d5cb3bff026a08ce26c83aad -> 6e300e3b5d1a1dd15fa0115918e06e83
  custom:audio-encoder-webm-vorbis: bf7c407c2cedff20999df2af8eb42d56 -> 
  custom:scripting/monoscript/fileName/WaterReflection.cs: f1c57f2ce2c094032b710e8e5eb21bd7 -> 
  custom:scripting/monoscript/fileName/Tile.cs: e6480a408e34695897b31a69fad2b871 -> a94101d916c115d73aff3567a86e16d8
========================================================================
Received Prepare
Caller must complete domain reload
Begin MonoManager ReloadAssembly
- Loaded All Assemblies, in  0.414 seconds
Native extension for WindowsStandalone target not found
Native extension for WebGL target not found
[Package Manager] Server::EnsureServerProcessIsRunning -- launch failed, reason: Unity was launched with the -noUpm command-line argument
[Package Manager] UpmClient::Send -- Unable to send message (not connected to UPM process).
[Package Manager] Cannot connect to Unity Package Manager local server
Mono: successfully reloaded assembly
- Finished resetting the current domain, in  0.843 seconds
Domain Reload Profiling: 1255ms
	BeginReloadAssembly (142ms)
		ExecutionOrderSort (0ms)
		DisableScriptedObjects (4ms)
		BackupInstance (0ms)
		ReleaseScriptingObjects (0ms)
		CreateAndSetChildDomain (29ms)
	RebuildCommonClasses (32ms)
	RebuildNativeTypeToScriptingClass (12ms)
	initialDomainReloadingComplete (28ms)
	LoadAllAssembliesAndSetupDomain (199ms)
		LoadAssemblies (256ms)
		RebuildTransferFunctionScriptingTraits (0ms)
		AnalyzeDomain (21ms)
			TypeCache.Refresh (8ms)
				TypeCache.ScanAssembly (1ms)
			ScanForSourceGeneratedMonoScriptInfo (6ms)
			ResolveRequiredComponents (5ms)
	FinalizeReload (843ms)
		ReleaseScriptCaches (0ms)
		RebuildScriptCaches (0ms)
		SetupLoadedEditorAssemblies (393ms)
			LogAssemblyErrors (0ms)
			InitializePlatformSupportModulesInManaged (7ms)
			SetLoadedEditorAssemblies (3ms)
			RefreshPlugins (0ms)
			BeforeProcessingInitializeOnLoad (55ms)
			ProcessInitializeOnLoadAttributes (302ms)
			ProcessInitializeOnLoadMethodAttributes (18ms)
			AfterProcessingInitializeOnLoad (8ms)
			EditorAssembliesLoaded (0ms)
		ExecutionOrderSort2 (0ms)
		AwakeInstancesAfterBackupRestoration (6ms)
Refreshing native plugins compatible for Editor in 2.94 ms, found 3 plugins.
Preloading 0 native plugins for Editor in 0.00 ms.
Unloading 3128 Unused Serialized files (Serialized files now loaded: 0)
Unloading 14 unused Assets / (28.7 KB). Loaded Objects now: 3722.
Memory consumption went from 130.1 MB to 130.0 MB.
Total: 2.851200 ms (FindLiveObjects: 0.274900 ms CreateObjectMapping: 0.104300 ms MarkObjects: 2.425000 ms  DeleteObjects: 0.045900 ms)

Prepare: number of updated asset objects reloaded= 0
AssetImportParameters requested are different than current active one (requested -> active):
  custom:container-demuxer-ogg: 62fdf1f143b41e24485cea50d1cbac27 -> 
  custom:scripting/monoscript/fileName/GameManager.cs: f6182d712e34e20e3202214886862cdb -> 9933fbcc6190e2a9171c2ec8808a053e
  custom:scripting/monoscript/fileName/Income.cs: 938d875b4ea58c05495f38a939171226 -> 
  custom:video-decoder-ogg-theora: a1e56fd34408186e4bbccfd4996cb3dc -> 
  custom:framework-win-MediaFoundation: 216162199b28c13a410421893ffa2e32 -> 
  custom:scripting/monoscript/fileName/Tower.cs: 0e51d5638e1e2b20f04394d6225c671a -> 16583eaf01662413665c0a8803428cd6
  custom:scripting/monoscript/fileName/MenuFrame.cs: 575edbd0df24363ab161dfcb310542c7 -> 
  custom:CustomObjectIndexerAttribute: 9a22284fe3817be447336de3de66b15e -> 
  custom:scripting/monoscript/fileName/Readme.cs: 5aedf578fb2663036982fb7b05aaf325 -> 
  custom:scripting/monoscript/fileName/Tooltip.cs: b7163f69ad820c51a0cfd3387a68b1d4 -> efb4e7ecf4b2142538150f2477ca1e4e
  custom:container-demuxer-webm: 4f35f7cbe854078d1ac9338744f61a02 -> 
  custom:scripting/monoscript/fileName/GoldMine.cs: bab3e2ee0cdfb32214ea1458d0239fb0 -> 
  custom:container-muxer-webm: aa71ff27fc2769a1b78a27578f13a17b -> 
  custom:scripting/monoscript/fileName/ReadmeEditor.cs: ff7ced1e41c1b99ddf5dfefc88f6bd50 -> 
  custom:video-decoder-webm-vp8: 9c59270c3fd7afecdb556c50c9e8de78 -> 
  custom:SearchIndexIgnoredProperties: e643bd26f0fe6173181afceb89e7c659 -> 
  custom:AudioImporter_EditorPlatform: d09bf68614088b80899f8185d706f6e7 -> 
  custom:scripting/monoscript/fileName/LumberMill.cs: c2d45524fbd0d6e9a670d983de5f81d7 -> 
  custom:scripting/monoscript/fileName/Slime.cs: e872c3a4bc36777cb1cc31d8379690c8 -> 05272bae05f111c6b0609e32e93d89d5
  custom:scripting/monoscript/fileName/Bar.cs: 890822e7dfd0f89892a6fd3ee944f62e -> 71c40e549b4fade8bed144aaff5a79ac
  custom:scripting/monoscript/fileName/TooltipManager.cs: 902a800de15a4facdbc6dbb1be6c1339 -> bc11dd805cb64c1c2f88cd7ae96fba24
  custom:video-encoder-webm-vp8: eb34c28f22e8b96e1ab97ce403110664 -> 
  custom:audio-decoder-ogg-vorbis: bf7c407c2cedff20999df2af8eb42d56 -> 
  custom:scripting/monoscript/fileName/Bullet.cs: 48ff13ede6c310cc0acf4a30e818a1de -> a4f5918e799041ba1f6608f13912eb8b
  custom:scripting/monoscript/fileName/TowerBuild.cs: 3807a8e615ef6a49dfd3f6bc5055a7a9 -> 9ea8b859a681512b782b9b3988d2f5f8
  custom:scripting/monoscript/fileName/Wave.cs: c8b913f1d5cb3bff026a08ce26c83aad -> 6e300e3b5d1a1dd15fa0115918e06e83
  custom:audio-encoder-webm-vorbis: bf7c407c2cedff20999df2af8eb42d56 -> 
  custom:scripting/monoscript/fileName/WaterReflection.cs: f1c57f2ce2c094032b710e8e5eb21bd7 -> 
  custom:scripting/monoscript/fileName/Tile.cs: e6480a408e34695897b31a69fad2b871 -> a94101d916c115d73aff3567a86e16d8
========================================================================
Received Prepare
Caller must complete domain reload
Begin MonoManager ReloadAssembly
- Loaded All Assemblies, in  0.397 seconds
Native extension for WindowsStandalone target not found
Native extension for WebGL target not found
[Package Manager] Server::EnsureServerProcessIsRunning -- launch failed, reason: Unity was launched with the -noUpm command-line argument
[Package Manager] UpmClient::Send -- Unable to send message (not connected to UPM process).
[Package Manager] Cannot connect to Unity Package Manager local server
Mono: successfully reloaded assembly
- Finished resetting the current domain, in  0.917 seconds
Domain Reload Profiling: 1312ms
	BeginReloadAssembly (140ms)
		ExecutionOrderSort (0ms)
		DisableScriptedObjects (4ms)
		BackupInstance (0ms)
		ReleaseScriptingObjects (0ms)
		CreateAndSetChildDomain (28ms)
	RebuildCommonClasses (31ms)
	RebuildNativeTypeToScriptingClass (11ms)
	initialDomainReloadingComplete (26ms)
	LoadAllAssembliesAndSetupDomain (185ms)
		LoadAssemblies (249ms)
		RebuildTransferFunctionScriptingTraits (0ms)
		AnalyzeDomain (14ms)
			TypeCache.Refresh (6ms)
				TypeCache.ScanAssembly (0ms)
			ScanForSourceGeneratedMonoScriptInfo (0ms)
			ResolveRequiredComponents (6ms)
	FinalizeReload (918ms)
		ReleaseScriptCaches (0ms)
		RebuildScriptCaches (0ms)
		SetupLoadedEditorAssemblies (473ms)
			LogAssemblyErrors (0ms)
			InitializePlatformSupportModulesInManaged (9ms)
			SetLoadedEditorAssemblies (3ms)
			RefreshPlugins (0ms)
			BeforeProcessingInitializeOnLoad (66ms)
			ProcessInitializeOnLoadAttributes (362ms)
			ProcessInitializeOnLoadMethodAttributes (24ms)
			AfterProcessingInitializeOnLoad (9ms)
			EditorAssembliesLoaded (0ms)
		ExecutionOrderSort2 (0ms)
		AwakeInstancesAfterBackupRestoration (8ms)
Refreshing native plugins compatible for Editor in 3.54 ms, found 3 plugins.
Preloading 0 native plugins for Editor in 0.00 ms.
Unloading 3128 Unused Serialized files (Serialized files now loaded: 0)
Unloading 14 unused Assets / (28.6 KB). Loaded Objects now: 3725.
Memory consumption went from 130.1 MB to 130.0 MB.
Total: 2.837100 ms (FindLiveObjects: 0.380500 ms CreateObjectMapping: 0.079300 ms MarkObjects: 2.328500 ms  DeleteObjects: 0.048000 ms)

Prepare: number of updated asset objects reloaded= 0
AssetImportParameters requested are different than current active one (requested -> active):
  custom:container-demuxer-ogg: 62fdf1f143b41e24485cea50d1cbac27 -> 
  custom:scripting/monoscript/fileName/GameManager.cs: f6182d712e34e20e3202214886862cdb -> 9933fbcc6190e2a9171c2ec8808a053e
  custom:scripting/monoscript/fileName/Income.cs: 938d875b4ea58c05495f38a939171226 -> 
  custom:video-decoder-ogg-theora: a1e56fd34408186e4bbccfd4996cb3dc -> 
  custom:framework-win-MediaFoundation: 216162199b28c13a410421893ffa2e32 -> 
  custom:scripting/monoscript/fileName/Tower.cs: 0e51d5638e1e2b20f04394d6225c671a -> 16583eaf01662413665c0a8803428cd6
  custom:scripting/monoscript/fileName/MenuFrame.cs: 575edbd0df24363ab161dfcb310542c7 -> 
  custom:CustomObjectIndexerAttribute: 9a22284fe3817be447336de3de66b15e -> 
  custom:scripting/monoscript/fileName/Readme.cs: 5aedf578fb2663036982fb7b05aaf325 -> 
  custom:scripting/monoscript/fileName/Tooltip.cs: b7163f69ad820c51a0cfd3387a68b1d4 -> efb4e7ecf4b2142538150f2477ca1e4e
  custom:container-demuxer-webm: 4f35f7cbe854078d1ac9338744f61a02 -> 
  custom:scripting/monoscript/fileName/GoldMine.cs: bab3e2ee0cdfb32214ea1458d0239fb0 -> 
  custom:container-muxer-webm: aa71ff27fc2769a1b78a27578f13a17b -> 
  custom:scripting/monoscript/fileName/ReadmeEditor.cs: ff7ced1e41c1b99ddf5dfefc88f6bd50 -> 
  custom:video-decoder-webm-vp8: 9c59270c3fd7afecdb556c50c9e8de78 -> 
  custom:SearchIndexIgnoredProperties: e643bd26f0fe6173181afceb89e7c659 -> 
  custom:AudioImporter_EditorPlatform: d09bf68614088b80899f8185d706f6e7 -> 
  custom:scripting/monoscript/fileName/LumberMill.cs: c2d45524fbd0d6e9a670d983de5f81d7 -> 
  custom:scripting/monoscript/fileName/Slime.cs: e872c3a4bc36777cb1cc31d8379690c8 -> 05272bae05f111c6b0609e32e93d89d5
  custom:scripting/monoscript/fileName/Bar.cs: 890822e7dfd0f89892a6fd3ee944f62e -> 71c40e549b4fade8bed144aaff5a79ac
  custom:scripting/monoscript/fileName/TooltipManager.cs: 902a800de15a4facdbc6dbb1be6c1339 -> bc11dd805cb64c1c2f88cd7ae96fba24
  custom:video-encoder-webm-vp8: eb34c28f22e8b96e1ab97ce403110664 -> 
  custom:audio-decoder-ogg-vorbis: bf7c407c2cedff20999df2af8eb42d56 -> 
  custom:scripting/monoscript/fileName/Bullet.cs: 48ff13ede6c310cc0acf4a30e818a1de -> a4f5918e799041ba1f6608f13912eb8b
  custom:scripting/monoscript/fileName/TowerBuild.cs: 3807a8e615ef6a49dfd3f6bc5055a7a9 -> 9ea8b859a681512b782b9b3988d2f5f8
  custom:scripting/monoscript/fileName/Wave.cs: c8b913f1d5cb3bff026a08ce26c83aad -> 6e300e3b5d1a1dd15fa0115918e06e83
  custom:audio-encoder-webm-vorbis: bf7c407c2cedff20999df2af8eb42d56 -> 
  custom:scripting/monoscript/fileName/WaterReflection.cs: f1c57f2ce2c094032b710e8e5eb21bd7 -> 
  custom:scripting/monoscript/fileName/Tile.cs: e6480a408e34695897b31a69fad2b871 -> a94101d916c115d73aff3567a86e16d8
========================================================================
Received Prepare
Caller must complete domain reload
Begin MonoManager ReloadAssembly
- Loaded All Assemblies, in  0.544 seconds
Native extension for WindowsStandalone target not found
Native extension for WebGL target not found
[Package Manager] Server::EnsureServerProcessIsRunning -- launch failed, reason: Unity was launched with the -noUpm command-line argument
[Package Manager] UpmClient::Send -- Unable to send message (not connected to UPM process).
[Package Manager] Cannot connect to Unity Package Manager local server
Mono: successfully reloaded assembly
- Finished resetting the current domain, in  1.002 seconds
Domain Reload Profiling: 1543ms
	BeginReloadAssembly (240ms)
		ExecutionOrderSort (0ms)
		DisableScriptedObjects (4ms)
		BackupInstance (0ms)
		ReleaseScriptingObjects (0ms)
		CreateAndSetChildDomain (98ms)
	RebuildCommonClasses (34ms)
	RebuildNativeTypeToScriptingClass (11ms)
	initialDomainReloadingComplete (30ms)
	LoadAllAssembliesAndSetupDomain (224ms)
		LoadAssemblies (277ms)
		RebuildTransferFunctionScriptingTraits (0ms)
		AnalyzeDomain (29ms)
			TypeCache.Refresh (11ms)
				TypeCache.ScanAssembly (1ms)
			ScanForSourceGeneratedMonoScriptInfo (8ms)
			ResolveRequiredComponents (7ms)
	FinalizeReload (1003ms)
		ReleaseScriptCaches (0ms)
		RebuildScriptCaches (0ms)
		SetupLoadedEditorAssemblies (495ms)
			LogAssemblyErrors (0ms)
			InitializePlatformSupportModulesInManaged (9ms)
			SetLoadedEditorAssemblies (3ms)
			RefreshPlugins (0ms)
			BeforeProcessingInitializeOnLoad (67ms)
			ProcessInitializeOnLoadAttributes (383ms)
			ProcessInitializeOnLoadMethodAttributes (25ms)
			AfterProcessingInitializeOnLoad (8ms)
			EditorAssembliesLoaded (0ms)
		ExecutionOrderSort2 (0ms)
		AwakeInstancesAfterBackupRestoration (7ms)
Refreshing native plugins compatible for Editor in 3.90 ms, found 3 plugins.
Preloading 0 native plugins for Editor in 0.00 ms.
Unloading 3128 Unused Serialized files (Serialized files now loaded: 0)
Unloading 14 unused Assets / (28.7 KB). Loaded Objects now: 3728.
Memory consumption went from 130.1 MB to 130.0 MB.
Total: 2.795800 ms (FindLiveObjects: 0.316500 ms CreateObjectMapping: 0.086600 ms MarkObjects: 2.347100 ms  DeleteObjects: 0.044300 ms)

Prepare: number of updated asset objects reloaded= 0
AssetImportParameters requested are different than current active one (requested -> active):
  custom:container-demuxer-ogg: 62fdf1f143b41e24485cea50d1cbac27 -> 
  custom:scripting/monoscript/fileName/GameManager.cs: f6182d712e34e20e3202214886862cdb -> 9933fbcc6190e2a9171c2ec8808a053e
  custom:scripting/monoscript/fileName/Income.cs: 938d875b4ea58c05495f38a939171226 -> 
  custom:video-decoder-ogg-theora: a1e56fd34408186e4bbccfd4996cb3dc -> 
  custom:framework-win-MediaFoundation: 216162199b28c13a410421893ffa2e32 -> 
  custom:scripting/monoscript/fileName/Tower.cs: 0e51d5638e1e2b20f04394d6225c671a -> 16583eaf01662413665c0a8803428cd6
  custom:scripting/monoscript/fileName/MenuFrame.cs: 575edbd0df24363ab161dfcb310542c7 -> 
  custom:CustomObjectIndexerAttribute: 9a22284fe3817be447336de3de66b15e -> 
  custom:scripting/monoscript/fileName/Readme.cs: 5aedf578fb2663036982fb7b05aaf325 -> 
  custom:scripting/monoscript/fileName/Tooltip.cs: b7163f69ad820c51a0cfd3387a68b1d4 -> efb4e7ecf4b2142538150f2477ca1e4e
  custom:container-demuxer-webm: 4f35f7cbe854078d1ac9338744f61a02 -> 
  custom:scripting/monoscript/fileName/GoldMine.cs: bab3e2ee0cdfb32214ea1458d0239fb0 -> 
  custom:container-muxer-webm: aa71ff27fc2769a1b78a27578f13a17b -> 
  custom:scripting/monoscript/fileName/ReadmeEditor.cs: ff7ced1e41c1b99ddf5dfefc88f6bd50 -> 
  custom:video-decoder-webm-vp8: 9c59270c3fd7afecdb556c50c9e8de78 -> 
  custom:SearchIndexIgnoredProperties: e643bd26f0fe6173181afceb89e7c659 -> 
  custom:AudioImporter_EditorPlatform: d09bf68614088b80899f8185d706f6e7 -> 
  custom:scripting/monoscript/fileName/LumberMill.cs: c2d45524fbd0d6e9a670d983de5f81d7 -> 
  custom:scripting/monoscript/fileName/Slime.cs: e872c3a4bc36777cb1cc31d8379690c8 -> 05272bae05f111c6b0609e32e93d89d5
  custom:scripting/monoscript/fileName/Bar.cs: 890822e7dfd0f89892a6fd3ee944f62e -> 71c40e549b4fade8bed144aaff5a79ac
  custom:scripting/monoscript/fileName/TooltipManager.cs: 902a800de15a4facdbc6dbb1be6c1339 -> bc11dd805cb64c1c2f88cd7ae96fba24
  custom:video-encoder-webm-vp8: eb34c28f22e8b96e1ab97ce403110664 -> 
  custom:audio-decoder-ogg-vorbis: bf7c407c2cedff20999df2af8eb42d56 -> 
  custom:scripting/monoscript/fileName/Bullet.cs: 48ff13ede6c310cc0acf4a30e818a1de -> a4f5918e799041ba1f6608f13912eb8b
  custom:scripting/monoscript/fileName/TowerBuild.cs: 3807a8e615ef6a49dfd3f6bc5055a7a9 -> 9ea8b859a681512b782b9b3988d2f5f8
  custom:scripting/monoscript/fileName/Wave.cs: c8b913f1d5cb3bff026a08ce26c83aad -> 6e300e3b5d1a1dd15fa0115918e06e83
  custom:audio-encoder-webm-vorbis: bf7c407c2cedff20999df2af8eb42d56 -> 
  custom:scripting/monoscript/fileName/WaterReflection.cs: f1c57f2ce2c094032b710e8e5eb21bd7 -> 
  custom:scripting/monoscript/fileName/Tile.cs: e6480a408e34695897b31a69fad2b871 -> a94101d916c115d73aff3567a86e16d8
========================================================================
Received Prepare
Caller must complete domain reload
Begin MonoManager ReloadAssembly
- Loaded All Assemblies, in  0.426 seconds
Native extension for WindowsStandalone target not found
Native extension for WebGL target not found
[Package Manager] Server::EnsureServerProcessIsRunning -- launch failed, reason: Unity was launched with the -noUpm command-line argument
[Package Manager] UpmClient::Send -- Unable to send message (not connected to UPM process).
[Package Manager] Cannot connect to Unity Package Manager local server
Mono: successfully reloaded assembly
- Finished resetting the current domain, in  0.869 seconds
Domain Reload Profiling: 1292ms
	BeginReloadAssembly (142ms)
		ExecutionOrderSort (0ms)
		DisableScriptedObjects (4ms)
		BackupInstance (0ms)
		ReleaseScriptingObjects (0ms)
		CreateAndSetChildDomain (31ms)
	RebuildCommonClasses (33ms)
	RebuildNativeTypeToScriptingClass (11ms)
	initialDomainReloadingComplete (29ms)
	LoadAllAssembliesAndSetupDomain (208ms)
		LoadAssemblies (262ms)
		RebuildTransferFunctionScriptingTraits (0ms)
		AnalyzeDomain (22ms)
			TypeCache.Refresh (8ms)
				TypeCache.ScanAssembly (1ms)
			ScanForSourceGeneratedMonoScriptInfo (7ms)
			ResolveRequiredComponents (5ms)
	FinalizeReload (869ms)
		ReleaseScriptCaches (0ms)
		RebuildScriptCaches (0ms)
		SetupLoadedEditorAssemblies (423ms)
			LogAssemblyErrors (0ms)
			InitializePlatformSupportModulesInManaged (9ms)
			SetLoadedEditorAssemblies (4ms)
			RefreshPlugins (0ms)
			BeforeProcessingInitializeOnLoad (58ms)
			ProcessInitializeOnLoadAttributes (326ms)
			ProcessInitializeOnLoadMethodAttributes (19ms)
			AfterProcessingInitializeOnLoad (8ms)
			EditorAssembliesLoaded (0ms)
		ExecutionOrderSort2 (0ms)
		AwakeInstancesAfterBackupRestoration (6ms)
Refreshing native plugins compatible for Editor in 3.75 ms, found 3 plugins.
Preloading 0 native plugins for Editor in 0.00 ms.
Unloading 3128 Unused Serialized files (Serialized files now loaded: 0)
Unloading 14 unused Assets / (28.7 KB). Loaded Objects now: 3731.
Memory consumption went from 130.1 MB to 130.0 MB.
Total: 2.854400 ms (FindLiveObjects: 0.315700 ms CreateObjectMapping: 0.085500 ms MarkObjects: 2.390400 ms  DeleteObjects: 0.061200 ms)

Prepare: number of updated asset objects reloaded= 0
AssetImportParameters requested are different than current active one (requested -> active):
  custom:container-demuxer-ogg: 62fdf1f143b41e24485cea50d1cbac27 -> 
  custom:scripting/monoscript/fileName/GameManager.cs: f6182d712e34e20e3202214886862cdb -> 9933fbcc6190e2a9171c2ec8808a053e
  custom:scripting/monoscript/fileName/Income.cs: 938d875b4ea58c05495f38a939171226 -> 
  custom:video-decoder-ogg-theora: a1e56fd34408186e4bbccfd4996cb3dc -> 
  custom:framework-win-MediaFoundation: 216162199b28c13a410421893ffa2e32 -> 
  custom:scripting/monoscript/fileName/Tower.cs: 0e51d5638e1e2b20f04394d6225c671a -> 16583eaf01662413665c0a8803428cd6
  custom:scripting/monoscript/fileName/MenuFrame.cs: 575edbd0df24363ab161dfcb310542c7 -> 
  custom:CustomObjectIndexerAttribute: 9a22284fe3817be447336de3de66b15e -> 
  custom:scripting/monoscript/fileName/Readme.cs: 5aedf578fb2663036982fb7b05aaf325 -> 
  custom:scripting/monoscript/fileName/Tooltip.cs: b7163f69ad820c51a0cfd3387a68b1d4 -> efb4e7ecf4b2142538150f2477ca1e4e
  custom:container-demuxer-webm: 4f35f7cbe854078d1ac9338744f61a02 -> 
  custom:scripting/monoscript/fileName/GoldMine.cs: bab3e2ee0cdfb32214ea1458d0239fb0 -> 
  custom:container-muxer-webm: aa71ff27fc2769a1b78a27578f13a17b -> 
  custom:scripting/monoscript/fileName/ReadmeEditor.cs: ff7ced1e41c1b99ddf5dfefc88f6bd50 -> 
  custom:video-decoder-webm-vp8: 9c59270c3fd7afecdb556c50c9e8de78 -> 
  custom:SearchIndexIgnoredProperties: e643bd26f0fe6173181afceb89e7c659 -> 
  custom:AudioImporter_EditorPlatform: d09bf68614088b80899f8185d706f6e7 -> 
  custom:scripting/monoscript/fileName/LumberMill.cs: c2d45524fbd0d6e9a670d983de5f81d7 -> 
  custom:scripting/monoscript/fileName/Slime.cs: e872c3a4bc36777cb1cc31d8379690c8 -> 05272bae05f111c6b0609e32e93d89d5
  custom:scripting/monoscript/fileName/Bar.cs: 890822e7dfd0f89892a6fd3ee944f62e -> 71c40e549b4fade8bed144aaff5a79ac
  custom:scripting/monoscript/fileName/TooltipManager.cs: 902a800de15a4facdbc6dbb1be6c1339 -> bc11dd805cb64c1c2f88cd7ae96fba24
  custom:video-encoder-webm-vp8: eb34c28f22e8b96e1ab97ce403110664 -> 
  custom:audio-decoder-ogg-vorbis: bf7c407c2cedff20999df2af8eb42d56 -> 
  custom:scripting/monoscript/fileName/Bullet.cs: 48ff13ede6c310cc0acf4a30e818a1de -> a4f5918e799041ba1f6608f13912eb8b
  custom:scripting/monoscript/fileName/TowerBuild.cs: 3807a8e615ef6a49dfd3f6bc5055a7a9 -> 9ea8b859a681512b782b9b3988d2f5f8
  custom:scripting/monoscript/fileName/Wave.cs: c8b913f1d5cb3bff026a08ce26c83aad -> 6e300e3b5d1a1dd15fa0115918e06e83
  custom:audio-encoder-webm-vorbis: bf7c407c2cedff20999df2af8eb42d56 -> 
  custom:scripting/monoscript/fileName/WaterReflection.cs: f1c57f2ce2c094032b710e8e5eb21bd7 -> 
  custom:scripting/monoscript/fileName/Tile.cs: e6480a408e34695897b31a69fad2b871 -> a94101d916c115d73aff3567a86e16d8
========================================================================
Received Prepare
Caller must complete domain reload
Begin MonoManager ReloadAssembly
- Loaded All Assemblies, in  0.400 seconds
Native extension for WindowsStandalone target not found
Native extension for WebGL target not found
[Package Manager] Server::EnsureServerProcessIsRunning -- launch failed, reason: Unity was launched with the -noUpm command-line argument
[Package Manager] UpmClient::Send -- Unable to send message (not connected to UPM process).
[Package Manager] Cannot connect to Unity Package Manager local server
Mono: successfully reloaded assembly
- Finished resetting the current domain, in  0.889 seconds
Domain Reload Profiling: 1286ms
	BeginReloadAssembly (137ms)
		ExecutionOrderSort (0ms)
		DisableScriptedObjects (4ms)
		BackupInstance (0ms)
		ReleaseScriptingObjects (0ms)
		CreateAndSetChildDomain (28ms)
	RebuildCommonClasses (31ms)
	RebuildNativeTypeToScriptingClass (11ms)
	initialDomainReloadingComplete (27ms)
	LoadAllAssembliesAndSetupDomain (190ms)
		LoadAssemblies (252ms)
		RebuildTransferFunctionScriptingTraits (0ms)
		AnalyzeDomain (13ms)
			TypeCache.Refresh (5ms)
				TypeCache.ScanAssembly (0ms)
			ScanForSourceGeneratedMonoScriptInfo (0ms)
			ResolveRequiredComponents (6ms)
	FinalizeReload (889ms)
		ReleaseScriptCaches (0ms)
		RebuildScriptCaches (0ms)
		SetupLoadedEditorAssemblies (463ms)
			LogAssemblyErrors (0ms)
			InitializePlatformSupportModulesInManaged (9ms)
			SetLoadedEditorAssemblies (3ms)
			RefreshPlugins (0ms)
			BeforeProcessingInitializeOnLoad (58ms)
			ProcessInitializeOnLoadAttributes (364ms)
			ProcessInitializeOnLoadMethodAttributes (22ms)
			AfterProcessingInitializeOnLoad (8ms)
			EditorAssembliesLoaded (0ms)
		ExecutionOrderSort2 (0ms)
		AwakeInstancesAfterBackupRestoration (8ms)
Refreshing native plugins compatible for Editor in 3.73 ms, found 3 plugins.
Preloading 0 native plugins for Editor in 0.00 ms.
Unloading 3128 Unused Serialized files (Serialized files now loaded: 0)
Unloading 14 unused Assets / (28.8 KB). Loaded Objects now: 3734.
Memory consumption went from 130.1 MB to 130.0 MB.
Total: 2.768300 ms (FindLiveObjects: 0.348100 ms CreateObjectMapping: 0.075900 ms MarkObjects: 2.299300 ms  DeleteObjects: 0.044000 ms)

Prepare: number of updated asset objects reloaded= 0
AssetImportParameters requested are different than current active one (requested -> active):
  custom:container-demuxer-ogg: 62fdf1f143b41e24485cea50d1cbac27 -> 
  custom:scripting/monoscript/fileName/GameManager.cs: f6182d712e34e20e3202214886862cdb -> 9933fbcc6190e2a9171c2ec8808a053e
  custom:scripting/monoscript/fileName/Income.cs: 938d875b4ea58c05495f38a939171226 -> 
  custom:video-decoder-ogg-theora: a1e56fd34408186e4bbccfd4996cb3dc -> 
  custom:framework-win-MediaFoundation: 216162199b28c13a410421893ffa2e32 -> 
  custom:scripting/monoscript/fileName/Tower.cs: 0e51d5638e1e2b20f04394d6225c671a -> 16583eaf01662413665c0a8803428cd6
  custom:scripting/monoscript/fileName/MenuFrame.cs: 575edbd0df24363ab161dfcb310542c7 -> 
  custom:CustomObjectIndexerAttribute: 9a22284fe3817be447336de3de66b15e -> 
  custom:scripting/monoscript/fileName/Readme.cs: 5aedf578fb2663036982fb7b05aaf325 -> 
  custom:scripting/monoscript/fileName/Tooltip.cs: b7163f69ad820c51a0cfd3387a68b1d4 -> efb4e7ecf4b2142538150f2477ca1e4e
  custom:container-demuxer-webm: 4f35f7cbe854078d1ac9338744f61a02 -> 
  custom:scripting/monoscript/fileName/GoldMine.cs: bab3e2ee0cdfb32214ea1458d0239fb0 -> 
  custom:container-muxer-webm: aa71ff27fc2769a1b78a27578f13a17b -> 
  custom:scripting/monoscript/fileName/ReadmeEditor.cs: ff7ced1e41c1b99ddf5dfefc88f6bd50 -> 
  custom:video-decoder-webm-vp8: 9c59270c3fd7afecdb556c50c9e8de78 -> 
  custom:SearchIndexIgnoredProperties: e643bd26f0fe6173181afceb89e7c659 -> 
  custom:AudioImporter_EditorPlatform: d09bf68614088b80899f8185d706f6e7 -> 
  custom:scripting/monoscript/fileName/LumberMill.cs: c2d45524fbd0d6e9a670d983de5f81d7 -> 
  custom:scripting/monoscript/fileName/Slime.cs: e872c3a4bc36777cb1cc31d8379690c8 -> 05272bae05f111c6b0609e32e93d89d5
  custom:scripting/monoscript/fileName/Bar.cs: 890822e7dfd0f89892a6fd3ee944f62e -> 71c40e549b4fade8bed144aaff5a79ac
  custom:scripting/monoscript/fileName/TooltipManager.cs: 902a800de15a4facdbc6dbb1be6c1339 -> bc11dd805cb64c1c2f88cd7ae96fba24
  custom:video-encoder-webm-vp8: eb34c28f22e8b96e1ab97ce403110664 -> 
  custom:audio-decoder-ogg-vorbis: bf7c407c2cedff20999df2af8eb42d56 -> 
  custom:scripting/monoscript/fileName/Bullet.cs: 48ff13ede6c310cc0acf4a30e818a1de -> a4f5918e799041ba1f6608f13912eb8b
  custom:scripting/monoscript/fileName/TowerBuild.cs: 3807a8e615ef6a49dfd3f6bc5055a7a9 -> 9ea8b859a681512b782b9b3988d2f5f8
  custom:scripting/monoscript/fileName/Wave.cs: c8b913f1d5cb3bff026a08ce26c83aad -> 6e300e3b5d1a1dd15fa0115918e06e83
  custom:audio-encoder-webm-vorbis: bf7c407c2cedff20999df2af8eb42d56 -> 
  custom:scripting/monoscript/fileName/WaterReflection.cs: f1c57f2ce2c094032b710e8e5eb21bd7 -> 
  custom:scripting/monoscript/fileName/Tile.cs: e6480a408e34695897b31a69fad2b871 -> a94101d916c115d73aff3567a86e16d8
========================================================================
Received Prepare
Caller must complete domain reload
Begin MonoManager ReloadAssembly
- Loaded All Assemblies, in  0.423 seconds
Native extension for WindowsStandalone target not found
Native extension for WebGL target not found
[Package Manager] Server::EnsureServerProcessIsRunning -- launch failed, reason: Unity was launched with the -noUpm command-line argument
[Package Manager] UpmClient::Send -- Unable to send message (not connected to UPM process).
[Package Manager] Cannot connect to Unity Package Manager local server
Mono: successfully reloaded assembly
- Finished resetting the current domain, in  0.933 seconds
Domain Reload Profiling: 1353ms
	BeginReloadAssembly (143ms)
		ExecutionOrderSort (0ms)
		DisableScriptedObjects (4ms)
		BackupInstance (0ms)
		ReleaseScriptingObjects (0ms)
		CreateAndSetChildDomain (29ms)
	RebuildCommonClasses (36ms)
	RebuildNativeTypeToScriptingClass (12ms)
	initialDomainReloadingComplete (27ms)
	LoadAllAssembliesAndSetupDomain (202ms)
		LoadAssemblies (260ms)
		RebuildTransferFunctionScriptingTraits (0ms)
		AnalyzeDomain (22ms)
			TypeCache.Refresh (8ms)
				TypeCache.ScanAssembly (1ms)
			ScanForSourceGeneratedMonoScriptInfo (6ms)
			ResolveRequiredComponents (5ms)
	FinalizeReload (933ms)
		ReleaseScriptCaches (0ms)
		RebuildScriptCaches (0ms)
		SetupLoadedEditorAssemblies (490ms)
			LogAssemblyErrors (0ms)
			InitializePlatformSupportModulesInManaged (8ms)
			SetLoadedEditorAssemblies (3ms)
			RefreshPlugins (0ms)
			BeforeProcessingInitializeOnLoad (54ms)
			ProcessInitializeOnLoadAttributes (395ms)
			ProcessInitializeOnLoadMethodAttributes (20ms)
			AfterProcessingInitializeOnLoad (9ms)
			EditorAssembliesLoaded (0ms)
		ExecutionOrderSort2 (0ms)
		AwakeInstancesAfterBackupRestoration (8ms)
Refreshing native plugins compatible for Editor in 3.03 ms, found 3 plugins.
Preloading 0 native plugins for Editor in 0.00 ms.
Unloading 3128 Unused Serialized files (Serialized files now loaded: 0)
Unloading 14 unused Assets / (28.8 KB). Loaded Objects now: 3737.
Memory consumption went from 130.1 MB to 130.1 MB.
Total: 3.205700 ms (FindLiveObjects: 0.277600 ms CreateObjectMapping: 0.087400 ms MarkObjects: 2.793700 ms  DeleteObjects: 0.045800 ms)

Prepare: number of updated asset objects reloaded= 0
AssetImportParameters requested are different than current active one (requested -> active):
  custom:container-demuxer-ogg: 62fdf1f143b41e24485cea50d1cbac27 -> 
  custom:scripting/monoscript/fileName/GameManager.cs: f6182d712e34e20e3202214886862cdb -> 9933fbcc6190e2a9171c2ec8808a053e
  custom:scripting/monoscript/fileName/Income.cs: 938d875b4ea58c05495f38a939171226 -> 
  custom:video-decoder-ogg-theora: a1e56fd34408186e4bbccfd4996cb3dc -> 
  custom:framework-win-MediaFoundation: 216162199b28c13a410421893ffa2e32 -> 
  custom:scripting/monoscript/fileName/Tower.cs: 0e51d5638e1e2b20f04394d6225c671a -> 16583eaf01662413665c0a8803428cd6
  custom:scripting/monoscript/fileName/MenuFrame.cs: 575edbd0df24363ab161dfcb310542c7 -> 
  custom:CustomObjectIndexerAttribute: 9a22284fe3817be447336de3de66b15e -> 
  custom:scripting/monoscript/fileName/Readme.cs: 5aedf578fb2663036982fb7b05aaf325 -> 
  custom:scripting/monoscript/fileName/Tooltip.cs: b7163f69ad820c51a0cfd3387a68b1d4 -> efb4e7ecf4b2142538150f2477ca1e4e
  custom:container-demuxer-webm: 4f35f7cbe854078d1ac9338744f61a02 -> 
  custom:scripting/monoscript/fileName/GoldMine.cs: bab3e2ee0cdfb32214ea1458d0239fb0 -> 
  custom:container-muxer-webm: aa71ff27fc2769a1b78a27578f13a17b -> 
  custom:scripting/monoscript/fileName/ReadmeEditor.cs: ff7ced1e41c1b99ddf5dfefc88f6bd50 -> 
  custom:video-decoder-webm-vp8: 9c59270c3fd7afecdb556c50c9e8de78 -> 
  custom:SearchIndexIgnoredProperties: e643bd26f0fe6173181afceb89e7c659 -> 
  custom:AudioImporter_EditorPlatform: d09bf68614088b80899f8185d706f6e7 -> 
  custom:scripting/monoscript/fileName/LumberMill.cs: c2d45524fbd0d6e9a670d983de5f81d7 -> 
  custom:scripting/monoscript/fileName/Slime.cs: e872c3a4bc36777cb1cc31d8379690c8 -> 05272bae05f111c6b0609e32e93d89d5
  custom:scripting/monoscript/fileName/Bar.cs: 890822e7dfd0f89892a6fd3ee944f62e -> 71c40e549b4fade8bed144aaff5a79ac
  custom:scripting/monoscript/fileName/TooltipManager.cs: 902a800de15a4facdbc6dbb1be6c1339 -> bc11dd805cb64c1c2f88cd7ae96fba24
  custom:video-encoder-webm-vp8: eb34c28f22e8b96e1ab97ce403110664 -> 
  custom:audio-decoder-ogg-vorbis: bf7c407c2cedff20999df2af8eb42d56 -> 
  custom:scripting/monoscript/fileName/Bullet.cs: 48ff13ede6c310cc0acf4a30e818a1de -> a4f5918e799041ba1f6608f13912eb8b
  custom:scripting/monoscript/fileName/TowerBuild.cs: 3807a8e615ef6a49dfd3f6bc5055a7a9 -> 9ea8b859a681512b782b9b3988d2f5f8
  custom:scripting/monoscript/fileName/Wave.cs: c8b913f1d5cb3bff026a08ce26c83aad -> 6e300e3b5d1a1dd15fa0115918e06e83
  custom:audio-encoder-webm-vorbis: bf7c407c2cedff20999df2af8eb42d56 -> 
  custom:scripting/monoscript/fileName/WaterReflection.cs: f1c57f2ce2c094032b710e8e5eb21bd7 -> 
  custom:scripting/monoscript/fileName/Tile.cs: e6480a408e34695897b31a69fad2b871 -> a94101d916c115d73aff3567a86e16d8
========================================================================
Received Prepare
Caller must complete domain reload
Begin MonoManager ReloadAssembly
- Loaded All Assemblies, in  0.407 seconds
Native extension for WindowsStandalone target not found
Native extension for WebGL target not found
[Package Manager] Server::EnsureServerProcessIsRunning -- launch failed, reason: Unity was launched with the -noUpm command-line argument
[Package Manager] UpmClient::Send -- Unable to send message (not connected to UPM process).
[Package Manager] Cannot connect to Unity Package Manager local server
Mono: successfully reloaded assembly
- Finished resetting the current domain, in  0.867 seconds
Domain Reload Profiling: 1271ms
	BeginReloadAssembly (140ms)
		ExecutionOrderSort (0ms)
		DisableScriptedObjects (4ms)
		BackupInstance (0ms)
		ReleaseScriptingObjects (0ms)
		CreateAndSetChildDomain (31ms)
	RebuildCommonClasses (32ms)
	RebuildNativeTypeToScriptingClass (11ms)
	initialDomainReloadingComplete (28ms)
	LoadAllAssembliesAndSetupDomain (193ms)
		LoadAssemblies (256ms)
		RebuildTransferFunctionScriptingTraits (0ms)
		AnalyzeDomain (13ms)
			TypeCache.Refresh (5ms)
				TypeCache.ScanAssembly (0ms)
			ScanForSourceGeneratedMonoScriptInfo (0ms)
			ResolveRequiredComponents (5ms)
	FinalizeReload (867ms)
		ReleaseScriptCaches (0ms)
		RebuildScriptCaches (0ms)
		SetupLoadedEditorAssemblies (430ms)
			LogAssemblyErrors (0ms)
			InitializePlatformSupportModulesInManaged (8ms)
			SetLoadedEditorAssemblies (3ms)
			RefreshPlugins (0ms)
			BeforeProcessingInitializeOnLoad (63ms)
			ProcessInitializeOnLoadAttributes (325ms)
			ProcessInitializeOnLoadMethodAttributes (22ms)
			AfterProcessingInitializeOnLoad (9ms)
			EditorAssembliesLoaded (0ms)
		ExecutionOrderSort2 (0ms)
		AwakeInstancesAfterBackupRestoration (7ms)
Refreshing native plugins compatible for Editor in 2.88 ms, found 3 plugins.
Preloading 0 native plugins for Editor in 0.00 ms.
Unloading 3128 Unused Serialized files (Serialized files now loaded: 0)
Unloading 14 unused Assets / (28.7 KB). Loaded Objects now: 3740.
Memory consumption went from 130.1 MB to 130.1 MB.
Total: 2.721300 ms (FindLiveObjects: 0.270200 ms CreateObjectMapping: 0.085000 ms MarkObjects: 2.320900 ms  DeleteObjects: 0.044400 ms)

Prepare: number of updated asset objects reloaded= 0
AssetImportParameters requested are different than current active one (requested -> active):
  custom:container-demuxer-ogg: 62fdf1f143b41e24485cea50d1cbac27 -> 
  custom:scripting/monoscript/fileName/GameManager.cs: f6182d712e34e20e3202214886862cdb -> 9933fbcc6190e2a9171c2ec8808a053e
  custom:scripting/monoscript/fileName/Income.cs: 938d875b4ea58c05495f38a939171226 -> 
  custom:video-decoder-ogg-theora: a1e56fd34408186e4bbccfd4996cb3dc -> 
  custom:framework-win-MediaFoundation: 216162199b28c13a410421893ffa2e32 -> 
  custom:scripting/monoscript/fileName/Tower.cs: 0e51d5638e1e2b20f04394d6225c671a -> 16583eaf01662413665c0a8803428cd6
  custom:scripting/monoscript/fileName/MenuFrame.cs: 575edbd0df24363ab161dfcb310542c7 -> 
  custom:CustomObjectIndexerAttribute: 9a22284fe3817be447336de3de66b15e -> 
  custom:scripting/monoscript/fileName/Readme.cs: 5aedf578fb2663036982fb7b05aaf325 -> 
  custom:scripting/monoscript/fileName/Tooltip.cs: b7163f69ad820c51a0cfd3387a68b1d4 -> efb4e7ecf4b2142538150f2477ca1e4e
  custom:container-demuxer-webm: 4f35f7cbe854078d1ac9338744f61a02 -> 
  custom:scripting/monoscript/fileName/GoldMine.cs: bab3e2ee0cdfb32214ea1458d0239fb0 -> 
  custom:container-muxer-webm: aa71ff27fc2769a1b78a27578f13a17b -> 
  custom:scripting/monoscript/fileName/ReadmeEditor.cs: ff7ced1e41c1b99ddf5dfefc88f6bd50 -> 
  custom:video-decoder-webm-vp8: 9c59270c3fd7afecdb556c50c9e8de78 -> 
  custom:SearchIndexIgnoredProperties: e643bd26f0fe6173181afceb89e7c659 -> 
  custom:AudioImporter_EditorPlatform: d09bf68614088b80899f8185d706f6e7 -> 
  custom:scripting/monoscript/fileName/LumberMill.cs: c2d45524fbd0d6e9a670d983de5f81d7 -> 
  custom:scripting/monoscript/fileName/Slime.cs: e872c3a4bc36777cb1cc31d8379690c8 -> 05272bae05f111c6b0609e32e93d89d5
  custom:scripting/monoscript/fileName/Bar.cs: 890822e7dfd0f89892a6fd3ee944f62e -> 71c40e549b4fade8bed144aaff5a79ac
  custom:scripting/monoscript/fileName/TooltipManager.cs: 902a800de15a4facdbc6dbb1be6c1339 -> bc11dd805cb64c1c2f88cd7ae96fba24
  custom:video-encoder-webm-vp8: eb34c28f22e8b96e1ab97ce403110664 -> 
  custom:audio-decoder-ogg-vorbis: bf7c407c2cedff20999df2af8eb42d56 -> 
  custom:scripting/monoscript/fileName/Bullet.cs: 48ff13ede6c310cc0acf4a30e818a1de -> a4f5918e799041ba1f6608f13912eb8b
  custom:scripting/monoscript/fileName/TowerBuild.cs: 3807a8e615ef6a49dfd3f6bc5055a7a9 -> 9ea8b859a681512b782b9b3988d2f5f8
  custom:scripting/monoscript/fileName/Wave.cs: c8b913f1d5cb3bff026a08ce26c83aad -> 6e300e3b5d1a1dd15fa0115918e06e83
  custom:audio-encoder-webm-vorbis: bf7c407c2cedff20999df2af8eb42d56 -> 
  custom:scripting/monoscript/fileName/WaterReflection.cs: f1c57f2ce2c094032b710e8e5eb21bd7 -> 
  custom:scripting/monoscript/fileName/Tile.cs: e6480a408e34695897b31a69fad2b871 -> a94101d916c115d73aff3567a86e16d8
========================================================================
Received Prepare
Caller must complete domain reload
Begin MonoManager ReloadAssembly
- Loaded All Assemblies, in  0.430 seconds
Native extension for WindowsStandalone target not found
Native extension for WebGL target not found
[Package Manager] Server::EnsureServerProcessIsRunning -- launch failed, reason: Unity was launched with the -noUpm command-line argument
[Package Manager] UpmClient::Send -- Unable to send message (not connected to UPM process).
[Package Manager] Cannot connect to Unity Package Manager local server
Mono: successfully reloaded assembly
- Finished resetting the current domain, in  0.955 seconds
Domain Reload Profiling: 1382ms
	BeginReloadAssembly (144ms)
		ExecutionOrderSort (0ms)
		DisableScriptedObjects (4ms)
		BackupInstance (0ms)
		ReleaseScriptingObjects (0ms)
		CreateAndSetChildDomain (28ms)
	RebuildCommonClasses (35ms)
	RebuildNativeTypeToScriptingClass (11ms)
	initialDomainReloadingComplete (34ms)
	LoadAllAssembliesAndSetupDomain (203ms)
		LoadAssemblies (263ms)
		RebuildTransferFunctionScriptingTraits (0ms)
		AnalyzeDomain (22ms)
			TypeCache.Refresh (8ms)
				TypeCache.ScanAssembly (1ms)
			ScanForSourceGeneratedMonoScriptInfo (6ms)
			ResolveRequiredComponents (6ms)
	FinalizeReload (955ms)
		ReleaseScriptCaches (0ms)
		RebuildScriptCaches (0ms)
		SetupLoadedEditorAssemblies (490ms)
			LogAssemblyErrors (0ms)
			InitializePlatformSupportModulesInManaged (8ms)
			SetLoadedEditorAssemblies (3ms)
			RefreshPlugins (0ms)
			BeforeProcessingInitializeOnLoad (56ms)
			ProcessInitializeOnLoadAttributes (396ms)
			ProcessInitializeOnLoadMethodAttributes (21ms)
			AfterProcessingInitializeOnLoad (7ms)
			EditorAssembliesLoaded (0ms)
		ExecutionOrderSort2 (0ms)
		AwakeInstancesAfterBackupRestoration (6ms)
Refreshing native plugins compatible for Editor in 3.27 ms, found 3 plugins.
Preloading 0 native plugins for Editor in 0.00 ms.
Unloading 3128 Unused Serialized files (Serialized files now loaded: 0)
Unloading 14 unused Assets / (28.6 KB). Loaded Objects now: 3743.
Memory consumption went from 130.1 MB to 130.1 MB.
Total: 2.668000 ms (FindLiveObjects: 0.262400 ms CreateObjectMapping: 0.089000 ms MarkObjects: 2.274100 ms  DeleteObjects: 0.041700 ms)

Prepare: number of updated asset objects reloaded= 0
AssetImportParameters requested are different than current active one (requested -> active):
  custom:container-demuxer-ogg: 62fdf1f143b41e24485cea50d1cbac27 -> 
  custom:scripting/monoscript/fileName/GameManager.cs: f6182d712e34e20e3202214886862cdb -> 9933fbcc6190e2a9171c2ec8808a053e
  custom:scripting/monoscript/fileName/Income.cs: 938d875b4ea58c05495f38a939171226 -> 
  custom:video-decoder-ogg-theora: a1e56fd34408186e4bbccfd4996cb3dc -> 
  custom:framework-win-MediaFoundation: 216162199b28c13a410421893ffa2e32 -> 
  custom:scripting/monoscript/fileName/Tower.cs: 0e51d5638e1e2b20f04394d6225c671a -> 16583eaf01662413665c0a8803428cd6
  custom:scripting/monoscript/fileName/MenuFrame.cs: 575edbd0df24363ab161dfcb310542c7 -> 
  custom:CustomObjectIndexerAttribute: 9a22284fe3817be447336de3de66b15e -> 
  custom:scripting/monoscript/fileName/Readme.cs: 5aedf578fb2663036982fb7b05aaf325 -> 
  custom:scripting/monoscript/fileName/Tooltip.cs: b7163f69ad820c51a0cfd3387a68b1d4 -> efb4e7ecf4b2142538150f2477ca1e4e
  custom:container-demuxer-webm: 4f35f7cbe854078d1ac9338744f61a02 -> 
  custom:scripting/monoscript/fileName/GoldMine.cs: bab3e2ee0cdfb32214ea1458d0239fb0 -> 
  custom:container-muxer-webm: aa71ff27fc2769a1b78a27578f13a17b -> 
  custom:scripting/monoscript/fileName/ReadmeEditor.cs: ff7ced1e41c1b99ddf5dfefc88f6bd50 -> 
  custom:video-decoder-webm-vp8: 9c59270c3fd7afecdb556c50c9e8de78 -> 
  custom:SearchIndexIgnoredProperties: e643bd26f0fe6173181afceb89e7c659 -> 
  custom:AudioImporter_EditorPlatform: d09bf68614088b80899f8185d706f6e7 -> 
  custom:scripting/monoscript/fileName/LumberMill.cs: c2d45524fbd0d6e9a670d983de5f81d7 -> 
  custom:scripting/monoscript/fileName/Slime.cs: e872c3a4bc36777cb1cc31d8379690c8 -> 05272bae05f111c6b0609e32e93d89d5
  custom:scripting/monoscript/fileName/Bar.cs: 890822e7dfd0f89892a6fd3ee944f62e -> 71c40e549b4fade8bed144aaff5a79ac
  custom:scripting/monoscript/fileName/TooltipManager.cs: 902a800de15a4facdbc6dbb1be6c1339 -> bc11dd805cb64c1c2f88cd7ae96fba24
  custom:video-encoder-webm-vp8: eb34c28f22e8b96e1ab97ce403110664 -> 
  custom:audio-decoder-ogg-vorbis: bf7c407c2cedff20999df2af8eb42d56 -> 
  custom:scripting/monoscript/fileName/Bullet.cs: 48ff13ede6c310cc0acf4a30e818a1de -> a4f5918e799041ba1f6608f13912eb8b
  custom:scripting/monoscript/fileName/TowerBuild.cs: 3807a8e615ef6a49dfd3f6bc5055a7a9 -> 9ea8b859a681512b782b9b3988d2f5f8
  custom:scripting/monoscript/fileName/Wave.cs: c8b913f1d5cb3bff026a08ce26c83aad -> 6e300e3b5d1a1dd15fa0115918e06e83
  custom:audio-encoder-webm-vorbis: bf7c407c2cedff20999df2af8eb42d56 -> 
  custom:scripting/monoscript/fileName/WaterReflection.cs: f1c57f2ce2c094032b710e8e5eb21bd7 -> 
  custom:scripting/monoscript/fileName/Tile.cs: e6480a408e34695897b31a69fad2b871 -> a94101d916c115d73aff3567a86e16d8
========================================================================
Received Prepare
Caller must complete domain reload
Begin MonoManager ReloadAssembly
- Loaded All Assemblies, in  0.451 seconds
Native extension for WindowsStandalone target not found
Native extension for WebGL target not found
[Package Manager] Server::EnsureServerProcessIsRunning -- launch failed, reason: Unity was launched with the -noUpm command-line argument
[Package Manager] UpmClient::Send -- Unable to send message (not connected to UPM process).
[Package Manager] Cannot connect to Unity Package Manager local server
Mono: successfully reloaded assembly
- Finished resetting the current domain, in  0.864 seconds
Domain Reload Profiling: 1313ms
	BeginReloadAssembly (168ms)
		ExecutionOrderSort (0ms)
		DisableScriptedObjects (4ms)
		BackupInstance (0ms)
		ReleaseScriptingObjects (0ms)
		CreateAndSetChildDomain (28ms)
	RebuildCommonClasses (43ms)
	RebuildNativeTypeToScriptingClass (14ms)
	initialDomainReloadingComplete (29ms)
	LoadAllAssembliesAndSetupDomain (194ms)
		LoadAssemblies (277ms)
		RebuildTransferFunctionScriptingTraits (0ms)
		AnalyzeDomain (22ms)
			TypeCache.Refresh (9ms)
				TypeCache.ScanAssembly (1ms)
			ScanForSourceGeneratedMonoScriptInfo (6ms)
			ResolveRequiredComponents (5ms)
	FinalizeReload (864ms)
		ReleaseScriptCaches (0ms)
		RebuildScriptCaches (0ms)
		SetupLoadedEditorAssemblies (401ms)
			LogAssemblyErrors (0ms)
			InitializePlatformSupportModulesInManaged (9ms)
			SetLoadedEditorAssemblies (3ms)
			RefreshPlugins (0ms)
			BeforeProcessingInitializeOnLoad (55ms)
			ProcessInitializeOnLoadAttributes (309ms)
			ProcessInitializeOnLoadMethodAttributes (19ms)
			AfterProcessingInitializeOnLoad (7ms)
			EditorAssembliesLoaded (0ms)
		ExecutionOrderSort2 (0ms)
		AwakeInstancesAfterBackupRestoration (6ms)
Refreshing native plugins compatible for Editor in 4.34 ms, found 3 plugins.
Preloading 0 native plugins for Editor in 0.00 ms.
Unloading 3128 Unused Serialized files (Serialized files now loaded: 0)
Unloading 14 unused Assets / (28.7 KB). Loaded Objects now: 3746.
Memory consumption went from 130.1 MB to 130.1 MB.
Total: 3.354400 ms (FindLiveObjects: 0.334200 ms CreateObjectMapping: 0.084900 ms MarkObjects: 2.892500 ms  DeleteObjects: 0.042000 ms)

Prepare: number of updated asset objects reloaded= 0
AssetImportParameters requested are different than current active one (requested -> active):
  custom:container-demuxer-ogg: 62fdf1f143b41e24485cea50d1cbac27 -> 
  custom:scripting/monoscript/fileName/GameManager.cs: f6182d712e34e20e3202214886862cdb -> 9933fbcc6190e2a9171c2ec8808a053e
  custom:scripting/monoscript/fileName/Income.cs: 938d875b4ea58c05495f38a939171226 -> 
  custom:video-decoder-ogg-theora: a1e56fd34408186e4bbccfd4996cb3dc -> 
  custom:framework-win-MediaFoundation: 216162199b28c13a410421893ffa2e32 -> 
  custom:scripting/monoscript/fileName/Tower.cs: 0e51d5638e1e2b20f04394d6225c671a -> 16583eaf01662413665c0a8803428cd6
  custom:scripting/monoscript/fileName/MenuFrame.cs: 575edbd0df24363ab161dfcb310542c7 -> 
  custom:CustomObjectIndexerAttribute: 9a22284fe3817be447336de3de66b15e -> 
  custom:scripting/monoscript/fileName/Readme.cs: 5aedf578fb2663036982fb7b05aaf325 -> 
  custom:scripting/monoscript/fileName/Tooltip.cs: b7163f69ad820c51a0cfd3387a68b1d4 -> efb4e7ecf4b2142538150f2477ca1e4e
  custom:container-demuxer-webm: 4f35f7cbe854078d1ac9338744f61a02 -> 
  custom:scripting/monoscript/fileName/GoldMine.cs: bab3e2ee0cdfb32214ea1458d0239fb0 -> 
  custom:container-muxer-webm: aa71ff27fc2769a1b78a27578f13a17b -> 
  custom:scripting/monoscript/fileName/ReadmeEditor.cs: ff7ced1e41c1b99ddf5dfefc88f6bd50 -> 
  custom:video-decoder-webm-vp8: 9c59270c3fd7afecdb556c50c9e8de78 -> 
  custom:SearchIndexIgnoredProperties: e643bd26f0fe6173181afceb89e7c659 -> 
  custom:AudioImporter_EditorPlatform: d09bf68614088b80899f8185d706f6e7 -> 
  custom:scripting/monoscript/fileName/LumberMill.cs: c2d45524fbd0d6e9a670d983de5f81d7 -> 
  custom:scripting/monoscript/fileName/Slime.cs: e872c3a4bc36777cb1cc31d8379690c8 -> 05272bae05f111c6b0609e32e93d89d5
  custom:scripting/monoscript/fileName/Bar.cs: 890822e7dfd0f89892a6fd3ee944f62e -> 71c40e549b4fade8bed144aaff5a79ac
  custom:scripting/monoscript/fileName/TooltipManager.cs: 902a800de15a4facdbc6dbb1be6c1339 -> bc11dd805cb64c1c2f88cd7ae96fba24
  custom:video-encoder-webm-vp8: eb34c28f22e8b96e1ab97ce403110664 -> 
  custom:audio-decoder-ogg-vorbis: bf7c407c2cedff20999df2af8eb42d56 -> 
  custom:scripting/monoscript/fileName/Bullet.cs: 48ff13ede6c310cc0acf4a30e818a1de -> a4f5918e799041ba1f6608f13912eb8b
  custom:scripting/monoscript/fileName/TowerBuild.cs: 3807a8e615ef6a49dfd3f6bc5055a7a9 -> 9ea8b859a681512b782b9b3988d2f5f8
  custom:scripting/monoscript/fileName/Wave.cs: c8b913f1d5cb3bff026a08ce26c83aad -> 6e300e3b5d1a1dd15fa0115918e06e83
  custom:audio-encoder-webm-vorbis: bf7c407c2cedff20999df2af8eb42d56 -> 
  custom:scripting/monoscript/fileName/WaterReflection.cs: f1c57f2ce2c094032b710e8e5eb21bd7 -> 
  custom:scripting/monoscript/fileName/Tile.cs: e6480a408e34695897b31a69fad2b871 -> a94101d916c115d73aff3567a86e16d8
========================================================================
Received Prepare
Caller must complete domain reload
Begin MonoManager ReloadAssembly
- Loaded All Assemblies, in  0.397 seconds
Native extension for WindowsStandalone target not found
Native extension for WebGL target not found
[Package Manager] Server::EnsureServerProcessIsRunning -- launch failed, reason: Unity was launched with the -noUpm command-line argument
[Package Manager] UpmClient::Send -- Unable to send message (not connected to UPM process).
[Package Manager] Cannot connect to Unity Package Manager local server
Mono: successfully reloaded assembly
- Finished resetting the current domain, in  0.891 seconds
Domain Reload Profiling: 1286ms
	BeginReloadAssembly (138ms)
		ExecutionOrderSort (0ms)
		DisableScriptedObjects (4ms)
		BackupInstance (0ms)
		ReleaseScriptingObjects (0ms)
		CreateAndSetChildDomain (28ms)
	RebuildCommonClasses (32ms)
	RebuildNativeTypeToScriptingClass (11ms)
	initialDomainReloadingComplete (28ms)
	LoadAllAssembliesAndSetupDomain (186ms)
		LoadAssemblies (248ms)
		RebuildTransferFunctionScriptingTraits (0ms)
		AnalyzeDomain (13ms)
			TypeCache.Refresh (5ms)
				TypeCache.ScanAssembly (0ms)
			ScanForSourceGeneratedMonoScriptInfo (0ms)
			ResolveRequiredComponents (5ms)
	FinalizeReload (891ms)
		ReleaseScriptCaches (0ms)
		RebuildScriptCaches (0ms)
		SetupLoadedEditorAssemblies (458ms)
			LogAssemblyErrors (0ms)
			InitializePlatformSupportModulesInManaged (8ms)
			SetLoadedEditorAssemblies (3ms)
			RefreshPlugins (0ms)
			BeforeProcessingInitializeOnLoad (64ms)
			ProcessInitializeOnLoadAttributes (353ms)
			ProcessInitializeOnLoadMethodAttributes (21ms)
			AfterProcessingInitializeOnLoad (8ms)
			EditorAssembliesLoaded (0ms)
		ExecutionOrderSort2 (0ms)
		AwakeInstancesAfterBackupRestoration (6ms)
Refreshing native plugins compatible for Editor in 3.39 ms, found 3 plugins.
Preloading 0 native plugins for Editor in 0.00 ms.
Unloading 3128 Unused Serialized files (Serialized files now loaded: 0)
Unloading 14 unused Assets / (28.7 KB). Loaded Objects now: 3749.
Memory consumption went from 130.1 MB to 130.1 MB.
Total: 2.852300 ms (FindLiveObjects: 0.335600 ms CreateObjectMapping: 0.087700 ms MarkObjects: 2.384900 ms  DeleteObjects: 0.043400 ms)

Prepare: number of updated asset objects reloaded= 0
AssetImportParameters requested are different than current active one (requested -> active):
  custom:container-demuxer-ogg: 62fdf1f143b41e24485cea50d1cbac27 -> 
  custom:scripting/monoscript/fileName/GameManager.cs: f6182d712e34e20e3202214886862cdb -> 9933fbcc6190e2a9171c2ec8808a053e
  custom:scripting/monoscript/fileName/Income.cs: 938d875b4ea58c05495f38a939171226 -> 
  custom:video-decoder-ogg-theora: a1e56fd34408186e4bbccfd4996cb3dc -> 
  custom:framework-win-MediaFoundation: 216162199b28c13a410421893ffa2e32 -> 
  custom:scripting/monoscript/fileName/Tower.cs: 0e51d5638e1e2b20f04394d6225c671a -> 16583eaf01662413665c0a8803428cd6
  custom:scripting/monoscript/fileName/MenuFrame.cs: 575edbd0df24363ab161dfcb310542c7 -> 
  custom:CustomObjectIndexerAttribute: 9a22284fe3817be447336de3de66b15e -> 
  custom:scripting/monoscript/fileName/Readme.cs: 5aedf578fb2663036982fb7b05aaf325 -> 
  custom:scripting/monoscript/fileName/Tooltip.cs: b7163f69ad820c51a0cfd3387a68b1d4 -> efb4e7ecf4b2142538150f2477ca1e4e
  custom:container-demuxer-webm: 4f35f7cbe854078d1ac9338744f61a02 -> 
  custom:scripting/monoscript/fileName/GoldMine.cs: bab3e2ee0cdfb32214ea1458d0239fb0 -> 
  custom:container-muxer-webm: aa71ff27fc2769a1b78a27578f13a17b -> 
  custom:scripting/monoscript/fileName/ReadmeEditor.cs: ff7ced1e41c1b99ddf5dfefc88f6bd50 -> 
  custom:video-decoder-webm-vp8: 9c59270c3fd7afecdb556c50c9e8de78 -> 
  custom:SearchIndexIgnoredProperties: e643bd26f0fe6173181afceb89e7c659 -> 
  custom:AudioImporter_EditorPlatform: d09bf68614088b80899f8185d706f6e7 -> 
  custom:scripting/monoscript/fileName/LumberMill.cs: c2d45524fbd0d6e9a670d983de5f81d7 -> 
  custom:scripting/monoscript/fileName/Slime.cs: e872c3a4bc36777cb1cc31d8379690c8 -> 05272bae05f111c6b0609e32e93d89d5
  custom:scripting/monoscript/fileName/Bar.cs: 890822e7dfd0f89892a6fd3ee944f62e -> 71c40e549b4fade8bed144aaff5a79ac
  custom:scripting/monoscript/fileName/TooltipManager.cs: 902a800de15a4facdbc6dbb1be6c1339 -> bc11dd805cb64c1c2f88cd7ae96fba24
  custom:video-encoder-webm-vp8: eb34c28f22e8b96e1ab97ce403110664 -> 
  custom:audio-decoder-ogg-vorbis: bf7c407c2cedff20999df2af8eb42d56 -> 
  custom:scripting/monoscript/fileName/Bullet.cs: 48ff13ede6c310cc0acf4a30e818a1de -> a4f5918e799041ba1f6608f13912eb8b
  custom:scripting/monoscript/fileName/TowerBuild.cs: 3807a8e615ef6a49dfd3f6bc5055a7a9 -> 9ea8b859a681512b782b9b3988d2f5f8
  custom:scripting/monoscript/fileName/Wave.cs: c8b913f1d5cb3bff026a08ce26c83aad -> 6e300e3b5d1a1dd15fa0115918e06e83
  custom:audio-encoder-webm-vorbis: bf7c407c2cedff20999df2af8eb42d56 -> 
  custom:scripting/monoscript/fileName/WaterReflection.cs: f1c57f2ce2c094032b710e8e5eb21bd7 -> 
  custom:scripting/monoscript/fileName/Tile.cs: e6480a408e34695897b31a69fad2b871 -> a94101d916c115d73aff3567a86e16d8
========================================================================
Received Prepare
Caller must complete domain reload
Begin MonoManager ReloadAssembly
- Loaded All Assemblies, in  0.416 seconds
Native extension for WindowsStandalone target not found
Native extension for WebGL target not found
[Package Manager] Server::EnsureServerProcessIsRunning -- launch failed, reason: Unity was launched with the -noUpm command-line argument
[Package Manager] UpmClient::Send -- Unable to send message (not connected to UPM process).
[Package Manager] Cannot connect to Unity Package Manager local server
Mono: successfully reloaded assembly
- Finished resetting the current domain, in  0.860 seconds
Domain Reload Profiling: 1273ms
	BeginReloadAssembly (141ms)
		ExecutionOrderSort (0ms)
		DisableScriptedObjects (4ms)
		BackupInstance (0ms)
		ReleaseScriptingObjects (0ms)
		CreateAndSetChildDomain (28ms)
	RebuildCommonClasses (38ms)
	RebuildNativeTypeToScriptingClass (15ms)
	initialDomainReloadingComplete (27ms)
	LoadAllAssembliesAndSetupDomain (192ms)
		LoadAssemblies (250ms)
		RebuildTransferFunctionScriptingTraits (0ms)
		AnalyzeDomain (20ms)
			TypeCache.Refresh (8ms)
				TypeCache.ScanAssembly (1ms)
			ScanForSourceGeneratedMonoScriptInfo (6ms)
			ResolveRequiredComponents (5ms)
	FinalizeReload (860ms)
		ReleaseScriptCaches (0ms)
		RebuildScriptCaches (0ms)
		SetupLoadedEditorAssemblies (431ms)
			LogAssemblyErrors (0ms)
			InitializePlatformSupportModulesInManaged (7ms)
			SetLoadedEditorAssemblies (3ms)
			RefreshPlugins (0ms)
			BeforeProcessingInitializeOnLoad (53ms)
			ProcessInitializeOnLoadAttributes (343ms)
			ProcessInitializeOnLoadMethodAttributes (18ms)
			AfterProcessingInitializeOnLoad (7ms)
			EditorAssembliesLoaded (0ms)
		ExecutionOrderSort2 (0ms)
		AwakeInstancesAfterBackupRestoration (6ms)
Refreshing native plugins compatible for Editor in 3.01 ms, found 3 plugins.
Preloading 0 native plugins for Editor in 0.00 ms.
Unloading 3128 Unused Serialized files (Serialized files now loaded: 0)
Unloading 14 unused Assets / (28.7 KB). Loaded Objects now: 3752.
Memory consumption went from 130.1 MB to 130.1 MB.
Total: 2.826700 ms (FindLiveObjects: 0.335700 ms CreateObjectMapping: 0.097600 ms MarkObjects: 2.349100 ms  DeleteObjects: 0.043400 ms)

Prepare: number of updated asset objects reloaded= 0
AssetImportParameters requested are different than current active one (requested -> active):
  custom:container-demuxer-ogg: 62fdf1f143b41e24485cea50d1cbac27 -> 
  custom:scripting/monoscript/fileName/GameManager.cs: f6182d712e34e20e3202214886862cdb -> 9933fbcc6190e2a9171c2ec8808a053e
  custom:scripting/monoscript/fileName/Income.cs: 938d875b4ea58c05495f38a939171226 -> 
  custom:video-decoder-ogg-theora: a1e56fd34408186e4bbccfd4996cb3dc -> 
  custom:framework-win-MediaFoundation: 216162199b28c13a410421893ffa2e32 -> 
  custom:scripting/monoscript/fileName/Tower.cs: 0e51d5638e1e2b20f04394d6225c671a -> 16583eaf01662413665c0a8803428cd6
  custom:scripting/monoscript/fileName/MenuFrame.cs: 575edbd0df24363ab161dfcb310542c7 -> 
  custom:CustomObjectIndexerAttribute: 9a22284fe3817be447336de3de66b15e -> 
  custom:scripting/monoscript/fileName/Readme.cs: 5aedf578fb2663036982fb7b05aaf325 -> 
  custom:scripting/monoscript/fileName/Tooltip.cs: b7163f69ad820c51a0cfd3387a68b1d4 -> efb4e7ecf4b2142538150f2477ca1e4e
  custom:container-demuxer-webm: 4f35f7cbe854078d1ac9338744f61a02 -> 
  custom:scripting/monoscript/fileName/GoldMine.cs: bab3e2ee0cdfb32214ea1458d0239fb0 -> 
  custom:container-muxer-webm: aa71ff27fc2769a1b78a27578f13a17b -> 
  custom:scripting/monoscript/fileName/ReadmeEditor.cs: ff7ced1e41c1b99ddf5dfefc88f6bd50 -> 
  custom:video-decoder-webm-vp8: 9c59270c3fd7afecdb556c50c9e8de78 -> 
  custom:SearchIndexIgnoredProperties: e643bd26f0fe6173181afceb89e7c659 -> 
  custom:AudioImporter_EditorPlatform: d09bf68614088b80899f8185d706f6e7 -> 
  custom:scripting/monoscript/fileName/LumberMill.cs: c2d45524fbd0d6e9a670d983de5f81d7 -> 
  custom:scripting/monoscript/fileName/Slime.cs: e872c3a4bc36777cb1cc31d8379690c8 -> 05272bae05f111c6b0609e32e93d89d5
  custom:scripting/monoscript/fileName/Bar.cs: 890822e7dfd0f89892a6fd3ee944f62e -> 71c40e549b4fade8bed144aaff5a79ac
  custom:scripting/monoscript/fileName/TooltipManager.cs: 902a800de15a4facdbc6dbb1be6c1339 -> bc11dd805cb64c1c2f88cd7ae96fba24
  custom:video-encoder-webm-vp8: eb34c28f22e8b96e1ab97ce403110664 -> 
  custom:audio-decoder-ogg-vorbis: bf7c407c2cedff20999df2af8eb42d56 -> 
  custom:scripting/monoscript/fileName/Bullet.cs: 48ff13ede6c310cc0acf4a30e818a1de -> a4f5918e799041ba1f6608f13912eb8b
  custom:scripting/monoscript/fileName/TowerBuild.cs: 3807a8e615ef6a49dfd3f6bc5055a7a9 -> 9ea8b859a681512b782b9b3988d2f5f8
  custom:scripting/monoscript/fileName/Wave.cs: c8b913f1d5cb3bff026a08ce26c83aad -> 6e300e3b5d1a1dd15fa0115918e06e83
  custom:audio-encoder-webm-vorbis: bf7c407c2cedff20999df2af8eb42d56 -> 
  custom:scripting/monoscript/fileName/WaterReflection.cs: f1c57f2ce2c094032b710e8e5eb21bd7 -> 
  custom:scripting/monoscript/fileName/Tile.cs: e6480a408e34695897b31a69fad2b871 -> a94101d916c115d73aff3567a86e16d8
========================================================================
Received Prepare
Caller must complete domain reload
Begin MonoManager ReloadAssembly
- Loaded All Assemblies, in  0.406 seconds
Native extension for WindowsStandalone target not found
Native extension for WebGL target not found
[Package Manager] Server::EnsureServerProcessIsRunning -- launch failed, reason: Unity was launched with the -noUpm command-line argument
[Package Manager] UpmClient::Send -- Unable to send message (not connected to UPM process).
[Package Manager] Cannot connect to Unity Package Manager local server
Mono: successfully reloaded assembly
- Finished resetting the current domain, in  0.925 seconds
Domain Reload Profiling: 1329ms
	BeginReloadAssembly (138ms)
		ExecutionOrderSort (0ms)
		DisableScriptedObjects (4ms)
		BackupInstance (0ms)
		ReleaseScriptingObjects (0ms)
		CreateAndSetChildDomain (28ms)
	RebuildCommonClasses (37ms)
	RebuildNativeTypeToScriptingClass (11ms)
	initialDomainReloadingComplete (27ms)
	LoadAllAssembliesAndSetupDomain (191ms)
		LoadAssemblies (252ms)
		RebuildTransferFunctionScriptingTraits (0ms)
		AnalyzeDomain (15ms)
			TypeCache.Refresh (6ms)
				TypeCache.ScanAssembly (0ms)
			ScanForSourceGeneratedMonoScriptInfo (0ms)
			ResolveRequiredComponents (6ms)
	FinalizeReload (925ms)
		ReleaseScriptCaches (0ms)
		RebuildScriptCaches (0ms)
		SetupLoadedEditorAssemblies (464ms)
			LogAssemblyErrors (0ms)
			InitializePlatformSupportModulesInManaged (8ms)
			SetLoadedEditorAssemblies (3ms)
			RefreshPlugins (0ms)
			BeforeProcessingInitializeOnLoad (65ms)
			ProcessInitializeOnLoadAttributes (358ms)
			ProcessInitializeOnLoadMethodAttributes (22ms)
			AfterProcessingInitializeOnLoad (8ms)
			EditorAssembliesLoaded (0ms)
		ExecutionOrderSort2 (0ms)
		AwakeInstancesAfterBackupRestoration (7ms)
Refreshing native plugins compatible for Editor in 3.39 ms, found 3 plugins.
Preloading 0 native plugins for Editor in 0.00 ms.
Unloading 3128 Unused Serialized files (Serialized files now loaded: 0)
Unloading 14 unused Assets / (28.7 KB). Loaded Objects now: 3755.
Memory consumption went from 130.1 MB to 130.1 MB.
Total: 2.656900 ms (FindLiveObjects: 0.307700 ms CreateObjectMapping: 0.085200 ms MarkObjects: 2.226100 ms  DeleteObjects: 0.037200 ms)

Prepare: number of updated asset objects reloaded= 0
AssetImportParameters requested are different than current active one (requested -> active):
  custom:container-demuxer-ogg: 62fdf1f143b41e24485cea50d1cbac27 -> 
  custom:scripting/monoscript/fileName/GameManager.cs: f6182d712e34e20e3202214886862cdb -> 9933fbcc6190e2a9171c2ec8808a053e
  custom:scripting/monoscript/fileName/Income.cs: 938d875b4ea58c05495f38a939171226 -> 
  custom:video-decoder-ogg-theora: a1e56fd34408186e4bbccfd4996cb3dc -> 
  custom:framework-win-MediaFoundation: 216162199b28c13a410421893ffa2e32 -> 
  custom:scripting/monoscript/fileName/Tower.cs: 0e51d5638e1e2b20f04394d6225c671a -> 16583eaf01662413665c0a8803428cd6
  custom:scripting/monoscript/fileName/MenuFrame.cs: 575edbd0df24363ab161dfcb310542c7 -> 
  custom:CustomObjectIndexerAttribute: 9a22284fe3817be447336de3de66b15e -> 
  custom:scripting/monoscript/fileName/Readme.cs: 5aedf578fb2663036982fb7b05aaf325 -> 
  custom:scripting/monoscript/fileName/Tooltip.cs: b7163f69ad820c51a0cfd3387a68b1d4 -> efb4e7ecf4b2142538150f2477ca1e4e
  custom:container-demuxer-webm: 4f35f7cbe854078d1ac9338744f61a02 -> 
  custom:scripting/monoscript/fileName/GoldMine.cs: bab3e2ee0cdfb32214ea1458d0239fb0 -> 
  custom:container-muxer-webm: aa71ff27fc2769a1b78a27578f13a17b -> 
  custom:scripting/monoscript/fileName/ReadmeEditor.cs: ff7ced1e41c1b99ddf5dfefc88f6bd50 -> 
  custom:video-decoder-webm-vp8: 9c59270c3fd7afecdb556c50c9e8de78 -> 
  custom:SearchIndexIgnoredProperties: e643bd26f0fe6173181afceb89e7c659 -> 
  custom:AudioImporter_EditorPlatform: d09bf68614088b80899f8185d706f6e7 -> 
  custom:scripting/monoscript/fileName/LumberMill.cs: c2d45524fbd0d6e9a670d983de5f81d7 -> 
  custom:scripting/monoscript/fileName/Slime.cs: e872c3a4bc36777cb1cc31d8379690c8 -> 05272bae05f111c6b0609e32e93d89d5
  custom:scripting/monoscript/fileName/Bar.cs: 890822e7dfd0f89892a6fd3ee944f62e -> 71c40e549b4fade8bed144aaff5a79ac
  custom:scripting/monoscript/fileName/TooltipManager.cs: 902a800de15a4facdbc6dbb1be6c1339 -> bc11dd805cb64c1c2f88cd7ae96fba24
  custom:video-encoder-webm-vp8: eb34c28f22e8b96e1ab97ce403110664 -> 
  custom:audio-decoder-ogg-vorbis: bf7c407c2cedff20999df2af8eb42d56 -> 
  custom:scripting/monoscript/fileName/Bullet.cs: 48ff13ede6c310cc0acf4a30e818a1de -> a4f5918e799041ba1f6608f13912eb8b
  custom:scripting/monoscript/fileName/TowerBuild.cs: 3807a8e615ef6a49dfd3f6bc5055a7a9 -> 9ea8b859a681512b782b9b3988d2f5f8
  custom:scripting/monoscript/fileName/Wave.cs: c8b913f1d5cb3bff026a08ce26c83aad -> 6e300e3b5d1a1dd15fa0115918e06e83
  custom:audio-encoder-webm-vorbis: bf7c407c2cedff20999df2af8eb42d56 -> 
  custom:scripting/monoscript/fileName/WaterReflection.cs: f1c57f2ce2c094032b710e8e5eb21bd7 -> 
  custom:scripting/monoscript/fileName/Tile.cs: e6480a408e34695897b31a69fad2b871 -> a94101d916c115d73aff3567a86e16d8
========================================================================
Received Import Request.
  Time since last request: 1579.352356 seconds.
  path: Assets/Prefabs/MagicTower.prefab
  artifactKey: Guid(20b1348b4ae7d5742bfd536fd769621d) Importer(815301076,1909f56bfc062723c751e8b465ee728b)
Start importing Assets/Prefabs/MagicTower.prefab using Guid(20b1348b4ae7d5742bfd536fd769621d) Importer(815301076,1909f56bfc062723c751e8b465ee728b) [PhysX] Initialized MultithreadedTaskDispatcher with 12 workers.
 -> (artifact id: '50b558e6f93d377e4f90dba78a639464') in 0.001484 seconds
Number of updated asset objects reloaded before import = 0
Number of asset objects unloaded after import = 0
========================================================================
Received Import Request.
  Time since last request: 0.000018 seconds.
  path: Assets/Prefabs/PremiumTower.prefab
  artifactKey: Guid(8542e3db9bff02e4b92f25a033b7ef8e) Importer(815301076,1909f56bfc062723c751e8b465ee728b)
Start importing Assets/Prefabs/PremiumTower.prefab using Guid(8542e3db9bff02e4b92f25a033b7ef8e) Importer(815301076,1909f56bfc062723c751e8b465ee728b) [PhysX] Initialized MultithreadedTaskDispatcher with 12 workers.
 -> (artifact id: '65508defdd8c8335a1b4f929c19a97ab') in 0.000417 seconds
Number of updated asset objects reloaded before import = 0
Number of asset objects unloaded after import = 0
========================================================================
Received Prepare
Caller must complete domain reload
Begin MonoManager ReloadAssembly
- Loaded All Assemblies, in  0.434 seconds
Native extension for WindowsStandalone target not found
Native extension for WebGL target not found
[Package Manager] Server::EnsureServerProcessIsRunning -- launch failed, reason: Unity was launched with the -noUpm command-line argument
[Package Manager] UpmClient::Send -- Unable to send message (not connected to UPM process).
[Package Manager] Cannot connect to Unity Package Manager local server
Mono: successfully reloaded assembly
- Finished resetting the current domain, in  0.876 seconds
Domain Reload Profiling: 1307ms
	BeginReloadAssembly (148ms)
		ExecutionOrderSort (0ms)
		DisableScriptedObjects (4ms)
		BackupInstance (0ms)
		ReleaseScriptingObjects (0ms)
		CreateAndSetChildDomain (28ms)
	RebuildCommonClasses (33ms)
	RebuildNativeTypeToScriptingClass (11ms)
	initialDomainReloadingComplete (27ms)
	LoadAllAssembliesAndSetupDomain (212ms)
		LoadAssemblies (275ms)
		RebuildTransferFunctionScriptingTraits (0ms)
		AnalyzeDomain (22ms)
			TypeCache.Refresh (9ms)
				TypeCache.ScanAssembly (1ms)
			ScanForSourceGeneratedMonoScriptInfo (6ms)
			ResolveRequiredComponents (5ms)
	FinalizeReload (876ms)
		ReleaseScriptCaches (0ms)
		RebuildScriptCaches (0ms)
		SetupLoadedEditorAssemblies (459ms)
			LogAssemblyErrors (0ms)
			InitializePlatformSupportModulesInManaged (8ms)
			SetLoadedEditorAssemblies (3ms)
			RefreshPlugins (0ms)
			BeforeProcessingInitializeOnLoad (55ms)
			ProcessInitializeOnLoadAttributes (367ms)
			ProcessInitializeOnLoadMethodAttributes (20ms)
			AfterProcessingInitializeOnLoad (7ms)
			EditorAssembliesLoaded (0ms)
		ExecutionOrderSort2 (0ms)
		AwakeInstancesAfterBackupRestoration (6ms)
Refreshing native plugins compatible for Editor in 2.79 ms, found 3 plugins.
Preloading 0 native plugins for Editor in 0.00 ms.
Unloading 3127 Unused Serialized files (Serialized files now loaded: 0)
Unloading 14 unused Assets / (28.6 KB). Loaded Objects now: 3758.
Memory consumption went from 129.8 MB to 129.8 MB.
Total: 2.642200 ms (FindLiveObjects: 0.281300 ms CreateObjectMapping: 0.089100 ms MarkObjects: 2.224100 ms  DeleteObjects: 0.046900 ms)

Prepare: number of updated asset objects reloaded= 0
AssetImportParameters requested are different than current active one (requested -> active):
  custom:container-demuxer-ogg: 62fdf1f143b41e24485cea50d1cbac27 -> 
  custom:scripting/monoscript/fileName/GameManager.cs: f6182d712e34e20e3202214886862cdb -> 9933fbcc6190e2a9171c2ec8808a053e
  custom:scripting/monoscript/fileName/Income.cs: 938d875b4ea58c05495f38a939171226 -> 
  custom:video-decoder-ogg-theora: a1e56fd34408186e4bbccfd4996cb3dc -> 
  custom:framework-win-MediaFoundation: 216162199b28c13a410421893ffa2e32 -> 
  custom:scripting/monoscript/fileName/Tower.cs: 0e51d5638e1e2b20f04394d6225c671a -> 16583eaf01662413665c0a8803428cd6
  custom:scripting/monoscript/fileName/MenuFrame.cs: 575edbd0df24363ab161dfcb310542c7 -> 
  custom:CustomObjectIndexerAttribute: 9a22284fe3817be447336de3de66b15e -> 
  custom:scripting/monoscript/fileName/Readme.cs: 5aedf578fb2663036982fb7b05aaf325 -> 
  custom:scripting/monoscript/fileName/Tooltip.cs: b7163f69ad820c51a0cfd3387a68b1d4 -> efb4e7ecf4b2142538150f2477ca1e4e
  custom:container-demuxer-webm: 4f35f7cbe854078d1ac9338744f61a02 -> 
  custom:scripting/monoscript/fileName/GoldMine.cs: bab3e2ee0cdfb32214ea1458d0239fb0 -> 
  custom:container-muxer-webm: aa71ff27fc2769a1b78a27578f13a17b -> 
  custom:scripting/monoscript/fileName/ReadmeEditor.cs: ff7ced1e41c1b99ddf5dfefc88f6bd50 -> 
  custom:video-decoder-webm-vp8: 9c59270c3fd7afecdb556c50c9e8de78 -> 
  custom:SearchIndexIgnoredProperties: e643bd26f0fe6173181afceb89e7c659 -> 
  custom:AudioImporter_EditorPlatform: d09bf68614088b80899f8185d706f6e7 -> 
  custom:scripting/monoscript/fileName/LumberMill.cs: c2d45524fbd0d6e9a670d983de5f81d7 -> 
  custom:scripting/monoscript/fileName/Slime.cs: e872c3a4bc36777cb1cc31d8379690c8 -> 05272bae05f111c6b0609e32e93d89d5
  custom:scripting/monoscript/fileName/Bar.cs: 890822e7dfd0f89892a6fd3ee944f62e -> 71c40e549b4fade8bed144aaff5a79ac
  custom:scripting/monoscript/fileName/TooltipManager.cs: 902a800de15a4facdbc6dbb1be6c1339 -> bc11dd805cb64c1c2f88cd7ae96fba24
  custom:video-encoder-webm-vp8: eb34c28f22e8b96e1ab97ce403110664 -> 
  custom:audio-decoder-ogg-vorbis: bf7c407c2cedff20999df2af8eb42d56 -> 
  custom:scripting/monoscript/fileName/Bullet.cs: 48ff13ede6c310cc0acf4a30e818a1de -> a4f5918e799041ba1f6608f13912eb8b
  custom:scripting/monoscript/fileName/TowerBuild.cs: 3807a8e615ef6a49dfd3f6bc5055a7a9 -> 9ea8b859a681512b782b9b3988d2f5f8
  custom:scripting/monoscript/fileName/Wave.cs: c8b913f1d5cb3bff026a08ce26c83aad -> 6e300e3b5d1a1dd15fa0115918e06e83
  custom:audio-encoder-webm-vorbis: bf7c407c2cedff20999df2af8eb42d56 -> 
  custom:scripting/monoscript/fileName/WaterReflection.cs: f1c57f2ce2c094032b710e8e5eb21bd7 -> 
  custom:scripting/monoscript/fileName/Tile.cs: e6480a408e34695897b31a69fad2b871 -> a94101d916c115d73aff3567a86e16d8
========================================================================
Received Prepare
Caller must complete domain reload
Begin MonoManager ReloadAssembly
- Loaded All Assemblies, in  0.414 seconds
Native extension for WindowsStandalone target not found
Native extension for WebGL target not found
[Package Manager] Server::EnsureServerProcessIsRunning -- launch failed, reason: Unity was launched with the -noUpm command-line argument
[Package Manager] UpmClient::Send -- Unable to send message (not connected to UPM process).
[Package Manager] Cannot connect to Unity Package Manager local server
Mono: successfully reloaded assembly
- Finished resetting the current domain, in  0.869 seconds
Domain Reload Profiling: 1280ms
	BeginReloadAssembly (142ms)
		ExecutionOrderSort (0ms)
		DisableScriptedObjects (4ms)
		BackupInstance (0ms)
		ReleaseScriptingObjects (0ms)
		CreateAndSetChildDomain (28ms)
	RebuildCommonClasses (35ms)
	RebuildNativeTypeToScriptingClass (12ms)
	initialDomainReloadingComplete (30ms)
	LoadAllAssembliesAndSetupDomain (192ms)
		LoadAssemblies (260ms)
		RebuildTransferFunctionScriptingTraits (0ms)
		AnalyzeDomain (13ms)
			TypeCache.Refresh (5ms)
				TypeCache.ScanAssembly (0ms)
			ScanForSourceGeneratedMonoScriptInfo (0ms)
			ResolveRequiredComponents (5ms)
	FinalizeReload (870ms)
		ReleaseScriptCaches (0ms)
		RebuildScriptCaches (0ms)
		SetupLoadedEditorAssemblies (413ms)
			LogAssemblyErrors (0ms)
			InitializePlatformSupportModulesInManaged (8ms)
			SetLoadedEditorAssemblies (3ms)
			RefreshPlugins (0ms)
			BeforeProcessingInitializeOnLoad (63ms)
			ProcessInitializeOnLoadAttributes (311ms)
			ProcessInitializeOnLoadMethodAttributes (20ms)
			AfterProcessingInitializeOnLoad (8ms)
			EditorAssembliesLoaded (0ms)
		ExecutionOrderSort2 (0ms)
		AwakeInstancesAfterBackupRestoration (6ms)
Refreshing native plugins compatible for Editor in 2.87 ms, found 3 plugins.
Preloading 0 native plugins for Editor in 0.00 ms.
Unloading 3128 Unused Serialized files (Serialized files now loaded: 0)
Unloading 14 unused Assets / (28.6 KB). Loaded Objects now: 3761.
Memory consumption went from 130.1 MB to 130.1 MB.
Total: 2.617400 ms (FindLiveObjects: 0.280000 ms CreateObjectMapping: 0.075600 ms MarkObjects: 2.218300 ms  DeleteObjects: 0.042800 ms)

Prepare: number of updated asset objects reloaded= 0
AssetImportParameters requested are different than current active one (requested -> active):
  custom:container-demuxer-ogg: 62fdf1f143b41e24485cea50d1cbac27 -> 
  custom:scripting/monoscript/fileName/GameManager.cs: f6182d712e34e20e3202214886862cdb -> 9933fbcc6190e2a9171c2ec8808a053e
  custom:scripting/monoscript/fileName/Income.cs: 938d875b4ea58c05495f38a939171226 -> 
  custom:video-decoder-ogg-theora: a1e56fd34408186e4bbccfd4996cb3dc -> 
  custom:framework-win-MediaFoundation: 216162199b28c13a410421893ffa2e32 -> 
  custom:scripting/monoscript/fileName/Tower.cs: 0e51d5638e1e2b20f04394d6225c671a -> 16583eaf01662413665c0a8803428cd6
  custom:scripting/monoscript/fileName/MenuFrame.cs: 575edbd0df24363ab161dfcb310542c7 -> 
  custom:CustomObjectIndexerAttribute: 9a22284fe3817be447336de3de66b15e -> 
  custom:scripting/monoscript/fileName/Readme.cs: 5aedf578fb2663036982fb7b05aaf325 -> 
  custom:scripting/monoscript/fileName/Tooltip.cs: b7163f69ad820c51a0cfd3387a68b1d4 -> efb4e7ecf4b2142538150f2477ca1e4e
  custom:container-demuxer-webm: 4f35f7cbe854078d1ac9338744f61a02 -> 
  custom:scripting/monoscript/fileName/GoldMine.cs: bab3e2ee0cdfb32214ea1458d0239fb0 -> 
  custom:container-muxer-webm: aa71ff27fc2769a1b78a27578f13a17b -> 
  custom:scripting/monoscript/fileName/ReadmeEditor.cs: ff7ced1e41c1b99ddf5dfefc88f6bd50 -> 
  custom:video-decoder-webm-vp8: 9c59270c3fd7afecdb556c50c9e8de78 -> 
  custom:SearchIndexIgnoredProperties: e643bd26f0fe6173181afceb89e7c659 -> 
  custom:AudioImporter_EditorPlatform: d09bf68614088b80899f8185d706f6e7 -> 
  custom:scripting/monoscript/fileName/LumberMill.cs: c2d45524fbd0d6e9a670d983de5f81d7 -> 
  custom:scripting/monoscript/fileName/Slime.cs: e872c3a4bc36777cb1cc31d8379690c8 -> 05272bae05f111c6b0609e32e93d89d5
  custom:scripting/monoscript/fileName/Bar.cs: 890822e7dfd0f89892a6fd3ee944f62e -> 71c40e549b4fade8bed144aaff5a79ac
  custom:scripting/monoscript/fileName/TooltipManager.cs: 902a800de15a4facdbc6dbb1be6c1339 -> bc11dd805cb64c1c2f88cd7ae96fba24
  custom:video-encoder-webm-vp8: eb34c28f22e8b96e1ab97ce403110664 -> 
  custom:audio-decoder-ogg-vorbis: bf7c407c2cedff20999df2af8eb42d56 -> 
  custom:scripting/monoscript/fileName/Bullet.cs: 48ff13ede6c310cc0acf4a30e818a1de -> a4f5918e799041ba1f6608f13912eb8b
  custom:scripting/monoscript/fileName/TowerBuild.cs: 3807a8e615ef6a49dfd3f6bc5055a7a9 -> 9ea8b859a681512b782b9b3988d2f5f8
  custom:scripting/monoscript/fileName/Wave.cs: c8b913f1d5cb3bff026a08ce26c83aad -> 6e300e3b5d1a1dd15fa0115918e06e83
  custom:audio-encoder-webm-vorbis: bf7c407c2cedff20999df2af8eb42d56 -> 
  custom:scripting/monoscript/fileName/WaterReflection.cs: f1c57f2ce2c094032b710e8e5eb21bd7 -> 
  custom:scripting/monoscript/fileName/Tile.cs: e6480a408e34695897b31a69fad2b871 -> a94101d916c115d73aff3567a86e16d8
========================================================================
Received Prepare
Refreshing native plugins compatible for Editor in 2.87 ms, found 3 plugins.
Preloading 0 native plugins for Editor in 0.00 ms.
Unloading 1 Unused Serialized files (Serialized files now loaded: 0)
Unloading 1 unused Assets / (3.1 KB). Loaded Objects now: 3761.
Memory consumption went from 81.7 MB to 81.7 MB.
Total: 2.713600 ms (FindLiveObjects: 0.304400 ms CreateObjectMapping: 0.076900 ms MarkObjects: 2.312800 ms  DeleteObjects: 0.019000 ms)

Prepare: number of updated asset objects reloaded= 0
AssetImportParameters requested are different than current active one (requested -> active):
  custom:container-demuxer-ogg: 62fdf1f143b41e24485cea50d1cbac27 -> 
  custom:scripting/monoscript/fileName/GameManager.cs: f6182d712e34e20e3202214886862cdb -> 9933fbcc6190e2a9171c2ec8808a053e
  custom:scripting/monoscript/fileName/Income.cs: 938d875b4ea58c05495f38a939171226 -> 
  custom:video-decoder-ogg-theora: a1e56fd34408186e4bbccfd4996cb3dc -> 
  custom:framework-win-MediaFoundation: 216162199b28c13a410421893ffa2e32 -> 
  custom:scripting/monoscript/fileName/Tower.cs: 0e51d5638e1e2b20f04394d6225c671a -> 16583eaf01662413665c0a8803428cd6
  custom:scripting/monoscript/fileName/MenuFrame.cs: 575edbd0df24363ab161dfcb310542c7 -> 
  custom:CustomObjectIndexerAttribute: 9a22284fe3817be447336de3de66b15e -> 
  custom:scripting/monoscript/fileName/Readme.cs: 5aedf578fb2663036982fb7b05aaf325 -> 
  custom:scripting/monoscript/fileName/Tooltip.cs: b7163f69ad820c51a0cfd3387a68b1d4 -> efb4e7ecf4b2142538150f2477ca1e4e
  custom:container-demuxer-webm: 4f35f7cbe854078d1ac9338744f61a02 -> 
  custom:scripting/monoscript/fileName/GoldMine.cs: bab3e2ee0cdfb32214ea1458d0239fb0 -> 
  custom:container-muxer-webm: aa71ff27fc2769a1b78a27578f13a17b -> 
  custom:scripting/monoscript/fileName/ReadmeEditor.cs: ff7ced1e41c1b99ddf5dfefc88f6bd50 -> 
  custom:video-decoder-webm-vp8: 9c59270c3fd7afecdb556c50c9e8de78 -> 
  custom:SearchIndexIgnoredProperties: e643bd26f0fe6173181afceb89e7c659 -> 
  custom:AudioImporter_EditorPlatform: d09bf68614088b80899f8185d706f6e7 -> 
  custom:scripting/monoscript/fileName/LumberMill.cs: c2d45524fbd0d6e9a670d983de5f81d7 -> 
  custom:scripting/monoscript/fileName/Slime.cs: e872c3a4bc36777cb1cc31d8379690c8 -> 05272bae05f111c6b0609e32e93d89d5
  custom:scripting/monoscript/fileName/Bar.cs: 890822e7dfd0f89892a6fd3ee944f62e -> 71c40e549b4fade8bed144aaff5a79ac
  custom:scripting/monoscript/fileName/TooltipManager.cs: 902a800de15a4facdbc6dbb1be6c1339 -> bc11dd805cb64c1c2f88cd7ae96fba24
  custom:video-encoder-webm-vp8: eb34c28f22e8b96e1ab97ce403110664 -> 
  custom:audio-decoder-ogg-vorbis: bf7c407c2cedff20999df2af8eb42d56 -> 
  custom:scripting/monoscript/fileName/Bullet.cs: 48ff13ede6c310cc0acf4a30e818a1de -> a4f5918e799041ba1f6608f13912eb8b
  custom:scripting/monoscript/fileName/TowerBuild.cs: 3807a8e615ef6a49dfd3f6bc5055a7a9 -> 9ea8b859a681512b782b9b3988d2f5f8
  custom:scripting/monoscript/fileName/Wave.cs: c8b913f1d5cb3bff026a08ce26c83aad -> 6e300e3b5d1a1dd15fa0115918e06e83
  custom:audio-encoder-webm-vorbis: bf7c407c2cedff20999df2af8eb42d56 -> 
  custom:scripting/monoscript/fileName/WaterReflection.cs: f1c57f2ce2c094032b710e8e5eb21bd7 -> 
  custom:scripting/monoscript/fileName/Tile.cs: e6480a408e34695897b31a69fad2b871 -> a94101d916c115d73aff3567a86e16d8
