Using pre-set license
Built from '2022.3/staging' branch; Version is '2022.3.45f1 (a13dfa44d684) revision 10567162'; Using compiler version '192829333'; Build Type 'Release'
OS: 'Windows 10  (10.0.19045) 64bit Professional' Language: 'cs' Physical Memory: 16307 MB
BatchMode: 1, IsHumanControllingUs: 0, StartBugReporterOnCrash: 0, Is64bit: 1, IsPro: 1

COMMAND LINE ARGUMENTS:
C:\Program Files\Unity\Hub\Editor\2022.3.45f1\Editor\Unity.exe
-adb2
-batchMode
-noUpm
-name
AssetImportWorker13
-projectPath
C:/Users/voky/AgainstTheSlimeStorm/Against the slime storm
-logFile
Logs/AssetImportWorker13.log
-srvPort
57713
Successfully changed project path to: C:/Users/voky/AgainstTheSlimeStorm/Against the slime storm
C:/Users/voky/AgainstTheSlimeStorm/Against the slime storm
[UnityMemory] Configuration Parameters - Can be set up in boot.config
    "memorysetup-bucket-allocator-granularity=16"
    "memorysetup-bucket-allocator-bucket-count=8"
    "memorysetup-bucket-allocator-block-size=33554432"
    "memorysetup-bucket-allocator-block-count=8"
    "memorysetup-main-allocator-block-size=16777216"
    "memorysetup-thread-allocator-block-size=16777216"
    "memorysetup-gfx-main-allocator-block-size=16777216"
    "memorysetup-gfx-thread-allocator-block-size=16777216"
    "memorysetup-cache-allocator-block-size=4194304"
    "memorysetup-typetree-allocator-block-size=2097152"
    "memorysetup-profiler-bucket-allocator-granularity=16"
    "memorysetup-profiler-bucket-allocator-bucket-count=8"
    "memorysetup-profiler-bucket-allocator-block-size=33554432"
    "memorysetup-profiler-bucket-allocator-block-count=8"
    "memorysetup-profiler-allocator-block-size=16777216"
    "memorysetup-profiler-editor-allocator-block-size=1048576"
    "memorysetup-temp-allocator-size-main=16777216"
    "memorysetup-job-temp-allocator-block-size=2097152"
    "memorysetup-job-temp-allocator-block-size-background=1048576"
    "memorysetup-job-temp-allocator-reduction-small-platforms=262144"
    "memorysetup-allocator-temp-initial-block-size-main=262144"
    "memorysetup-allocator-temp-initial-block-size-worker=262144"
    "memorysetup-temp-allocator-size-background-worker=32768"
    "memorysetup-temp-allocator-size-job-worker=262144"
    "memorysetup-temp-allocator-size-preload-manager=33554432"
    "memorysetup-temp-allocator-size-nav-mesh-worker=65536"
    "memorysetup-temp-allocator-size-audio-worker=65536"
    "memorysetup-temp-allocator-size-cloud-worker=32768"
    "memorysetup-temp-allocator-size-gi-baking-worker=262144"
    "memorysetup-temp-allocator-size-gfx=262144"
Player connection [21156]  Target information:

Player connection [21156]  * "[IP] 192.168.100.2 [Port] 0 [Flags] 2 [Guid] 1073118970 [EditorId] 1073118970 [Version] 1048832 [Id] WindowsEditor(7,DESKTOP-V7SGJ0O) [Debug] 1 [PackageName] WindowsEditor [ProjectName] Editor" 

Player connection [21156]  * "[IP] 26.131.182.46 [Port] 0 [Flags] 2 [Guid] 1073118970 [EditorId] 1073118970 [Version] 1048832 [Id] WindowsEditor(7,DESKTOP-V7SGJ0O) [Debug] 1 [PackageName] WindowsEditor [ProjectName] Editor" 

Player connection [21156] Host joined multi-casting on [225.0.0.222:54997]...
Player connection [21156] Host joined alternative multi-casting on [225.0.0.222:34997]...
[PhysX] Initialized MultithreadedTaskDispatcher with 12 workers.
Refreshing native plugins compatible for Editor in 8.33 ms, found 3 plugins.
Preloading 0 native plugins for Editor in 0.00 ms.
Initialize engine version: 2022.3.45f1 (a13dfa44d684)
[Subsystems] Discovering subsystems at path C:/Program Files/Unity/Hub/Editor/2022.3.45f1/Editor/Data/Resources/UnitySubsystems
[Subsystems] Discovering subsystems at path C:/Users/voky/AgainstTheSlimeStorm/Against the slime storm/Assets
GfxDevice: creating device client; threaded=0; jobified=0
Direct3D:
    Version:  Direct3D 11.0 [level 11.1]
    Renderer: Radeon RX 570 Series (ID=0x67df)
    Vendor:   ATI
    VRAM:     4074 MB
    Driver:   31.0.21916.2
Initialize mono
Mono path[0] = 'C:/Program Files/Unity/Hub/Editor/2022.3.45f1/Editor/Data/Managed'
Mono path[1] = 'C:/Program Files/Unity/Hub/Editor/2022.3.45f1/Editor/Data/MonoBleedingEdge/lib/mono/unityjit-win32'
Mono config path = 'C:/Program Files/Unity/Hub/Editor/2022.3.45f1/Editor/Data/MonoBleedingEdge/etc'
Using monoOptions --debugger-agent=transport=dt_socket,embedding=1,server=y,suspend=n,address=127.0.0.1:56104
Begin MonoManager ReloadAssembly
Registering precompiled unity dll's ...
Register platform support module: C:/Program Files/Unity/Hub/Editor/2022.3.45f1/Editor/Data/PlaybackEngines/WebGLSupport/UnityEditor.WebGL.Extensions.dll
Register platform support module: C:/Program Files/Unity/Hub/Editor/2022.3.45f1/Editor/Data/PlaybackEngines/WindowsStandaloneSupport/UnityEditor.WindowsStandalone.Extensions.dll
Registered in 0.010336 seconds.
- Loaded All Assemblies, in  0.334 seconds
Native extension for WindowsStandalone target not found
Native extension for WebGL target not found
Mono: successfully reloaded assembly
- Finished resetting the current domain, in  0.245 seconds
Domain Reload Profiling: 577ms
	BeginReloadAssembly (99ms)
		ExecutionOrderSort (0ms)
		DisableScriptedObjects (0ms)
		BackupInstance (0ms)
		ReleaseScriptingObjects (0ms)
		CreateAndSetChildDomain (1ms)
	RebuildCommonClasses (33ms)
	RebuildNativeTypeToScriptingClass (11ms)
	initialDomainReloadingComplete (58ms)
	LoadAllAssembliesAndSetupDomain (131ms)
		LoadAssemblies (97ms)
		RebuildTransferFunctionScriptingTraits (0ms)
		AnalyzeDomain (129ms)
			TypeCache.Refresh (128ms)
				TypeCache.ScanAssembly (116ms)
			ScanForSourceGeneratedMonoScriptInfo (0ms)
			ResolveRequiredComponents (0ms)
	FinalizeReload (245ms)
		ReleaseScriptCaches (0ms)
		RebuildScriptCaches (0ms)
		SetupLoadedEditorAssemblies (201ms)
			LogAssemblyErrors (0ms)
			InitializePlatformSupportModulesInManaged (10ms)
			SetLoadedEditorAssemblies (5ms)
			RefreshPlugins (0ms)
			BeforeProcessingInitializeOnLoad (2ms)
			ProcessInitializeOnLoadAttributes (141ms)
			ProcessInitializeOnLoadMethodAttributes (43ms)
			AfterProcessingInitializeOnLoad (0ms)
			EditorAssembliesLoaded (0ms)
		ExecutionOrderSort2 (0ms)
		AwakeInstancesAfterBackupRestoration (0ms)
========================================================================
Worker process is ready to serve import requests
Caller must complete domain reload
Begin MonoManager ReloadAssembly
- Loaded All Assemblies, in  0.561 seconds
Native extension for WindowsStandalone target not found
Native extension for WebGL target not found
Package Manager log level set to [2]
[Package Manager] Server::EnsureServerProcessIsRunning -- launch failed, reason: Unity was launched with the -noUpm command-line argument
[Package Manager] UpmClient::Send -- Unable to send message (not connected to UPM process).
[Package Manager] Cannot connect to Unity Package Manager local server
Mono: successfully reloaded assembly
- Finished resetting the current domain, in  0.544 seconds
Domain Reload Profiling: 1103ms
	BeginReloadAssembly (138ms)
		ExecutionOrderSort (0ms)
		DisableScriptedObjects (5ms)
		BackupInstance (0ms)
		ReleaseScriptingObjects (0ms)
		CreateAndSetChildDomain (21ms)
	RebuildCommonClasses (32ms)
	RebuildNativeTypeToScriptingClass (11ms)
	initialDomainReloadingComplete (38ms)
	LoadAllAssembliesAndSetupDomain (339ms)
		LoadAssemblies (255ms)
		RebuildTransferFunctionScriptingTraits (0ms)
		AnalyzeDomain (162ms)
			TypeCache.Refresh (142ms)
				TypeCache.ScanAssembly (129ms)
			ScanForSourceGeneratedMonoScriptInfo (13ms)
			ResolveRequiredComponents (5ms)
	FinalizeReload (544ms)
		ReleaseScriptCaches (0ms)
		RebuildScriptCaches (0ms)
		SetupLoadedEditorAssemblies (423ms)
			LogAssemblyErrors (0ms)
			InitializePlatformSupportModulesInManaged (7ms)
			SetLoadedEditorAssemblies (3ms)
			RefreshPlugins (0ms)
			BeforeProcessingInitializeOnLoad (55ms)
			ProcessInitializeOnLoadAttributes (332ms)
			ProcessInitializeOnLoadMethodAttributes (18ms)
			AfterProcessingInitializeOnLoad (7ms)
			EditorAssembliesLoaded (0ms)
		ExecutionOrderSort2 (0ms)
		AwakeInstancesAfterBackupRestoration (7ms)
Launched and connected shader compiler UnityShaderCompiler.exe after 0.04 seconds
Refreshing native plugins compatible for Editor in 2.95 ms, found 3 plugins.
Preloading 0 native plugins for Editor in 0.00 ms.
Unloading 3147 Unused Serialized files (Serialized files now loaded: 0)
Unloading 19 unused Assets / (54.9 KB). Loaded Objects now: 3637.
Memory consumption went from 133.9 MB to 133.8 MB.
Total: 2.834000 ms (FindLiveObjects: 0.273300 ms CreateObjectMapping: 0.075300 ms MarkObjects: 2.378100 ms  DeleteObjects: 0.106200 ms)

AssetImportParameters requested are different than current active one (requested -> active):
  custom:container-demuxer-ogg: 62fdf1f143b41e24485cea50d1cbac27 -> 
  custom:scripting/monoscript/fileName/GameManager.cs: f6182d712e34e20e3202214886862cdb -> 9933fbcc6190e2a9171c2ec8808a053e
  custom:scripting/monoscript/fileName/Income.cs: 938d875b4ea58c05495f38a939171226 -> 
  custom:video-decoder-ogg-theora: a1e56fd34408186e4bbccfd4996cb3dc -> 
  custom:framework-win-MediaFoundation: 216162199b28c13a410421893ffa2e32 -> 
  custom:scripting/monoscript/fileName/Tower.cs: 0e51d5638e1e2b20f04394d6225c671a -> 16583eaf01662413665c0a8803428cd6
  custom:scripting/monoscript/fileName/MenuFrame.cs: 575edbd0df24363ab161dfcb310542c7 -> 
  custom:CustomObjectIndexerAttribute: 9a22284fe3817be447336de3de66b15e -> 
  custom:scripting/monoscript/fileName/Readme.cs: 5aedf578fb2663036982fb7b05aaf325 -> 
  custom:scripting/monoscript/fileName/Tooltip.cs: b7163f69ad820c51a0cfd3387a68b1d4 -> efb4e7ecf4b2142538150f2477ca1e4e
  custom:container-demuxer-webm: 4f35f7cbe854078d1ac9338744f61a02 -> 
  custom:scripting/monoscript/fileName/GoldMine.cs: bab3e2ee0cdfb32214ea1458d0239fb0 -> 
  custom:container-muxer-webm: aa71ff27fc2769a1b78a27578f13a17b -> 
  custom:scripting/monoscript/fileName/ReadmeEditor.cs: ff7ced1e41c1b99ddf5dfefc88f6bd50 -> 
  custom:video-decoder-webm-vp8: 9c59270c3fd7afecdb556c50c9e8de78 -> 
  custom:SearchIndexIgnoredProperties: e643bd26f0fe6173181afceb89e7c659 -> 
  custom:AudioImporter_EditorPlatform: d09bf68614088b80899f8185d706f6e7 -> 
  custom:scripting/monoscript/fileName/LumberMill.cs: c2d45524fbd0d6e9a670d983de5f81d7 -> 
  custom:scripting/monoscript/fileName/Slime.cs: e872c3a4bc36777cb1cc31d8379690c8 -> 05272bae05f111c6b0609e32e93d89d5
  custom:scripting/monoscript/fileName/Bar.cs: 890822e7dfd0f89892a6fd3ee944f62e -> 71c40e549b4fade8bed144aaff5a79ac
  custom:scripting/monoscript/fileName/TooltipManager.cs: 902a800de15a4facdbc6dbb1be6c1339 -> bc11dd805cb64c1c2f88cd7ae96fba24
  custom:video-encoder-webm-vp8: eb34c28f22e8b96e1ab97ce403110664 -> 
  custom:audio-decoder-ogg-vorbis: bf7c407c2cedff20999df2af8eb42d56 -> 
  custom:scripting/monoscript/fileName/Bullet.cs: 48ff13ede6c310cc0acf4a30e818a1de -> a4f5918e799041ba1f6608f13912eb8b
  custom:scripting/monoscript/fileName/TowerBuild.cs: 3807a8e615ef6a49dfd3f6bc5055a7a9 -> 9ea8b859a681512b782b9b3988d2f5f8
  custom:scripting/monoscript/fileName/Wave.cs: c8b913f1d5cb3bff026a08ce26c83aad -> 6e300e3b5d1a1dd15fa0115918e06e83
  custom:audio-encoder-webm-vorbis: bf7c407c2cedff20999df2af8eb42d56 -> 
  custom:scripting/monoscript/fileName/WaterReflection.cs: f1c57f2ce2c094032b710e8e5eb21bd7 -> 
  custom:scripting/monoscript/fileName/Tile.cs: e6480a408e34695897b31a69fad2b871 -> a94101d916c115d73aff3567a86e16d8
========================================================================
Received Import Request.
  Time since last request: 15010.560744 seconds.
  path: Assets/Prefabs/MagicTower.prefab
  artifactKey: Guid(20b1348b4ae7d5742bfd536fd769621d) Importer(815301076,1909f56bfc062723c751e8b465ee728b)
Start importing Assets/Prefabs/MagicTower.prefab using Guid(20b1348b4ae7d5742bfd536fd769621d) Importer(815301076,1909f56bfc062723c751e8b465ee728b) [PhysX] Initialized MultithreadedTaskDispatcher with 12 workers.
[PhysX] Initialized MultithreadedTaskDispatcher with 12 workers.
 -> (artifact id: 'ffbf80f2630c437e6a3d06f779f82aff') in 0.090626 seconds
Number of updated asset objects reloaded before import = 0
Number of asset objects unloaded after import = 21
========================================================================
Received Import Request.
  Time since last request: 35.652940 seconds.
  path: Assets/Prefabs/PremiumTower.prefab
  artifactKey: Guid(8542e3db9bff02e4b92f25a033b7ef8e) Importer(815301076,1909f56bfc062723c751e8b465ee728b)
Start importing Assets/Prefabs/PremiumTower.prefab using Guid(8542e3db9bff02e4b92f25a033b7ef8e) Importer(815301076,1909f56bfc062723c751e8b465ee728b) [PhysX] Initialized MultithreadedTaskDispatcher with 12 workers.
[PhysX] Initialized MultithreadedTaskDispatcher with 12 workers.
 -> (artifact id: 'd6b451ab63951155fb7938f45fd9b7c9') in 0.007921 seconds
Number of updated asset objects reloaded before import = 0
Number of asset objects unloaded after import = 22
========================================================================
Received Import Request.
  Time since last request: 2.855323 seconds.
  path: Assets/Prefabs/MagicTower.prefab
  artifactKey: Guid(20b1348b4ae7d5742bfd536fd769621d) Importer(815301076,1909f56bfc062723c751e8b465ee728b)
Start importing Assets/Prefabs/MagicTower.prefab using Guid(20b1348b4ae7d5742bfd536fd769621d) Importer(815301076,1909f56bfc062723c751e8b465ee728b) [PhysX] Initialized MultithreadedTaskDispatcher with 12 workers.
[PhysX] Initialized MultithreadedTaskDispatcher with 12 workers.
 -> (artifact id: '106b3acac3866e61e4ff5ffd7b02341e') in 0.006420 seconds
Number of updated asset objects reloaded before import = 0
Number of asset objects unloaded after import = 21
========================================================================
Received Import Request.
  Time since last request: 13.105158 seconds.
  path: Assets/Prefabs/Wall.prefab
  artifactKey: Guid(b3ab60e276eaeb34587e23f3e44e0fb8) Importer(815301076,1909f56bfc062723c751e8b465ee728b)
Start importing Assets/Prefabs/Wall.prefab using Guid(b3ab60e276eaeb34587e23f3e44e0fb8) Importer(815301076,1909f56bfc062723c751e8b465ee728b) [PhysX] Initialized MultithreadedTaskDispatcher with 12 workers.
[PhysX] Initialized MultithreadedTaskDispatcher with 12 workers.
 -> (artifact id: '0284b38ac70f4a8124951a0f4b8be51c') in 0.018641 seconds
Number of updated asset objects reloaded before import = 0
Number of asset objects unloaded after import = 22
========================================================================
Received Import Request.
  Time since last request: 212.235640 seconds.
  path: Assets/Prefabs/ArrowTower.prefab
  artifactKey: Guid(5824a3eb4c50251438fc8288b90d6a00) Importer(815301076,1909f56bfc062723c751e8b465ee728b)
Start importing Assets/Prefabs/ArrowTower.prefab using Guid(5824a3eb4c50251438fc8288b90d6a00) Importer(815301076,1909f56bfc062723c751e8b465ee728b) [PhysX] Initialized MultithreadedTaskDispatcher with 12 workers.
[PhysX] Initialized MultithreadedTaskDispatcher with 12 workers.
 -> (artifact id: '7d64bcce0eef88de7397cd6cbf84f17c') in 0.013412 seconds
Number of updated asset objects reloaded before import = 0
Number of asset objects unloaded after import = 23
========================================================================
Received Import Request.
  Time since last request: 36.263863 seconds.
  path: Assets/Prefabs/MagicTower.prefab
  artifactKey: Guid(20b1348b4ae7d5742bfd536fd769621d) Importer(815301076,1909f56bfc062723c751e8b465ee728b)
Start importing Assets/Prefabs/MagicTower.prefab using Guid(20b1348b4ae7d5742bfd536fd769621d) Importer(815301076,1909f56bfc062723c751e8b465ee728b) [PhysX] Initialized MultithreadedTaskDispatcher with 12 workers.
[PhysX] Initialized MultithreadedTaskDispatcher with 12 workers.
 -> (artifact id: '11f4f51c984bd568d21c99f294a91b32') in 0.006647 seconds
Number of updated asset objects reloaded before import = 0
Number of asset objects unloaded after import = 21
========================================================================
Received Import Request.
  Time since last request: 73.437624 seconds.
  path: Assets/Prefabs/ArrowTower.prefab
  artifactKey: Guid(5824a3eb4c50251438fc8288b90d6a00) Importer(815301076,1909f56bfc062723c751e8b465ee728b)
Start importing Assets/Prefabs/ArrowTower.prefab using Guid(5824a3eb4c50251438fc8288b90d6a00) Importer(815301076,1909f56bfc062723c751e8b465ee728b) [PhysX] Initialized MultithreadedTaskDispatcher with 12 workers.
[PhysX] Initialized MultithreadedTaskDispatcher with 12 workers.
 -> (artifact id: 'e2406fb2497e3ea58585ff48f89a5629') in 0.006614 seconds
Number of updated asset objects reloaded before import = 0
Number of asset objects unloaded after import = 22
========================================================================
Received Import Request.
  Time since last request: 5.788373 seconds.
  path: Assets/Prefabs/MagicTower.prefab
  artifactKey: Guid(20b1348b4ae7d5742bfd536fd769621d) Importer(815301076,1909f56bfc062723c751e8b465ee728b)
Start importing Assets/Prefabs/MagicTower.prefab using Guid(20b1348b4ae7d5742bfd536fd769621d) Importer(815301076,1909f56bfc062723c751e8b465ee728b) [PhysX] Initialized MultithreadedTaskDispatcher with 12 workers.
[PhysX] Initialized MultithreadedTaskDispatcher with 12 workers.
 -> (artifact id: '86045a6ee571b678985c61f00b9a5ce9') in 0.006759 seconds
Number of updated asset objects reloaded before import = 0
Number of asset objects unloaded after import = 20
========================================================================
Received Import Request.
  Time since last request: 6.552376 seconds.
  path: Assets/Prefabs/PremiumTower.prefab
  artifactKey: Guid(8542e3db9bff02e4b92f25a033b7ef8e) Importer(815301076,1909f56bfc062723c751e8b465ee728b)
Start importing Assets/Prefabs/PremiumTower.prefab using Guid(8542e3db9bff02e4b92f25a033b7ef8e) Importer(815301076,1909f56bfc062723c751e8b465ee728b) [PhysX] Initialized MultithreadedTaskDispatcher with 12 workers.
[PhysX] Initialized MultithreadedTaskDispatcher with 12 workers.
 -> (artifact id: '814009bea1e1fc8e56b4c5334fef1726') in 0.006767 seconds
Number of updated asset objects reloaded before import = 0
Number of asset objects unloaded after import = 21
========================================================================
Received Import Request.
  Time since last request: 19.760284 seconds.
  path: Assets/Prefabs/Wall.prefab
  artifactKey: Guid(b3ab60e276eaeb34587e23f3e44e0fb8) Importer(815301076,1909f56bfc062723c751e8b465ee728b)
Start importing Assets/Prefabs/Wall.prefab using Guid(b3ab60e276eaeb34587e23f3e44e0fb8) Importer(815301076,1909f56bfc062723c751e8b465ee728b) [PhysX] Initialized MultithreadedTaskDispatcher with 12 workers.
[PhysX] Initialized MultithreadedTaskDispatcher with 12 workers.
 -> (artifact id: 'ea4aaf0bd29ff4a44e2d86e215718ffd') in 0.006299 seconds
Number of updated asset objects reloaded before import = 0
Number of asset objects unloaded after import = 21
========================================================================
Received Prepare
Caller must complete domain reload
Begin MonoManager ReloadAssembly
- Loaded All Assemblies, in  0.418 seconds
Native extension for WindowsStandalone target not found
Native extension for WebGL target not found
[Package Manager] Server::EnsureServerProcessIsRunning -- launch failed, reason: Unity was launched with the -noUpm command-line argument
[Package Manager] UpmClient::Send -- Unable to send message (not connected to UPM process).
[Package Manager] Cannot connect to Unity Package Manager local server
Mono: successfully reloaded assembly
- Finished resetting the current domain, in  0.917 seconds
Domain Reload Profiling: 1333ms
	BeginReloadAssembly (152ms)
		ExecutionOrderSort (0ms)
		DisableScriptedObjects (5ms)
		BackupInstance (0ms)
		ReleaseScriptingObjects (0ms)
		CreateAndSetChildDomain (37ms)
	RebuildCommonClasses (35ms)
	RebuildNativeTypeToScriptingClass (12ms)
	initialDomainReloadingComplete (29ms)
	LoadAllAssembliesAndSetupDomain (188ms)
		LoadAssemblies (254ms)
		RebuildTransferFunctionScriptingTraits (0ms)
		AnalyzeDomain (12ms)
			TypeCache.Refresh (5ms)
				TypeCache.ScanAssembly (0ms)
			ScanForSourceGeneratedMonoScriptInfo (0ms)
			ResolveRequiredComponents (6ms)
	FinalizeReload (918ms)
		ReleaseScriptCaches (0ms)
		RebuildScriptCaches (0ms)
		SetupLoadedEditorAssemblies (442ms)
			LogAssemblyErrors (0ms)
			InitializePlatformSupportModulesInManaged (9ms)
			SetLoadedEditorAssemblies (3ms)
			RefreshPlugins (0ms)
			BeforeProcessingInitializeOnLoad (62ms)
			ProcessInitializeOnLoadAttributes (339ms)
			ProcessInitializeOnLoadMethodAttributes (22ms)
			AfterProcessingInitializeOnLoad (9ms)
			EditorAssembliesLoaded (0ms)
		ExecutionOrderSort2 (0ms)
		AwakeInstancesAfterBackupRestoration (7ms)
Refreshing native plugins compatible for Editor in 3.44 ms, found 3 plugins.
Preloading 0 native plugins for Editor in 0.00 ms.
Unloading 3126 Unused Serialized files (Serialized files now loaded: 0)
Unloading 14 unused Assets / (28.5 KB). Loaded Objects now: 3650.
Memory consumption went from 134.3 MB to 134.3 MB.
Total: 3.036400 ms (FindLiveObjects: 0.340300 ms CreateObjectMapping: 0.138900 ms MarkObjects: 2.513600 ms  DeleteObjects: 0.042000 ms)

Prepare: number of updated asset objects reloaded= 0
AssetImportParameters requested are different than current active one (requested -> active):
  custom:container-demuxer-ogg: 62fdf1f143b41e24485cea50d1cbac27 -> 
  custom:scripting/monoscript/fileName/GameManager.cs: f6182d712e34e20e3202214886862cdb -> 9933fbcc6190e2a9171c2ec8808a053e
  custom:scripting/monoscript/fileName/Income.cs: 938d875b4ea58c05495f38a939171226 -> 
  custom:video-decoder-ogg-theora: a1e56fd34408186e4bbccfd4996cb3dc -> 
  custom:framework-win-MediaFoundation: 216162199b28c13a410421893ffa2e32 -> 
  custom:scripting/monoscript/fileName/Tower.cs: 0e51d5638e1e2b20f04394d6225c671a -> 16583eaf01662413665c0a8803428cd6
  custom:scripting/monoscript/fileName/MenuFrame.cs: 575edbd0df24363ab161dfcb310542c7 -> 
  custom:CustomObjectIndexerAttribute: 9a22284fe3817be447336de3de66b15e -> 
  custom:scripting/monoscript/fileName/Readme.cs: 5aedf578fb2663036982fb7b05aaf325 -> 
  custom:scripting/monoscript/fileName/Tooltip.cs: b7163f69ad820c51a0cfd3387a68b1d4 -> efb4e7ecf4b2142538150f2477ca1e4e
  custom:container-demuxer-webm: 4f35f7cbe854078d1ac9338744f61a02 -> 
  custom:scripting/monoscript/fileName/GoldMine.cs: bab3e2ee0cdfb32214ea1458d0239fb0 -> 
  custom:container-muxer-webm: aa71ff27fc2769a1b78a27578f13a17b -> 
  custom:scripting/monoscript/fileName/ReadmeEditor.cs: ff7ced1e41c1b99ddf5dfefc88f6bd50 -> 
  custom:video-decoder-webm-vp8: 9c59270c3fd7afecdb556c50c9e8de78 -> 
  custom:SearchIndexIgnoredProperties: e643bd26f0fe6173181afceb89e7c659 -> 
  custom:AudioImporter_EditorPlatform: d09bf68614088b80899f8185d706f6e7 -> 
  custom:scripting/monoscript/fileName/LumberMill.cs: c2d45524fbd0d6e9a670d983de5f81d7 -> 
  custom:scripting/monoscript/fileName/Slime.cs: e872c3a4bc36777cb1cc31d8379690c8 -> 05272bae05f111c6b0609e32e93d89d5
  custom:scripting/monoscript/fileName/Bar.cs: 890822e7dfd0f89892a6fd3ee944f62e -> 71c40e549b4fade8bed144aaff5a79ac
  custom:scripting/monoscript/fileName/TooltipManager.cs: 902a800de15a4facdbc6dbb1be6c1339 -> bc11dd805cb64c1c2f88cd7ae96fba24
  custom:video-encoder-webm-vp8: eb34c28f22e8b96e1ab97ce403110664 -> 
  custom:audio-decoder-ogg-vorbis: bf7c407c2cedff20999df2af8eb42d56 -> 
  custom:scripting/monoscript/fileName/Bullet.cs: 48ff13ede6c310cc0acf4a30e818a1de -> a4f5918e799041ba1f6608f13912eb8b
  custom:scripting/monoscript/fileName/TowerBuild.cs: 3807a8e615ef6a49dfd3f6bc5055a7a9 -> 9ea8b859a681512b782b9b3988d2f5f8
  custom:scripting/monoscript/fileName/Wave.cs: c8b913f1d5cb3bff026a08ce26c83aad -> 6e300e3b5d1a1dd15fa0115918e06e83
  custom:audio-encoder-webm-vorbis: bf7c407c2cedff20999df2af8eb42d56 -> 
  custom:scripting/monoscript/fileName/WaterReflection.cs: f1c57f2ce2c094032b710e8e5eb21bd7 -> 
  custom:scripting/monoscript/fileName/Tile.cs: e6480a408e34695897b31a69fad2b871 -> a94101d916c115d73aff3567a86e16d8
========================================================================
Received Import Request.
  Time since last request: 30.720185 seconds.
  path: Assets/Prefabs/PremiumTower.prefab
  artifactKey: Guid(8542e3db9bff02e4b92f25a033b7ef8e) Importer(815301076,1909f56bfc062723c751e8b465ee728b)
Start importing Assets/Prefabs/PremiumTower.prefab using Guid(8542e3db9bff02e4b92f25a033b7ef8e) Importer(815301076,1909f56bfc062723c751e8b465ee728b) [PhysX] Initialized MultithreadedTaskDispatcher with 12 workers.
 -> (artifact id: '49aa00a1e5e92f34cdc2f02e2071832e') in 0.002010 seconds
Number of updated asset objects reloaded before import = 0
Number of asset objects unloaded after import = 0
========================================================================
Received Prepare
Caller must complete domain reload
Begin MonoManager ReloadAssembly
- Loaded All Assemblies, in  0.405 seconds
Native extension for WindowsStandalone target not found
Native extension for WebGL target not found
[Package Manager] Server::EnsureServerProcessIsRunning -- launch failed, reason: Unity was launched with the -noUpm command-line argument
[Package Manager] UpmClient::Send -- Unable to send message (not connected to UPM process).
[Package Manager] Cannot connect to Unity Package Manager local server
Mono: successfully reloaded assembly
- Finished resetting the current domain, in  0.892 seconds
Domain Reload Profiling: 1294ms
	BeginReloadAssembly (139ms)
		ExecutionOrderSort (0ms)
		DisableScriptedObjects (4ms)
		BackupInstance (0ms)
		ReleaseScriptingObjects (0ms)
		CreateAndSetChildDomain (30ms)
	RebuildCommonClasses (32ms)
	RebuildNativeTypeToScriptingClass (11ms)
	initialDomainReloadingComplete (27ms)
	LoadAllAssembliesAndSetupDomain (192ms)
		LoadAssemblies (254ms)
		RebuildTransferFunctionScriptingTraits (0ms)
		AnalyzeDomain (14ms)
			TypeCache.Refresh (5ms)
				TypeCache.ScanAssembly (0ms)
			ScanForSourceGeneratedMonoScriptInfo (0ms)
			ResolveRequiredComponents (8ms)
	FinalizeReload (892ms)
		ReleaseScriptCaches (0ms)
		RebuildScriptCaches (0ms)
		SetupLoadedEditorAssemblies (444ms)
			LogAssemblyErrors (0ms)
			InitializePlatformSupportModulesInManaged (8ms)
			SetLoadedEditorAssemblies (3ms)
			RefreshPlugins (0ms)
			BeforeProcessingInitializeOnLoad (59ms)
			ProcessInitializeOnLoadAttributes (342ms)
			ProcessInitializeOnLoadMethodAttributes (24ms)
			AfterProcessingInitializeOnLoad (8ms)
			EditorAssembliesLoaded (0ms)
		ExecutionOrderSort2 (0ms)
		AwakeInstancesAfterBackupRestoration (6ms)
Refreshing native plugins compatible for Editor in 3.30 ms, found 3 plugins.
Preloading 0 native plugins for Editor in 0.00 ms.
Unloading 3126 Unused Serialized files (Serialized files now loaded: 0)
Unloading 14 unused Assets / (28.5 KB). Loaded Objects now: 3653.
Memory consumption went from 134.3 MB to 134.3 MB.
Total: 2.839900 ms (FindLiveObjects: 0.316500 ms CreateObjectMapping: 0.076600 ms MarkObjects: 2.404100 ms  DeleteObjects: 0.041900 ms)

Prepare: number of updated asset objects reloaded= 0
AssetImportParameters requested are different than current active one (requested -> active):
  custom:container-demuxer-ogg: 62fdf1f143b41e24485cea50d1cbac27 -> 
  custom:scripting/monoscript/fileName/GameManager.cs: f6182d712e34e20e3202214886862cdb -> 9933fbcc6190e2a9171c2ec8808a053e
  custom:scripting/monoscript/fileName/Income.cs: 938d875b4ea58c05495f38a939171226 -> 
  custom:video-decoder-ogg-theora: a1e56fd34408186e4bbccfd4996cb3dc -> 
  custom:framework-win-MediaFoundation: 216162199b28c13a410421893ffa2e32 -> 
  custom:scripting/monoscript/fileName/Tower.cs: 0e51d5638e1e2b20f04394d6225c671a -> 16583eaf01662413665c0a8803428cd6
  custom:scripting/monoscript/fileName/MenuFrame.cs: 575edbd0df24363ab161dfcb310542c7 -> 
  custom:CustomObjectIndexerAttribute: 9a22284fe3817be447336de3de66b15e -> 
  custom:scripting/monoscript/fileName/Readme.cs: 5aedf578fb2663036982fb7b05aaf325 -> 
  custom:scripting/monoscript/fileName/Tooltip.cs: b7163f69ad820c51a0cfd3387a68b1d4 -> efb4e7ecf4b2142538150f2477ca1e4e
  custom:container-demuxer-webm: 4f35f7cbe854078d1ac9338744f61a02 -> 
  custom:scripting/monoscript/fileName/GoldMine.cs: bab3e2ee0cdfb32214ea1458d0239fb0 -> 
  custom:container-muxer-webm: aa71ff27fc2769a1b78a27578f13a17b -> 
  custom:scripting/monoscript/fileName/ReadmeEditor.cs: ff7ced1e41c1b99ddf5dfefc88f6bd50 -> 
  custom:video-decoder-webm-vp8: 9c59270c3fd7afecdb556c50c9e8de78 -> 
  custom:SearchIndexIgnoredProperties: e643bd26f0fe6173181afceb89e7c659 -> 
  custom:AudioImporter_EditorPlatform: d09bf68614088b80899f8185d706f6e7 -> 
  custom:scripting/monoscript/fileName/LumberMill.cs: c2d45524fbd0d6e9a670d983de5f81d7 -> 
  custom:scripting/monoscript/fileName/Slime.cs: e872c3a4bc36777cb1cc31d8379690c8 -> 05272bae05f111c6b0609e32e93d89d5
  custom:scripting/monoscript/fileName/Bar.cs: 890822e7dfd0f89892a6fd3ee944f62e -> 71c40e549b4fade8bed144aaff5a79ac
  custom:scripting/monoscript/fileName/TooltipManager.cs: 902a800de15a4facdbc6dbb1be6c1339 -> bc11dd805cb64c1c2f88cd7ae96fba24
  custom:video-encoder-webm-vp8: eb34c28f22e8b96e1ab97ce403110664 -> 
  custom:audio-decoder-ogg-vorbis: bf7c407c2cedff20999df2af8eb42d56 -> 
  custom:scripting/monoscript/fileName/Bullet.cs: 48ff13ede6c310cc0acf4a30e818a1de -> a4f5918e799041ba1f6608f13912eb8b
  custom:scripting/monoscript/fileName/TowerBuild.cs: 3807a8e615ef6a49dfd3f6bc5055a7a9 -> 9ea8b859a681512b782b9b3988d2f5f8
  custom:scripting/monoscript/fileName/Wave.cs: c8b913f1d5cb3bff026a08ce26c83aad -> 6e300e3b5d1a1dd15fa0115918e06e83
  custom:audio-encoder-webm-vorbis: bf7c407c2cedff20999df2af8eb42d56 -> 
  custom:scripting/monoscript/fileName/WaterReflection.cs: f1c57f2ce2c094032b710e8e5eb21bd7 -> 
  custom:scripting/monoscript/fileName/Tile.cs: e6480a408e34695897b31a69fad2b871 -> a94101d916c115d73aff3567a86e16d8
========================================================================
Received Import Request.
  Time since last request: 6.545956 seconds.
  path: Assets/Prefabs/Arrow.prefab
  artifactKey: Guid(e530754f8a214b643a54123eaa798bef) Importer(815301076,1909f56bfc062723c751e8b465ee728b)
Start importing Assets/Prefabs/Arrow.prefab using Guid(e530754f8a214b643a54123eaa798bef) Importer(815301076,1909f56bfc062723c751e8b465ee728b) [PhysX] Initialized MultithreadedTaskDispatcher with 12 workers.
 -> (artifact id: 'c5cc7a11c0c8d509b26fe38ea92241b7') in 0.001782 seconds
Number of updated asset objects reloaded before import = 0
Number of asset objects unloaded after import = 0
========================================================================
Received Import Request.
  Time since last request: 0.000023 seconds.
  path: Assets/Prefabs/PremiumTower.prefab
  artifactKey: Guid(8542e3db9bff02e4b92f25a033b7ef8e) Importer(815301076,1909f56bfc062723c751e8b465ee728b)
Start importing Assets/Prefabs/PremiumTower.prefab using Guid(8542e3db9bff02e4b92f25a033b7ef8e) Importer(815301076,1909f56bfc062723c751e8b465ee728b) [PhysX] Initialized MultithreadedTaskDispatcher with 12 workers.
 -> (artifact id: '49aa00a1e5e92f34cdc2f02e2071832e') in 0.000443 seconds
Number of updated asset objects reloaded before import = 0
Number of asset objects unloaded after import = 0
========================================================================
Received Prepare
Caller must complete domain reload
Begin MonoManager ReloadAssembly
- Loaded All Assemblies, in  0.405 seconds
Native extension for WindowsStandalone target not found
Native extension for WebGL target not found
[Package Manager] Server::EnsureServerProcessIsRunning -- launch failed, reason: Unity was launched with the -noUpm command-line argument
[Package Manager] UpmClient::Send -- Unable to send message (not connected to UPM process).
[Package Manager] Cannot connect to Unity Package Manager local server
Mono: successfully reloaded assembly
- Finished resetting the current domain, in  0.924 seconds
Domain Reload Profiling: 1327ms
	BeginReloadAssembly (139ms)
		ExecutionOrderSort (0ms)
		DisableScriptedObjects (4ms)
		BackupInstance (0ms)
		ReleaseScriptingObjects (0ms)
		CreateAndSetChildDomain (30ms)
	RebuildCommonClasses (35ms)
	RebuildNativeTypeToScriptingClass (12ms)
	initialDomainReloadingComplete (28ms)
	LoadAllAssembliesAndSetupDomain (188ms)
		LoadAssemblies (251ms)
		RebuildTransferFunctionScriptingTraits (0ms)
		AnalyzeDomain (13ms)
			TypeCache.Refresh (5ms)
				TypeCache.ScanAssembly (0ms)
			ScanForSourceGeneratedMonoScriptInfo (0ms)
			ResolveRequiredComponents (6ms)
	FinalizeReload (925ms)
		ReleaseScriptCaches (0ms)
		RebuildScriptCaches (0ms)
		SetupLoadedEditorAssemblies (452ms)
			LogAssemblyErrors (0ms)
			InitializePlatformSupportModulesInManaged (9ms)
			SetLoadedEditorAssemblies (3ms)
			RefreshPlugins (0ms)
			BeforeProcessingInitializeOnLoad (63ms)
			ProcessInitializeOnLoadAttributes (348ms)
			ProcessInitializeOnLoadMethodAttributes (22ms)
			AfterProcessingInitializeOnLoad (8ms)
			EditorAssembliesLoaded (0ms)
		ExecutionOrderSort2 (0ms)
		AwakeInstancesAfterBackupRestoration (7ms)
Refreshing native plugins compatible for Editor in 3.07 ms, found 3 plugins.
Preloading 0 native plugins for Editor in 0.00 ms.
Unloading 3126 Unused Serialized files (Serialized files now loaded: 0)
Unloading 14 unused Assets / (28.5 KB). Loaded Objects now: 3656.
Memory consumption went from 134.3 MB to 134.3 MB.
Total: 2.881500 ms (FindLiveObjects: 0.338500 ms CreateObjectMapping: 0.077600 ms MarkObjects: 2.422800 ms  DeleteObjects: 0.041700 ms)

Prepare: number of updated asset objects reloaded= 0
AssetImportParameters requested are different than current active one (requested -> active):
  custom:container-demuxer-ogg: 62fdf1f143b41e24485cea50d1cbac27 -> 
  custom:scripting/monoscript/fileName/GameManager.cs: f6182d712e34e20e3202214886862cdb -> 9933fbcc6190e2a9171c2ec8808a053e
  custom:scripting/monoscript/fileName/Income.cs: 938d875b4ea58c05495f38a939171226 -> 
  custom:video-decoder-ogg-theora: a1e56fd34408186e4bbccfd4996cb3dc -> 
  custom:framework-win-MediaFoundation: 216162199b28c13a410421893ffa2e32 -> 
  custom:scripting/monoscript/fileName/Tower.cs: 0e51d5638e1e2b20f04394d6225c671a -> 16583eaf01662413665c0a8803428cd6
  custom:scripting/monoscript/fileName/MenuFrame.cs: 575edbd0df24363ab161dfcb310542c7 -> 
  custom:CustomObjectIndexerAttribute: 9a22284fe3817be447336de3de66b15e -> 
  custom:scripting/monoscript/fileName/Readme.cs: 5aedf578fb2663036982fb7b05aaf325 -> 
  custom:scripting/monoscript/fileName/Tooltip.cs: b7163f69ad820c51a0cfd3387a68b1d4 -> efb4e7ecf4b2142538150f2477ca1e4e
  custom:container-demuxer-webm: 4f35f7cbe854078d1ac9338744f61a02 -> 
  custom:scripting/monoscript/fileName/GoldMine.cs: bab3e2ee0cdfb32214ea1458d0239fb0 -> 
  custom:container-muxer-webm: aa71ff27fc2769a1b78a27578f13a17b -> 
  custom:scripting/monoscript/fileName/ReadmeEditor.cs: ff7ced1e41c1b99ddf5dfefc88f6bd50 -> 
  custom:video-decoder-webm-vp8: 9c59270c3fd7afecdb556c50c9e8de78 -> 
  custom:SearchIndexIgnoredProperties: e643bd26f0fe6173181afceb89e7c659 -> 
  custom:AudioImporter_EditorPlatform: d09bf68614088b80899f8185d706f6e7 -> 
  custom:scripting/monoscript/fileName/LumberMill.cs: c2d45524fbd0d6e9a670d983de5f81d7 -> 
  custom:scripting/monoscript/fileName/Slime.cs: e872c3a4bc36777cb1cc31d8379690c8 -> 05272bae05f111c6b0609e32e93d89d5
  custom:scripting/monoscript/fileName/Bar.cs: 890822e7dfd0f89892a6fd3ee944f62e -> 71c40e549b4fade8bed144aaff5a79ac
  custom:scripting/monoscript/fileName/TooltipManager.cs: 902a800de15a4facdbc6dbb1be6c1339 -> bc11dd805cb64c1c2f88cd7ae96fba24
  custom:video-encoder-webm-vp8: eb34c28f22e8b96e1ab97ce403110664 -> 
  custom:audio-decoder-ogg-vorbis: bf7c407c2cedff20999df2af8eb42d56 -> 
  custom:scripting/monoscript/fileName/Bullet.cs: 48ff13ede6c310cc0acf4a30e818a1de -> a4f5918e799041ba1f6608f13912eb8b
  custom:scripting/monoscript/fileName/TowerBuild.cs: 3807a8e615ef6a49dfd3f6bc5055a7a9 -> 9ea8b859a681512b782b9b3988d2f5f8
  custom:scripting/monoscript/fileName/Wave.cs: c8b913f1d5cb3bff026a08ce26c83aad -> 6e300e3b5d1a1dd15fa0115918e06e83
  custom:audio-encoder-webm-vorbis: bf7c407c2cedff20999df2af8eb42d56 -> 
  custom:scripting/monoscript/fileName/WaterReflection.cs: f1c57f2ce2c094032b710e8e5eb21bd7 -> 
  custom:scripting/monoscript/fileName/Tile.cs: e6480a408e34695897b31a69fad2b871 -> a94101d916c115d73aff3567a86e16d8
========================================================================
Received Prepare
Caller must complete domain reload
Begin MonoManager ReloadAssembly
- Loaded All Assemblies, in  0.428 seconds
Native extension for WindowsStandalone target not found
Native extension for WebGL target not found
[Package Manager] Server::EnsureServerProcessIsRunning -- launch failed, reason: Unity was launched with the -noUpm command-line argument
[Package Manager] UpmClient::Send -- Unable to send message (not connected to UPM process).
[Package Manager] Cannot connect to Unity Package Manager local server
Mono: successfully reloaded assembly
- Finished resetting the current domain, in  0.855 seconds
Domain Reload Profiling: 1280ms
	BeginReloadAssembly (149ms)
		ExecutionOrderSort (0ms)
		DisableScriptedObjects (5ms)
		BackupInstance (0ms)
		ReleaseScriptingObjects (0ms)
		CreateAndSetChildDomain (29ms)
	RebuildCommonClasses (32ms)
	RebuildNativeTypeToScriptingClass (17ms)
	initialDomainReloadingComplete (31ms)
	LoadAllAssembliesAndSetupDomain (196ms)
		LoadAssemblies (256ms)
		RebuildTransferFunctionScriptingTraits (0ms)
		AnalyzeDomain (21ms)
			TypeCache.Refresh (8ms)
				TypeCache.ScanAssembly (1ms)
			ScanForSourceGeneratedMonoScriptInfo (6ms)
			ResolveRequiredComponents (5ms)
	FinalizeReload (855ms)
		ReleaseScriptCaches (0ms)
		RebuildScriptCaches (0ms)
		SetupLoadedEditorAssemblies (406ms)
			LogAssemblyErrors (0ms)
			InitializePlatformSupportModulesInManaged (8ms)
			SetLoadedEditorAssemblies (4ms)
			RefreshPlugins (0ms)
			BeforeProcessingInitializeOnLoad (59ms)
			ProcessInitializeOnLoadAttributes (309ms)
			ProcessInitializeOnLoadMethodAttributes (20ms)
			AfterProcessingInitializeOnLoad (7ms)
			EditorAssembliesLoaded (0ms)
		ExecutionOrderSort2 (0ms)
		AwakeInstancesAfterBackupRestoration (6ms)
Refreshing native plugins compatible for Editor in 2.91 ms, found 3 plugins.
Preloading 0 native plugins for Editor in 0.00 ms.
Unloading 3127 Unused Serialized files (Serialized files now loaded: 0)
Unloading 14 unused Assets / (28.5 KB). Loaded Objects now: 3659.
Memory consumption went from 134.5 MB to 134.5 MB.
Total: 2.847600 ms (FindLiveObjects: 0.296000 ms CreateObjectMapping: 0.076900 ms MarkObjects: 2.425800 ms  DeleteObjects: 0.047600 ms)

Prepare: number of updated asset objects reloaded= 0
AssetImportParameters requested are different than current active one (requested -> active):
  custom:container-demuxer-ogg: 62fdf1f143b41e24485cea50d1cbac27 -> 
  custom:scripting/monoscript/fileName/GameManager.cs: f6182d712e34e20e3202214886862cdb -> 9933fbcc6190e2a9171c2ec8808a053e
  custom:scripting/monoscript/fileName/Income.cs: 938d875b4ea58c05495f38a939171226 -> 
  custom:video-decoder-ogg-theora: a1e56fd34408186e4bbccfd4996cb3dc -> 
  custom:framework-win-MediaFoundation: 216162199b28c13a410421893ffa2e32 -> 
  custom:scripting/monoscript/fileName/Tower.cs: 0e51d5638e1e2b20f04394d6225c671a -> 16583eaf01662413665c0a8803428cd6
  custom:scripting/monoscript/fileName/MenuFrame.cs: 575edbd0df24363ab161dfcb310542c7 -> 
  custom:CustomObjectIndexerAttribute: 9a22284fe3817be447336de3de66b15e -> 
  custom:scripting/monoscript/fileName/Readme.cs: 5aedf578fb2663036982fb7b05aaf325 -> 
  custom:scripting/monoscript/fileName/Tooltip.cs: b7163f69ad820c51a0cfd3387a68b1d4 -> efb4e7ecf4b2142538150f2477ca1e4e
  custom:container-demuxer-webm: 4f35f7cbe854078d1ac9338744f61a02 -> 
  custom:scripting/monoscript/fileName/GoldMine.cs: bab3e2ee0cdfb32214ea1458d0239fb0 -> 
  custom:container-muxer-webm: aa71ff27fc2769a1b78a27578f13a17b -> 
  custom:scripting/monoscript/fileName/ReadmeEditor.cs: ff7ced1e41c1b99ddf5dfefc88f6bd50 -> 
  custom:video-decoder-webm-vp8: 9c59270c3fd7afecdb556c50c9e8de78 -> 
  custom:SearchIndexIgnoredProperties: e643bd26f0fe6173181afceb89e7c659 -> 
  custom:AudioImporter_EditorPlatform: d09bf68614088b80899f8185d706f6e7 -> 
  custom:scripting/monoscript/fileName/LumberMill.cs: c2d45524fbd0d6e9a670d983de5f81d7 -> 
  custom:scripting/monoscript/fileName/Slime.cs: e872c3a4bc36777cb1cc31d8379690c8 -> 05272bae05f111c6b0609e32e93d89d5
  custom:scripting/monoscript/fileName/Bar.cs: 890822e7dfd0f89892a6fd3ee944f62e -> 71c40e549b4fade8bed144aaff5a79ac
  custom:scripting/monoscript/fileName/TooltipManager.cs: 902a800de15a4facdbc6dbb1be6c1339 -> bc11dd805cb64c1c2f88cd7ae96fba24
  custom:video-encoder-webm-vp8: eb34c28f22e8b96e1ab97ce403110664 -> 
  custom:audio-decoder-ogg-vorbis: bf7c407c2cedff20999df2af8eb42d56 -> 
  custom:scripting/monoscript/fileName/Bullet.cs: 48ff13ede6c310cc0acf4a30e818a1de -> a4f5918e799041ba1f6608f13912eb8b
  custom:scripting/monoscript/fileName/TowerBuild.cs: 3807a8e615ef6a49dfd3f6bc5055a7a9 -> 9ea8b859a681512b782b9b3988d2f5f8
  custom:scripting/monoscript/fileName/Wave.cs: c8b913f1d5cb3bff026a08ce26c83aad -> 6e300e3b5d1a1dd15fa0115918e06e83
  custom:audio-encoder-webm-vorbis: bf7c407c2cedff20999df2af8eb42d56 -> 
  custom:scripting/monoscript/fileName/WaterReflection.cs: f1c57f2ce2c094032b710e8e5eb21bd7 -> 
  custom:scripting/monoscript/fileName/Tile.cs: e6480a408e34695897b31a69fad2b871 -> a94101d916c115d73aff3567a86e16d8
========================================================================
Received Prepare
Caller must complete domain reload
Begin MonoManager ReloadAssembly
- Loaded All Assemblies, in  0.407 seconds
Native extension for WindowsStandalone target not found
Native extension for WebGL target not found
[Package Manager] Server::EnsureServerProcessIsRunning -- launch failed, reason: Unity was launched with the -noUpm command-line argument
[Package Manager] UpmClient::Send -- Unable to send message (not connected to UPM process).
[Package Manager] Cannot connect to Unity Package Manager local server
Mono: successfully reloaded assembly
- Finished resetting the current domain, in  0.876 seconds
Domain Reload Profiling: 1280ms
	BeginReloadAssembly (144ms)
		ExecutionOrderSort (0ms)
		DisableScriptedObjects (4ms)
		BackupInstance (0ms)
		ReleaseScriptingObjects (0ms)
		CreateAndSetChildDomain (29ms)
	RebuildCommonClasses (37ms)
	RebuildNativeTypeToScriptingClass (11ms)
	initialDomainReloadingComplete (31ms)
	LoadAllAssembliesAndSetupDomain (180ms)
		LoadAssemblies (248ms)
		RebuildTransferFunctionScriptingTraits (0ms)
		AnalyzeDomain (13ms)
			TypeCache.Refresh (5ms)
				TypeCache.ScanAssembly (0ms)
			ScanForSourceGeneratedMonoScriptInfo (0ms)
			ResolveRequiredComponents (6ms)
	FinalizeReload (876ms)
		ReleaseScriptCaches (0ms)
		RebuildScriptCaches (0ms)
		SetupLoadedEditorAssemblies (451ms)
			LogAssemblyErrors (0ms)
			InitializePlatformSupportModulesInManaged (8ms)
			SetLoadedEditorAssemblies (3ms)
			RefreshPlugins (0ms)
			BeforeProcessingInitializeOnLoad (61ms)
			ProcessInitializeOnLoadAttributes (348ms)
			ProcessInitializeOnLoadMethodAttributes (23ms)
			AfterProcessingInitializeOnLoad (8ms)
			EditorAssembliesLoaded (0ms)
		ExecutionOrderSort2 (0ms)
		AwakeInstancesAfterBackupRestoration (6ms)
Refreshing native plugins compatible for Editor in 3.03 ms, found 3 plugins.
Preloading 0 native plugins for Editor in 0.00 ms.
Unloading 3127 Unused Serialized files (Serialized files now loaded: 0)
Unloading 14 unused Assets / (28.5 KB). Loaded Objects now: 3662.
Memory consumption went from 134.6 MB to 134.5 MB.
Total: 3.209000 ms (FindLiveObjects: 0.379400 ms CreateObjectMapping: 0.176900 ms MarkObjects: 2.603600 ms  DeleteObjects: 0.047500 ms)

Prepare: number of updated asset objects reloaded= 0
AssetImportParameters requested are different than current active one (requested -> active):
  custom:container-demuxer-ogg: 62fdf1f143b41e24485cea50d1cbac27 -> 
  custom:scripting/monoscript/fileName/GameManager.cs: f6182d712e34e20e3202214886862cdb -> 9933fbcc6190e2a9171c2ec8808a053e
  custom:scripting/monoscript/fileName/Income.cs: 938d875b4ea58c05495f38a939171226 -> 
  custom:video-decoder-ogg-theora: a1e56fd34408186e4bbccfd4996cb3dc -> 
  custom:framework-win-MediaFoundation: 216162199b28c13a410421893ffa2e32 -> 
  custom:scripting/monoscript/fileName/Tower.cs: 0e51d5638e1e2b20f04394d6225c671a -> 16583eaf01662413665c0a8803428cd6
  custom:scripting/monoscript/fileName/MenuFrame.cs: 575edbd0df24363ab161dfcb310542c7 -> 
  custom:CustomObjectIndexerAttribute: 9a22284fe3817be447336de3de66b15e -> 
  custom:scripting/monoscript/fileName/Readme.cs: 5aedf578fb2663036982fb7b05aaf325 -> 
  custom:scripting/monoscript/fileName/Tooltip.cs: b7163f69ad820c51a0cfd3387a68b1d4 -> efb4e7ecf4b2142538150f2477ca1e4e
  custom:container-demuxer-webm: 4f35f7cbe854078d1ac9338744f61a02 -> 
  custom:scripting/monoscript/fileName/GoldMine.cs: bab3e2ee0cdfb32214ea1458d0239fb0 -> 
  custom:container-muxer-webm: aa71ff27fc2769a1b78a27578f13a17b -> 
  custom:scripting/monoscript/fileName/ReadmeEditor.cs: ff7ced1e41c1b99ddf5dfefc88f6bd50 -> 
  custom:video-decoder-webm-vp8: 9c59270c3fd7afecdb556c50c9e8de78 -> 
  custom:SearchIndexIgnoredProperties: e643bd26f0fe6173181afceb89e7c659 -> 
  custom:AudioImporter_EditorPlatform: d09bf68614088b80899f8185d706f6e7 -> 
  custom:scripting/monoscript/fileName/LumberMill.cs: c2d45524fbd0d6e9a670d983de5f81d7 -> 
  custom:scripting/monoscript/fileName/Slime.cs: e872c3a4bc36777cb1cc31d8379690c8 -> 05272bae05f111c6b0609e32e93d89d5
  custom:scripting/monoscript/fileName/Bar.cs: 890822e7dfd0f89892a6fd3ee944f62e -> 71c40e549b4fade8bed144aaff5a79ac
  custom:scripting/monoscript/fileName/TooltipManager.cs: 902a800de15a4facdbc6dbb1be6c1339 -> bc11dd805cb64c1c2f88cd7ae96fba24
  custom:video-encoder-webm-vp8: eb34c28f22e8b96e1ab97ce403110664 -> 
  custom:audio-decoder-ogg-vorbis: bf7c407c2cedff20999df2af8eb42d56 -> 
  custom:scripting/monoscript/fileName/Bullet.cs: 48ff13ede6c310cc0acf4a30e818a1de -> a4f5918e799041ba1f6608f13912eb8b
  custom:scripting/monoscript/fileName/TowerBuild.cs: 3807a8e615ef6a49dfd3f6bc5055a7a9 -> 9ea8b859a681512b782b9b3988d2f5f8
  custom:scripting/monoscript/fileName/Wave.cs: c8b913f1d5cb3bff026a08ce26c83aad -> 6e300e3b5d1a1dd15fa0115918e06e83
  custom:audio-encoder-webm-vorbis: bf7c407c2cedff20999df2af8eb42d56 -> 
  custom:scripting/monoscript/fileName/WaterReflection.cs: f1c57f2ce2c094032b710e8e5eb21bd7 -> 
  custom:scripting/monoscript/fileName/Tile.cs: e6480a408e34695897b31a69fad2b871 -> a94101d916c115d73aff3567a86e16d8
========================================================================
Received Prepare
Caller must complete domain reload
Begin MonoManager ReloadAssembly
- Loaded All Assemblies, in  0.443 seconds
Native extension for WindowsStandalone target not found
Native extension for WebGL target not found
[Package Manager] Server::EnsureServerProcessIsRunning -- launch failed, reason: Unity was launched with the -noUpm command-line argument
[Package Manager] UpmClient::Send -- Unable to send message (not connected to UPM process).
[Package Manager] Cannot connect to Unity Package Manager local server
Mono: successfully reloaded assembly
- Finished resetting the current domain, in  0.941 seconds
Domain Reload Profiling: 1382ms
	BeginReloadAssembly (146ms)
		ExecutionOrderSort (0ms)
		DisableScriptedObjects (4ms)
		BackupInstance (0ms)
		ReleaseScriptingObjects (0ms)
		CreateAndSetChildDomain (32ms)
	RebuildCommonClasses (31ms)
	RebuildNativeTypeToScriptingClass (11ms)
	initialDomainReloadingComplete (29ms)
	LoadAllAssembliesAndSetupDomain (223ms)
		LoadAssemblies (291ms)
		RebuildTransferFunctionScriptingTraits (0ms)
		AnalyzeDomain (12ms)
			TypeCache.Refresh (5ms)
				TypeCache.ScanAssembly (0ms)
			ScanForSourceGeneratedMonoScriptInfo (0ms)
			ResolveRequiredComponents (5ms)
	FinalizeReload (942ms)
		ReleaseScriptCaches (0ms)
		RebuildScriptCaches (0ms)
		SetupLoadedEditorAssemblies (441ms)
			LogAssemblyErrors (0ms)
			InitializePlatformSupportModulesInManaged (8ms)
			SetLoadedEditorAssemblies (3ms)
			RefreshPlugins (0ms)
			BeforeProcessingInitializeOnLoad (61ms)
			ProcessInitializeOnLoadAttributes (339ms)
			ProcessInitializeOnLoadMethodAttributes (22ms)
			AfterProcessingInitializeOnLoad (8ms)
			EditorAssembliesLoaded (0ms)
		ExecutionOrderSort2 (0ms)
		AwakeInstancesAfterBackupRestoration (6ms)
Refreshing native plugins compatible for Editor in 3.11 ms, found 3 plugins.
Preloading 0 native plugins for Editor in 0.00 ms.
Unloading 3127 Unused Serialized files (Serialized files now loaded: 0)
Unloading 14 unused Assets / (28.5 KB). Loaded Objects now: 3665.
Memory consumption went from 134.6 MB to 134.5 MB.
Total: 3.964800 ms (FindLiveObjects: 0.425100 ms CreateObjectMapping: 0.089100 ms MarkObjects: 3.371200 ms  DeleteObjects: 0.077200 ms)

Prepare: number of updated asset objects reloaded= 0
AssetImportParameters requested are different than current active one (requested -> active):
  custom:container-demuxer-ogg: 62fdf1f143b41e24485cea50d1cbac27 -> 
  custom:scripting/monoscript/fileName/GameManager.cs: f6182d712e34e20e3202214886862cdb -> 9933fbcc6190e2a9171c2ec8808a053e
  custom:scripting/monoscript/fileName/Income.cs: 938d875b4ea58c05495f38a939171226 -> 
  custom:video-decoder-ogg-theora: a1e56fd34408186e4bbccfd4996cb3dc -> 
  custom:framework-win-MediaFoundation: 216162199b28c13a410421893ffa2e32 -> 
  custom:scripting/monoscript/fileName/Tower.cs: 0e51d5638e1e2b20f04394d6225c671a -> 16583eaf01662413665c0a8803428cd6
  custom:scripting/monoscript/fileName/MenuFrame.cs: 575edbd0df24363ab161dfcb310542c7 -> 
  custom:CustomObjectIndexerAttribute: 9a22284fe3817be447336de3de66b15e -> 
  custom:scripting/monoscript/fileName/Readme.cs: 5aedf578fb2663036982fb7b05aaf325 -> 
  custom:scripting/monoscript/fileName/Tooltip.cs: b7163f69ad820c51a0cfd3387a68b1d4 -> efb4e7ecf4b2142538150f2477ca1e4e
  custom:container-demuxer-webm: 4f35f7cbe854078d1ac9338744f61a02 -> 
  custom:scripting/monoscript/fileName/GoldMine.cs: bab3e2ee0cdfb32214ea1458d0239fb0 -> 
  custom:container-muxer-webm: aa71ff27fc2769a1b78a27578f13a17b -> 
  custom:scripting/monoscript/fileName/ReadmeEditor.cs: ff7ced1e41c1b99ddf5dfefc88f6bd50 -> 
  custom:video-decoder-webm-vp8: 9c59270c3fd7afecdb556c50c9e8de78 -> 
  custom:SearchIndexIgnoredProperties: e643bd26f0fe6173181afceb89e7c659 -> 
  custom:AudioImporter_EditorPlatform: d09bf68614088b80899f8185d706f6e7 -> 
  custom:scripting/monoscript/fileName/LumberMill.cs: c2d45524fbd0d6e9a670d983de5f81d7 -> 
  custom:scripting/monoscript/fileName/Slime.cs: e872c3a4bc36777cb1cc31d8379690c8 -> 05272bae05f111c6b0609e32e93d89d5
  custom:scripting/monoscript/fileName/Bar.cs: 890822e7dfd0f89892a6fd3ee944f62e -> 71c40e549b4fade8bed144aaff5a79ac
  custom:scripting/monoscript/fileName/TooltipManager.cs: 902a800de15a4facdbc6dbb1be6c1339 -> bc11dd805cb64c1c2f88cd7ae96fba24
  custom:video-encoder-webm-vp8: eb34c28f22e8b96e1ab97ce403110664 -> 
  custom:audio-decoder-ogg-vorbis: bf7c407c2cedff20999df2af8eb42d56 -> 
  custom:scripting/monoscript/fileName/Bullet.cs: 48ff13ede6c310cc0acf4a30e818a1de -> a4f5918e799041ba1f6608f13912eb8b
  custom:scripting/monoscript/fileName/TowerBuild.cs: 3807a8e615ef6a49dfd3f6bc5055a7a9 -> 9ea8b859a681512b782b9b3988d2f5f8
  custom:scripting/monoscript/fileName/Wave.cs: c8b913f1d5cb3bff026a08ce26c83aad -> 6e300e3b5d1a1dd15fa0115918e06e83
  custom:audio-encoder-webm-vorbis: bf7c407c2cedff20999df2af8eb42d56 -> 
  custom:scripting/monoscript/fileName/WaterReflection.cs: f1c57f2ce2c094032b710e8e5eb21bd7 -> 
  custom:scripting/monoscript/fileName/Tile.cs: e6480a408e34695897b31a69fad2b871 -> a94101d916c115d73aff3567a86e16d8
========================================================================
Received Prepare
Caller must complete domain reload
Begin MonoManager ReloadAssembly
- Loaded All Assemblies, in  0.390 seconds
Native extension for WindowsStandalone target not found
Native extension for WebGL target not found
[Package Manager] Server::EnsureServerProcessIsRunning -- launch failed, reason: Unity was launched with the -noUpm command-line argument
[Package Manager] UpmClient::Send -- Unable to send message (not connected to UPM process).
[Package Manager] Cannot connect to Unity Package Manager local server
Mono: successfully reloaded assembly
- Finished resetting the current domain, in  0.897 seconds
Domain Reload Profiling: 1284ms
	BeginReloadAssembly (137ms)
		ExecutionOrderSort (0ms)
		DisableScriptedObjects (4ms)
		BackupInstance (0ms)
		ReleaseScriptingObjects (0ms)
		CreateAndSetChildDomain (29ms)
	RebuildCommonClasses (31ms)
	RebuildNativeTypeToScriptingClass (12ms)
	initialDomainReloadingComplete (26ms)
	LoadAllAssembliesAndSetupDomain (181ms)
		LoadAssemblies (242ms)
		RebuildTransferFunctionScriptingTraits (0ms)
		AnalyzeDomain (13ms)
			TypeCache.Refresh (5ms)
				TypeCache.ScanAssembly (0ms)
			ScanForSourceGeneratedMonoScriptInfo (0ms)
			ResolveRequiredComponents (5ms)
	FinalizeReload (897ms)
		ReleaseScriptCaches (0ms)
		RebuildScriptCaches (0ms)
		SetupLoadedEditorAssemblies (440ms)
			LogAssemblyErrors (0ms)
			InitializePlatformSupportModulesInManaged (8ms)
			SetLoadedEditorAssemblies (3ms)
			RefreshPlugins (0ms)
			BeforeProcessingInitializeOnLoad (61ms)
			ProcessInitializeOnLoadAttributes (337ms)
			ProcessInitializeOnLoadMethodAttributes (22ms)
			AfterProcessingInitializeOnLoad (8ms)
			EditorAssembliesLoaded (0ms)
		ExecutionOrderSort2 (0ms)
		AwakeInstancesAfterBackupRestoration (6ms)
Refreshing native plugins compatible for Editor in 3.43 ms, found 3 plugins.
Preloading 0 native plugins for Editor in 0.00 ms.
Unloading 3127 Unused Serialized files (Serialized files now loaded: 0)
Unloading 14 unused Assets / (28.5 KB). Loaded Objects now: 3668.
Memory consumption went from 134.6 MB to 134.5 MB.
Total: 2.722600 ms (FindLiveObjects: 0.338600 ms CreateObjectMapping: 0.089800 ms MarkObjects: 2.253000 ms  DeleteObjects: 0.040100 ms)

Prepare: number of updated asset objects reloaded= 0
AssetImportParameters requested are different than current active one (requested -> active):
  custom:container-demuxer-ogg: 62fdf1f143b41e24485cea50d1cbac27 -> 
  custom:scripting/monoscript/fileName/GameManager.cs: f6182d712e34e20e3202214886862cdb -> 9933fbcc6190e2a9171c2ec8808a053e
  custom:scripting/monoscript/fileName/Income.cs: 938d875b4ea58c05495f38a939171226 -> 
  custom:video-decoder-ogg-theora: a1e56fd34408186e4bbccfd4996cb3dc -> 
  custom:framework-win-MediaFoundation: 216162199b28c13a410421893ffa2e32 -> 
  custom:scripting/monoscript/fileName/Tower.cs: 0e51d5638e1e2b20f04394d6225c671a -> 16583eaf01662413665c0a8803428cd6
  custom:scripting/monoscript/fileName/MenuFrame.cs: 575edbd0df24363ab161dfcb310542c7 -> 
  custom:CustomObjectIndexerAttribute: 9a22284fe3817be447336de3de66b15e -> 
  custom:scripting/monoscript/fileName/Readme.cs: 5aedf578fb2663036982fb7b05aaf325 -> 
  custom:scripting/monoscript/fileName/Tooltip.cs: b7163f69ad820c51a0cfd3387a68b1d4 -> efb4e7ecf4b2142538150f2477ca1e4e
  custom:container-demuxer-webm: 4f35f7cbe854078d1ac9338744f61a02 -> 
  custom:scripting/monoscript/fileName/GoldMine.cs: bab3e2ee0cdfb32214ea1458d0239fb0 -> 
  custom:container-muxer-webm: aa71ff27fc2769a1b78a27578f13a17b -> 
  custom:scripting/monoscript/fileName/ReadmeEditor.cs: ff7ced1e41c1b99ddf5dfefc88f6bd50 -> 
  custom:video-decoder-webm-vp8: 9c59270c3fd7afecdb556c50c9e8de78 -> 
  custom:SearchIndexIgnoredProperties: e643bd26f0fe6173181afceb89e7c659 -> 
  custom:AudioImporter_EditorPlatform: d09bf68614088b80899f8185d706f6e7 -> 
  custom:scripting/monoscript/fileName/LumberMill.cs: c2d45524fbd0d6e9a670d983de5f81d7 -> 
  custom:scripting/monoscript/fileName/Slime.cs: e872c3a4bc36777cb1cc31d8379690c8 -> 05272bae05f111c6b0609e32e93d89d5
  custom:scripting/monoscript/fileName/Bar.cs: 890822e7dfd0f89892a6fd3ee944f62e -> 71c40e549b4fade8bed144aaff5a79ac
  custom:scripting/monoscript/fileName/TooltipManager.cs: 902a800de15a4facdbc6dbb1be6c1339 -> bc11dd805cb64c1c2f88cd7ae96fba24
  custom:video-encoder-webm-vp8: eb34c28f22e8b96e1ab97ce403110664 -> 
  custom:audio-decoder-ogg-vorbis: bf7c407c2cedff20999df2af8eb42d56 -> 
  custom:scripting/monoscript/fileName/Bullet.cs: 48ff13ede6c310cc0acf4a30e818a1de -> a4f5918e799041ba1f6608f13912eb8b
  custom:scripting/monoscript/fileName/TowerBuild.cs: 3807a8e615ef6a49dfd3f6bc5055a7a9 -> 9ea8b859a681512b782b9b3988d2f5f8
  custom:scripting/monoscript/fileName/Wave.cs: c8b913f1d5cb3bff026a08ce26c83aad -> 6e300e3b5d1a1dd15fa0115918e06e83
  custom:audio-encoder-webm-vorbis: bf7c407c2cedff20999df2af8eb42d56 -> 
  custom:scripting/monoscript/fileName/WaterReflection.cs: f1c57f2ce2c094032b710e8e5eb21bd7 -> 
  custom:scripting/monoscript/fileName/Tile.cs: e6480a408e34695897b31a69fad2b871 -> a94101d916c115d73aff3567a86e16d8
========================================================================
Received Prepare
Caller must complete domain reload
Begin MonoManager ReloadAssembly
- Loaded All Assemblies, in  0.438 seconds
Native extension for WindowsStandalone target not found
Native extension for WebGL target not found
[Package Manager] Server::EnsureServerProcessIsRunning -- launch failed, reason: Unity was launched with the -noUpm command-line argument
[Package Manager] UpmClient::Send -- Unable to send message (not connected to UPM process).
[Package Manager] Cannot connect to Unity Package Manager local server
Mono: successfully reloaded assembly
- Finished resetting the current domain, in  0.983 seconds
Domain Reload Profiling: 1418ms
	BeginReloadAssembly (146ms)
		ExecutionOrderSort (0ms)
		DisableScriptedObjects (4ms)
		BackupInstance (0ms)
		ReleaseScriptingObjects (0ms)
		CreateAndSetChildDomain (29ms)
	RebuildCommonClasses (32ms)
	RebuildNativeTypeToScriptingClass (11ms)
	initialDomainReloadingComplete (35ms)
	LoadAllAssembliesAndSetupDomain (210ms)
		LoadAssemblies (270ms)
		RebuildTransferFunctionScriptingTraits (0ms)
		AnalyzeDomain (21ms)
			TypeCache.Refresh (8ms)
				TypeCache.ScanAssembly (1ms)
			ScanForSourceGeneratedMonoScriptInfo (6ms)
			ResolveRequiredComponents (5ms)
	FinalizeReload (984ms)
		ReleaseScriptCaches (0ms)
		RebuildScriptCaches (0ms)
		SetupLoadedEditorAssemblies (433ms)
			LogAssemblyErrors (0ms)
			InitializePlatformSupportModulesInManaged (8ms)
			SetLoadedEditorAssemblies (3ms)
			RefreshPlugins (0ms)
			BeforeProcessingInitializeOnLoad (55ms)
			ProcessInitializeOnLoadAttributes (338ms)
			ProcessInitializeOnLoadMethodAttributes (21ms)
			AfterProcessingInitializeOnLoad (7ms)
			EditorAssembliesLoaded (0ms)
		ExecutionOrderSort2 (0ms)
		AwakeInstancesAfterBackupRestoration (6ms)
Refreshing native plugins compatible for Editor in 3.50 ms, found 3 plugins.
Preloading 0 native plugins for Editor in 0.00 ms.
Unloading 3128 Unused Serialized files (Serialized files now loaded: 0)
Unloading 14 unused Assets / (28.6 KB). Loaded Objects now: 3672.
Memory consumption went from 134.6 MB to 134.6 MB.
Total: 2.693500 ms (FindLiveObjects: 0.327100 ms CreateObjectMapping: 0.086900 ms MarkObjects: 2.240100 ms  DeleteObjects: 0.038300 ms)

Prepare: number of updated asset objects reloaded= 0
AssetImportParameters requested are different than current active one (requested -> active):
  custom:container-demuxer-ogg: 62fdf1f143b41e24485cea50d1cbac27 -> 
  custom:scripting/monoscript/fileName/GameManager.cs: f6182d712e34e20e3202214886862cdb -> 9933fbcc6190e2a9171c2ec8808a053e
  custom:scripting/monoscript/fileName/Income.cs: 938d875b4ea58c05495f38a939171226 -> 
  custom:video-decoder-ogg-theora: a1e56fd34408186e4bbccfd4996cb3dc -> 
  custom:framework-win-MediaFoundation: 216162199b28c13a410421893ffa2e32 -> 
  custom:scripting/monoscript/fileName/Tower.cs: 0e51d5638e1e2b20f04394d6225c671a -> 16583eaf01662413665c0a8803428cd6
  custom:scripting/monoscript/fileName/MenuFrame.cs: 575edbd0df24363ab161dfcb310542c7 -> 
  custom:scripting/monoscript/fileName/FadingText.cs: 77e5b1f06a7e356d3547dd4042e206f5 -> 
  custom:CustomObjectIndexerAttribute: 9a22284fe3817be447336de3de66b15e -> 
  custom:scripting/monoscript/fileName/Readme.cs: 5aedf578fb2663036982fb7b05aaf325 -> 
  custom:scripting/monoscript/fileName/Tooltip.cs: b7163f69ad820c51a0cfd3387a68b1d4 -> efb4e7ecf4b2142538150f2477ca1e4e
  custom:container-demuxer-webm: 4f35f7cbe854078d1ac9338744f61a02 -> 
  custom:scripting/monoscript/fileName/GoldMine.cs: bab3e2ee0cdfb32214ea1458d0239fb0 -> 
  custom:container-muxer-webm: aa71ff27fc2769a1b78a27578f13a17b -> 
  custom:scripting/monoscript/fileName/ReadmeEditor.cs: ff7ced1e41c1b99ddf5dfefc88f6bd50 -> 
  custom:video-decoder-webm-vp8: 9c59270c3fd7afecdb556c50c9e8de78 -> 
  custom:SearchIndexIgnoredProperties: e643bd26f0fe6173181afceb89e7c659 -> 
  custom:AudioImporter_EditorPlatform: d09bf68614088b80899f8185d706f6e7 -> 
  custom:scripting/monoscript/fileName/LumberMill.cs: c2d45524fbd0d6e9a670d983de5f81d7 -> 
  custom:scripting/monoscript/fileName/Slime.cs: e872c3a4bc36777cb1cc31d8379690c8 -> 05272bae05f111c6b0609e32e93d89d5
  custom:scripting/monoscript/fileName/Bar.cs: 890822e7dfd0f89892a6fd3ee944f62e -> 71c40e549b4fade8bed144aaff5a79ac
  custom:scripting/monoscript/fileName/TooltipManager.cs: 902a800de15a4facdbc6dbb1be6c1339 -> bc11dd805cb64c1c2f88cd7ae96fba24
  custom:video-encoder-webm-vp8: eb34c28f22e8b96e1ab97ce403110664 -> 
  custom:audio-decoder-ogg-vorbis: bf7c407c2cedff20999df2af8eb42d56 -> 
  custom:scripting/monoscript/fileName/Bullet.cs: 48ff13ede6c310cc0acf4a30e818a1de -> a4f5918e799041ba1f6608f13912eb8b
  custom:scripting/monoscript/fileName/TowerBuild.cs: 3807a8e615ef6a49dfd3f6bc5055a7a9 -> 9ea8b859a681512b782b9b3988d2f5f8
  custom:scripting/monoscript/fileName/Wave.cs: c8b913f1d5cb3bff026a08ce26c83aad -> 6e300e3b5d1a1dd15fa0115918e06e83
  custom:audio-encoder-webm-vorbis: bf7c407c2cedff20999df2af8eb42d56 -> 
  custom:scripting/monoscript/fileName/WaterReflection.cs: f1c57f2ce2c094032b710e8e5eb21bd7 -> 
  custom:scripting/monoscript/fileName/Tile.cs: e6480a408e34695897b31a69fad2b871 -> a94101d916c115d73aff3567a86e16d8
  custom:scripting/precompiled-assembly-types:Assembly-CSharp: c9de57360eaf86b8c89c0551fb2c903b -> e62b66366f159171f02e707cec416dc6
========================================================================
Received Import Request.
  Time since last request: 3935.521893 seconds.
  path: Assets/Scripts/menus/FadingText.cs
  artifactKey: Guid(7a0c16625d826ed408748aad61479c6d) Importer(815301076,1909f56bfc062723c751e8b465ee728b)
Start importing Assets/Scripts/menus/FadingText.cs using Guid(7a0c16625d826ed408748aad61479c6d) Importer(815301076,1909f56bfc062723c751e8b465ee728b) [PhysX] Initialized MultithreadedTaskDispatcher with 12 workers.
 -> (artifact id: '82bf53ca37d55900c7eee24a2279b3d2') in 0.001969 seconds
Number of updated asset objects reloaded before import = 0
Number of asset objects unloaded after import = 0
========================================================================
Received Prepare
Caller must complete domain reload
Begin MonoManager ReloadAssembly
- Loaded All Assemblies, in  0.417 seconds
Native extension for WindowsStandalone target not found
Native extension for WebGL target not found
[Package Manager] Server::EnsureServerProcessIsRunning -- launch failed, reason: Unity was launched with the -noUpm command-line argument
[Package Manager] UpmClient::Send -- Unable to send message (not connected to UPM process).
[Package Manager] Cannot connect to Unity Package Manager local server
Mono: successfully reloaded assembly
- Finished resetting the current domain, in  0.918 seconds
Domain Reload Profiling: 1333ms
	BeginReloadAssembly (152ms)
		ExecutionOrderSort (0ms)
		DisableScriptedObjects (5ms)
		BackupInstance (0ms)
		ReleaseScriptingObjects (0ms)
		CreateAndSetChildDomain (28ms)
	RebuildCommonClasses (31ms)
	RebuildNativeTypeToScriptingClass (11ms)
	initialDomainReloadingComplete (27ms)
	LoadAllAssembliesAndSetupDomain (194ms)
		LoadAssemblies (266ms)
		RebuildTransferFunctionScriptingTraits (0ms)
		AnalyzeDomain (13ms)
			TypeCache.Refresh (5ms)
				TypeCache.ScanAssembly (0ms)
			ScanForSourceGeneratedMonoScriptInfo (0ms)
			ResolveRequiredComponents (6ms)
	FinalizeReload (918ms)
		ReleaseScriptCaches (0ms)
		RebuildScriptCaches (0ms)
		SetupLoadedEditorAssemblies (445ms)
			LogAssemblyErrors (0ms)
			InitializePlatformSupportModulesInManaged (8ms)
			SetLoadedEditorAssemblies (3ms)
			RefreshPlugins (0ms)
			BeforeProcessingInitializeOnLoad (60ms)
			ProcessInitializeOnLoadAttributes (346ms)
			ProcessInitializeOnLoadMethodAttributes (21ms)
			AfterProcessingInitializeOnLoad (8ms)
			EditorAssembliesLoaded (0ms)
		ExecutionOrderSort2 (0ms)
		AwakeInstancesAfterBackupRestoration (7ms)
Refreshing native plugins compatible for Editor in 3.90 ms, found 3 plugins.
Preloading 0 native plugins for Editor in 0.00 ms.
Unloading 3127 Unused Serialized files (Serialized files now loaded: 0)
Unloading 14 unused Assets / (28.7 KB). Loaded Objects now: 3675.
Memory consumption went from 134.3 MB to 134.3 MB.
Total: 3.389800 ms (FindLiveObjects: 0.467100 ms CreateObjectMapping: 0.075800 ms MarkObjects: 2.798300 ms  DeleteObjects: 0.047500 ms)

Prepare: number of updated asset objects reloaded= 0
AssetImportParameters requested are different than current active one (requested -> active):
  custom:container-demuxer-ogg: 62fdf1f143b41e24485cea50d1cbac27 -> 
  custom:scripting/monoscript/fileName/GameManager.cs: f6182d712e34e20e3202214886862cdb -> 9933fbcc6190e2a9171c2ec8808a053e
  custom:scripting/monoscript/fileName/Income.cs: 938d875b4ea58c05495f38a939171226 -> 
  custom:video-decoder-ogg-theora: a1e56fd34408186e4bbccfd4996cb3dc -> 
  custom:framework-win-MediaFoundation: 216162199b28c13a410421893ffa2e32 -> 
  custom:scripting/monoscript/fileName/Tower.cs: 0e51d5638e1e2b20f04394d6225c671a -> 16583eaf01662413665c0a8803428cd6
  custom:scripting/monoscript/fileName/MenuFrame.cs: 575edbd0df24363ab161dfcb310542c7 -> 
  custom:scripting/monoscript/fileName/FadingText.cs: 77e5b1f06a7e356d3547dd4042e206f5 -> 
  custom:CustomObjectIndexerAttribute: 9a22284fe3817be447336de3de66b15e -> 
  custom:scripting/monoscript/fileName/Readme.cs: 5aedf578fb2663036982fb7b05aaf325 -> 
  custom:scripting/monoscript/fileName/Tooltip.cs: b7163f69ad820c51a0cfd3387a68b1d4 -> efb4e7ecf4b2142538150f2477ca1e4e
  custom:container-demuxer-webm: 4f35f7cbe854078d1ac9338744f61a02 -> 
  custom:scripting/monoscript/fileName/GoldMine.cs: bab3e2ee0cdfb32214ea1458d0239fb0 -> 
  custom:container-muxer-webm: aa71ff27fc2769a1b78a27578f13a17b -> 
  custom:scripting/monoscript/fileName/ReadmeEditor.cs: ff7ced1e41c1b99ddf5dfefc88f6bd50 -> 
  custom:video-decoder-webm-vp8: 9c59270c3fd7afecdb556c50c9e8de78 -> 
  custom:SearchIndexIgnoredProperties: e643bd26f0fe6173181afceb89e7c659 -> 
  custom:AudioImporter_EditorPlatform: d09bf68614088b80899f8185d706f6e7 -> 
  custom:scripting/monoscript/fileName/LumberMill.cs: c2d45524fbd0d6e9a670d983de5f81d7 -> 
  custom:scripting/monoscript/fileName/Slime.cs: e872c3a4bc36777cb1cc31d8379690c8 -> 05272bae05f111c6b0609e32e93d89d5
  custom:scripting/monoscript/fileName/Bar.cs: 890822e7dfd0f89892a6fd3ee944f62e -> 71c40e549b4fade8bed144aaff5a79ac
  custom:scripting/monoscript/fileName/TooltipManager.cs: 902a800de15a4facdbc6dbb1be6c1339 -> bc11dd805cb64c1c2f88cd7ae96fba24
  custom:video-encoder-webm-vp8: eb34c28f22e8b96e1ab97ce403110664 -> 
  custom:audio-decoder-ogg-vorbis: bf7c407c2cedff20999df2af8eb42d56 -> 
  custom:scripting/monoscript/fileName/Bullet.cs: 48ff13ede6c310cc0acf4a30e818a1de -> a4f5918e799041ba1f6608f13912eb8b
  custom:scripting/monoscript/fileName/TowerBuild.cs: 3807a8e615ef6a49dfd3f6bc5055a7a9 -> 9ea8b859a681512b782b9b3988d2f5f8
  custom:scripting/monoscript/fileName/Wave.cs: c8b913f1d5cb3bff026a08ce26c83aad -> 6e300e3b5d1a1dd15fa0115918e06e83
  custom:audio-encoder-webm-vorbis: bf7c407c2cedff20999df2af8eb42d56 -> 
  custom:scripting/monoscript/fileName/WaterReflection.cs: f1c57f2ce2c094032b710e8e5eb21bd7 -> 
  custom:scripting/monoscript/fileName/Tile.cs: e6480a408e34695897b31a69fad2b871 -> a94101d916c115d73aff3567a86e16d8
  custom:scripting/precompiled-assembly-types:Assembly-CSharp: c9de57360eaf86b8c89c0551fb2c903b -> e62b66366f159171f02e707cec416dc6
========================================================================
Received Prepare
Caller must complete domain reload
Begin MonoManager ReloadAssembly
- Loaded All Assemblies, in  0.525 seconds
Native extension for WindowsStandalone target not found
Native extension for WebGL target not found
[Package Manager] Server::EnsureServerProcessIsRunning -- launch failed, reason: Unity was launched with the -noUpm command-line argument
[Package Manager] UpmClient::Send -- Unable to send message (not connected to UPM process).
[Package Manager] Cannot connect to Unity Package Manager local server
Mono: successfully reloaded assembly
- Finished resetting the current domain, in  0.878 seconds
Domain Reload Profiling: 1400ms
	BeginReloadAssembly (244ms)
		ExecutionOrderSort (0ms)
		DisableScriptedObjects (4ms)
		BackupInstance (0ms)
		ReleaseScriptingObjects (0ms)
		CreateAndSetChildDomain (32ms)
	RebuildCommonClasses (33ms)
	RebuildNativeTypeToScriptingClass (12ms)
	initialDomainReloadingComplete (28ms)
	LoadAllAssembliesAndSetupDomain (205ms)
		LoadAssemblies (262ms)
		RebuildTransferFunctionScriptingTraits (0ms)
		AnalyzeDomain (24ms)
			TypeCache.Refresh (8ms)
				TypeCache.ScanAssembly (1ms)
			ScanForSourceGeneratedMonoScriptInfo (7ms)
			ResolveRequiredComponents (7ms)
	FinalizeReload (878ms)
		ReleaseScriptCaches (0ms)
		RebuildScriptCaches (0ms)
		SetupLoadedEditorAssemblies (416ms)
			LogAssemblyErrors (0ms)
			InitializePlatformSupportModulesInManaged (7ms)
			SetLoadedEditorAssemblies (3ms)
			RefreshPlugins (0ms)
			BeforeProcessingInitializeOnLoad (63ms)
			ProcessInitializeOnLoadAttributes (316ms)
			ProcessInitializeOnLoadMethodAttributes (20ms)
			AfterProcessingInitializeOnLoad (8ms)
			EditorAssembliesLoaded (0ms)
		ExecutionOrderSort2 (0ms)
		AwakeInstancesAfterBackupRestoration (6ms)
Refreshing native plugins compatible for Editor in 2.87 ms, found 3 plugins.
Preloading 0 native plugins for Editor in 0.00 ms.
Unloading 3128 Unused Serialized files (Serialized files now loaded: 0)
Unloading 14 unused Assets / (28.6 KB). Loaded Objects now: 3678.
Memory consumption went from 134.6 MB to 134.6 MB.
Total: 2.638000 ms (FindLiveObjects: 0.281100 ms CreateObjectMapping: 0.087400 ms MarkObjects: 2.221500 ms  DeleteObjects: 0.047000 ms)

Prepare: number of updated asset objects reloaded= 0
AssetImportParameters requested are different than current active one (requested -> active):
  custom:container-demuxer-ogg: 62fdf1f143b41e24485cea50d1cbac27 -> 
  custom:scripting/monoscript/fileName/GameManager.cs: f6182d712e34e20e3202214886862cdb -> 9933fbcc6190e2a9171c2ec8808a053e
  custom:scripting/monoscript/fileName/Income.cs: 938d875b4ea58c05495f38a939171226 -> 
  custom:video-decoder-ogg-theora: a1e56fd34408186e4bbccfd4996cb3dc -> 
  custom:framework-win-MediaFoundation: 216162199b28c13a410421893ffa2e32 -> 
  custom:scripting/monoscript/fileName/Tower.cs: 0e51d5638e1e2b20f04394d6225c671a -> 16583eaf01662413665c0a8803428cd6
  custom:scripting/monoscript/fileName/MenuFrame.cs: 575edbd0df24363ab161dfcb310542c7 -> 
  custom:scripting/monoscript/fileName/FadingText.cs: 77e5b1f06a7e356d3547dd4042e206f5 -> 
  custom:CustomObjectIndexerAttribute: 9a22284fe3817be447336de3de66b15e -> 
  custom:scripting/monoscript/fileName/Readme.cs: 5aedf578fb2663036982fb7b05aaf325 -> 
  custom:scripting/monoscript/fileName/Tooltip.cs: b7163f69ad820c51a0cfd3387a68b1d4 -> efb4e7ecf4b2142538150f2477ca1e4e
  custom:container-demuxer-webm: 4f35f7cbe854078d1ac9338744f61a02 -> 
  custom:scripting/monoscript/fileName/GoldMine.cs: bab3e2ee0cdfb32214ea1458d0239fb0 -> 
  custom:container-muxer-webm: aa71ff27fc2769a1b78a27578f13a17b -> 
  custom:scripting/monoscript/fileName/ReadmeEditor.cs: ff7ced1e41c1b99ddf5dfefc88f6bd50 -> 
  custom:video-decoder-webm-vp8: 9c59270c3fd7afecdb556c50c9e8de78 -> 
  custom:SearchIndexIgnoredProperties: e643bd26f0fe6173181afceb89e7c659 -> 
  custom:AudioImporter_EditorPlatform: d09bf68614088b80899f8185d706f6e7 -> 
  custom:scripting/monoscript/fileName/LumberMill.cs: c2d45524fbd0d6e9a670d983de5f81d7 -> 
  custom:scripting/monoscript/fileName/Slime.cs: e872c3a4bc36777cb1cc31d8379690c8 -> 05272bae05f111c6b0609e32e93d89d5
  custom:scripting/monoscript/fileName/Bar.cs: 890822e7dfd0f89892a6fd3ee944f62e -> 71c40e549b4fade8bed144aaff5a79ac
  custom:scripting/monoscript/fileName/TooltipManager.cs: 902a800de15a4facdbc6dbb1be6c1339 -> bc11dd805cb64c1c2f88cd7ae96fba24
  custom:video-encoder-webm-vp8: eb34c28f22e8b96e1ab97ce403110664 -> 
  custom:audio-decoder-ogg-vorbis: bf7c407c2cedff20999df2af8eb42d56 -> 
  custom:scripting/monoscript/fileName/Bullet.cs: 48ff13ede6c310cc0acf4a30e818a1de -> a4f5918e799041ba1f6608f13912eb8b
  custom:scripting/monoscript/fileName/TowerBuild.cs: 3807a8e615ef6a49dfd3f6bc5055a7a9 -> 9ea8b859a681512b782b9b3988d2f5f8
  custom:scripting/monoscript/fileName/Wave.cs: c8b913f1d5cb3bff026a08ce26c83aad -> 6e300e3b5d1a1dd15fa0115918e06e83
  custom:audio-encoder-webm-vorbis: bf7c407c2cedff20999df2af8eb42d56 -> 
  custom:scripting/monoscript/fileName/WaterReflection.cs: f1c57f2ce2c094032b710e8e5eb21bd7 -> 
  custom:scripting/monoscript/fileName/Tile.cs: e6480a408e34695897b31a69fad2b871 -> a94101d916c115d73aff3567a86e16d8
  custom:scripting/precompiled-assembly-types:Assembly-CSharp: c9de57360eaf86b8c89c0551fb2c903b -> e62b66366f159171f02e707cec416dc6
========================================================================
Received Prepare
Caller must complete domain reload
Begin MonoManager ReloadAssembly
- Loaded All Assemblies, in  0.406 seconds
Native extension for WindowsStandalone target not found
Native extension for WebGL target not found
[Package Manager] Server::EnsureServerProcessIsRunning -- launch failed, reason: Unity was launched with the -noUpm command-line argument
[Package Manager] UpmClient::Send -- Unable to send message (not connected to UPM process).
[Package Manager] Cannot connect to Unity Package Manager local server
Mono: successfully reloaded assembly
- Finished resetting the current domain, in  0.917 seconds
Domain Reload Profiling: 1321ms
	BeginReloadAssembly (142ms)
		ExecutionOrderSort (0ms)
		DisableScriptedObjects (4ms)
		BackupInstance (0ms)
		ReleaseScriptingObjects (0ms)
		CreateAndSetChildDomain (27ms)
	RebuildCommonClasses (32ms)
	RebuildNativeTypeToScriptingClass (14ms)
	initialDomainReloadingComplete (27ms)
	LoadAllAssembliesAndSetupDomain (188ms)
		LoadAssemblies (257ms)
		RebuildTransferFunctionScriptingTraits (0ms)
		AnalyzeDomain (13ms)
			TypeCache.Refresh (5ms)
				TypeCache.ScanAssembly (0ms)
			ScanForSourceGeneratedMonoScriptInfo (0ms)
			ResolveRequiredComponents (5ms)
	FinalizeReload (918ms)
		ReleaseScriptCaches (0ms)
		RebuildScriptCaches (0ms)
		SetupLoadedEditorAssemblies (454ms)
			LogAssemblyErrors (0ms)
			InitializePlatformSupportModulesInManaged (8ms)
			SetLoadedEditorAssemblies (3ms)
			RefreshPlugins (0ms)
			BeforeProcessingInitializeOnLoad (62ms)
			ProcessInitializeOnLoadAttributes (350ms)
			ProcessInitializeOnLoadMethodAttributes (22ms)
			AfterProcessingInitializeOnLoad (8ms)
			EditorAssembliesLoaded (0ms)
		ExecutionOrderSort2 (0ms)
		AwakeInstancesAfterBackupRestoration (6ms)
Refreshing native plugins compatible for Editor in 3.30 ms, found 3 plugins.
Preloading 0 native plugins for Editor in 0.00 ms.
Unloading 3128 Unused Serialized files (Serialized files now loaded: 0)
Unloading 14 unused Assets / (28.6 KB). Loaded Objects now: 3681.
Memory consumption went from 134.6 MB to 134.6 MB.
Total: 3.034900 ms (FindLiveObjects: 0.330100 ms CreateObjectMapping: 0.091700 ms MarkObjects: 2.572600 ms  DeleteObjects: 0.039300 ms)

Prepare: number of updated asset objects reloaded= 0
AssetImportParameters requested are different than current active one (requested -> active):
  custom:container-demuxer-ogg: 62fdf1f143b41e24485cea50d1cbac27 -> 
  custom:scripting/monoscript/fileName/GameManager.cs: f6182d712e34e20e3202214886862cdb -> 9933fbcc6190e2a9171c2ec8808a053e
  custom:scripting/monoscript/fileName/Income.cs: 938d875b4ea58c05495f38a939171226 -> 
  custom:video-decoder-ogg-theora: a1e56fd34408186e4bbccfd4996cb3dc -> 
  custom:framework-win-MediaFoundation: 216162199b28c13a410421893ffa2e32 -> 
  custom:scripting/monoscript/fileName/Tower.cs: 0e51d5638e1e2b20f04394d6225c671a -> 16583eaf01662413665c0a8803428cd6
  custom:scripting/monoscript/fileName/MenuFrame.cs: 575edbd0df24363ab161dfcb310542c7 -> 
  custom:scripting/monoscript/fileName/FadingText.cs: 77e5b1f06a7e356d3547dd4042e206f5 -> 
  custom:CustomObjectIndexerAttribute: 9a22284fe3817be447336de3de66b15e -> 
  custom:scripting/monoscript/fileName/Readme.cs: 5aedf578fb2663036982fb7b05aaf325 -> 
  custom:scripting/monoscript/fileName/Tooltip.cs: b7163f69ad820c51a0cfd3387a68b1d4 -> efb4e7ecf4b2142538150f2477ca1e4e
  custom:container-demuxer-webm: 4f35f7cbe854078d1ac9338744f61a02 -> 
  custom:scripting/monoscript/fileName/GoldMine.cs: bab3e2ee0cdfb32214ea1458d0239fb0 -> 
  custom:container-muxer-webm: aa71ff27fc2769a1b78a27578f13a17b -> 
  custom:scripting/monoscript/fileName/ReadmeEditor.cs: ff7ced1e41c1b99ddf5dfefc88f6bd50 -> 
  custom:video-decoder-webm-vp8: 9c59270c3fd7afecdb556c50c9e8de78 -> 
  custom:SearchIndexIgnoredProperties: e643bd26f0fe6173181afceb89e7c659 -> 
  custom:AudioImporter_EditorPlatform: d09bf68614088b80899f8185d706f6e7 -> 
  custom:scripting/monoscript/fileName/LumberMill.cs: c2d45524fbd0d6e9a670d983de5f81d7 -> 
  custom:scripting/monoscript/fileName/Slime.cs: e872c3a4bc36777cb1cc31d8379690c8 -> 05272bae05f111c6b0609e32e93d89d5
  custom:scripting/monoscript/fileName/Bar.cs: 890822e7dfd0f89892a6fd3ee944f62e -> 71c40e549b4fade8bed144aaff5a79ac
  custom:scripting/monoscript/fileName/TooltipManager.cs: 902a800de15a4facdbc6dbb1be6c1339 -> bc11dd805cb64c1c2f88cd7ae96fba24
  custom:video-encoder-webm-vp8: eb34c28f22e8b96e1ab97ce403110664 -> 
  custom:audio-decoder-ogg-vorbis: bf7c407c2cedff20999df2af8eb42d56 -> 
  custom:scripting/monoscript/fileName/Bullet.cs: 48ff13ede6c310cc0acf4a30e818a1de -> a4f5918e799041ba1f6608f13912eb8b
  custom:scripting/monoscript/fileName/TowerBuild.cs: 3807a8e615ef6a49dfd3f6bc5055a7a9 -> 9ea8b859a681512b782b9b3988d2f5f8
  custom:scripting/monoscript/fileName/Wave.cs: c8b913f1d5cb3bff026a08ce26c83aad -> 6e300e3b5d1a1dd15fa0115918e06e83
  custom:audio-encoder-webm-vorbis: bf7c407c2cedff20999df2af8eb42d56 -> 
  custom:scripting/monoscript/fileName/WaterReflection.cs: f1c57f2ce2c094032b710e8e5eb21bd7 -> 
  custom:scripting/monoscript/fileName/Tile.cs: e6480a408e34695897b31a69fad2b871 -> a94101d916c115d73aff3567a86e16d8
  custom:scripting/precompiled-assembly-types:Assembly-CSharp: c9de57360eaf86b8c89c0551fb2c903b -> e62b66366f159171f02e707cec416dc6
========================================================================
Received Prepare
Caller must complete domain reload
Begin MonoManager ReloadAssembly
- Loaded All Assemblies, in  0.413 seconds
Native extension for WindowsStandalone target not found
Native extension for WebGL target not found
[Package Manager] Server::EnsureServerProcessIsRunning -- launch failed, reason: Unity was launched with the -noUpm command-line argument
[Package Manager] UpmClient::Send -- Unable to send message (not connected to UPM process).
[Package Manager] Cannot connect to Unity Package Manager local server
Mono: successfully reloaded assembly
- Finished resetting the current domain, in  0.836 seconds
Domain Reload Profiling: 1246ms
	BeginReloadAssembly (140ms)
		ExecutionOrderSort (0ms)
		DisableScriptedObjects (5ms)
		BackupInstance (0ms)
		ReleaseScriptingObjects (0ms)
		CreateAndSetChildDomain (30ms)
	RebuildCommonClasses (32ms)
	RebuildNativeTypeToScriptingClass (11ms)
	initialDomainReloadingComplete (28ms)
	LoadAllAssembliesAndSetupDomain (198ms)
		LoadAssemblies (252ms)
		RebuildTransferFunctionScriptingTraits (0ms)
		AnalyzeDomain (22ms)
			TypeCache.Refresh (9ms)
				TypeCache.ScanAssembly (1ms)
			ScanForSourceGeneratedMonoScriptInfo (6ms)
			ResolveRequiredComponents (5ms)
	FinalizeReload (836ms)
		ReleaseScriptCaches (0ms)
		RebuildScriptCaches (0ms)
		SetupLoadedEditorAssemblies (402ms)
			LogAssemblyErrors (0ms)
			InitializePlatformSupportModulesInManaged (7ms)
			SetLoadedEditorAssemblies (3ms)
			RefreshPlugins (0ms)
			BeforeProcessingInitializeOnLoad (55ms)
			ProcessInitializeOnLoadAttributes (309ms)
			ProcessInitializeOnLoadMethodAttributes (20ms)
			AfterProcessingInitializeOnLoad (7ms)
			EditorAssembliesLoaded (0ms)
		ExecutionOrderSort2 (0ms)
		AwakeInstancesAfterBackupRestoration (6ms)
Refreshing native plugins compatible for Editor in 3.00 ms, found 3 plugins.
Preloading 0 native plugins for Editor in 0.00 ms.
Unloading 3128 Unused Serialized files (Serialized files now loaded: 0)
Unloading 14 unused Assets / (28.6 KB). Loaded Objects now: 3684.
Memory consumption went from 134.6 MB to 134.6 MB.
Total: 2.684900 ms (FindLiveObjects: 0.267600 ms CreateObjectMapping: 0.093000 ms MarkObjects: 2.281200 ms  DeleteObjects: 0.042100 ms)

Prepare: number of updated asset objects reloaded= 0
AssetImportParameters requested are different than current active one (requested -> active):
  custom:container-demuxer-ogg: 62fdf1f143b41e24485cea50d1cbac27 -> 
  custom:scripting/monoscript/fileName/GameManager.cs: f6182d712e34e20e3202214886862cdb -> 9933fbcc6190e2a9171c2ec8808a053e
  custom:scripting/monoscript/fileName/Income.cs: 938d875b4ea58c05495f38a939171226 -> 
  custom:video-decoder-ogg-theora: a1e56fd34408186e4bbccfd4996cb3dc -> 
  custom:framework-win-MediaFoundation: 216162199b28c13a410421893ffa2e32 -> 
  custom:scripting/monoscript/fileName/Tower.cs: 0e51d5638e1e2b20f04394d6225c671a -> 16583eaf01662413665c0a8803428cd6
  custom:scripting/monoscript/fileName/MenuFrame.cs: 575edbd0df24363ab161dfcb310542c7 -> 
  custom:scripting/monoscript/fileName/FadingText.cs: 77e5b1f06a7e356d3547dd4042e206f5 -> 
  custom:CustomObjectIndexerAttribute: 9a22284fe3817be447336de3de66b15e -> 
  custom:scripting/monoscript/fileName/Readme.cs: 5aedf578fb2663036982fb7b05aaf325 -> 
  custom:scripting/monoscript/fileName/Tooltip.cs: b7163f69ad820c51a0cfd3387a68b1d4 -> efb4e7ecf4b2142538150f2477ca1e4e
  custom:container-demuxer-webm: 4f35f7cbe854078d1ac9338744f61a02 -> 
  custom:scripting/monoscript/fileName/GoldMine.cs: bab3e2ee0cdfb32214ea1458d0239fb0 -> 
  custom:container-muxer-webm: aa71ff27fc2769a1b78a27578f13a17b -> 
  custom:scripting/monoscript/fileName/ReadmeEditor.cs: ff7ced1e41c1b99ddf5dfefc88f6bd50 -> 
  custom:video-decoder-webm-vp8: 9c59270c3fd7afecdb556c50c9e8de78 -> 
  custom:SearchIndexIgnoredProperties: e643bd26f0fe6173181afceb89e7c659 -> 
  custom:AudioImporter_EditorPlatform: d09bf68614088b80899f8185d706f6e7 -> 
  custom:scripting/monoscript/fileName/LumberMill.cs: c2d45524fbd0d6e9a670d983de5f81d7 -> 
  custom:scripting/monoscript/fileName/Slime.cs: e872c3a4bc36777cb1cc31d8379690c8 -> 05272bae05f111c6b0609e32e93d89d5
  custom:scripting/monoscript/fileName/Bar.cs: 890822e7dfd0f89892a6fd3ee944f62e -> 71c40e549b4fade8bed144aaff5a79ac
  custom:scripting/monoscript/fileName/TooltipManager.cs: 902a800de15a4facdbc6dbb1be6c1339 -> bc11dd805cb64c1c2f88cd7ae96fba24
  custom:video-encoder-webm-vp8: eb34c28f22e8b96e1ab97ce403110664 -> 
  custom:audio-decoder-ogg-vorbis: bf7c407c2cedff20999df2af8eb42d56 -> 
  custom:scripting/monoscript/fileName/Bullet.cs: 48ff13ede6c310cc0acf4a30e818a1de -> a4f5918e799041ba1f6608f13912eb8b
  custom:scripting/monoscript/fileName/TowerBuild.cs: 3807a8e615ef6a49dfd3f6bc5055a7a9 -> 9ea8b859a681512b782b9b3988d2f5f8
  custom:scripting/monoscript/fileName/Wave.cs: c8b913f1d5cb3bff026a08ce26c83aad -> 6e300e3b5d1a1dd15fa0115918e06e83
  custom:audio-encoder-webm-vorbis: bf7c407c2cedff20999df2af8eb42d56 -> 
  custom:scripting/monoscript/fileName/WaterReflection.cs: f1c57f2ce2c094032b710e8e5eb21bd7 -> 
  custom:scripting/monoscript/fileName/Tile.cs: e6480a408e34695897b31a69fad2b871 -> a94101d916c115d73aff3567a86e16d8
  custom:scripting/precompiled-assembly-types:Assembly-CSharp: c9de57360eaf86b8c89c0551fb2c903b -> e62b66366f159171f02e707cec416dc6
========================================================================
Received Prepare
Caller must complete domain reload
Begin MonoManager ReloadAssembly
- Loaded All Assemblies, in  0.392 seconds
Native extension for WindowsStandalone target not found
Native extension for WebGL target not found
[Package Manager] Server::EnsureServerProcessIsRunning -- launch failed, reason: Unity was launched with the -noUpm command-line argument
[Package Manager] UpmClient::Send -- Unable to send message (not connected to UPM process).
[Package Manager] Cannot connect to Unity Package Manager local server
Mono: successfully reloaded assembly
- Finished resetting the current domain, in  0.903 seconds
Domain Reload Profiling: 1292ms
	BeginReloadAssembly (140ms)
		ExecutionOrderSort (0ms)
		DisableScriptedObjects (4ms)
		BackupInstance (0ms)
		ReleaseScriptingObjects (0ms)
		CreateAndSetChildDomain (28ms)
	RebuildCommonClasses (32ms)
	RebuildNativeTypeToScriptingClass (12ms)
	initialDomainReloadingComplete (27ms)
	LoadAllAssembliesAndSetupDomain (178ms)
		LoadAssemblies (244ms)
		RebuildTransferFunctionScriptingTraits (0ms)
		AnalyzeDomain (13ms)
			TypeCache.Refresh (5ms)
				TypeCache.ScanAssembly (0ms)
			ScanForSourceGeneratedMonoScriptInfo (0ms)
			ResolveRequiredComponents (6ms)
	FinalizeReload (903ms)
		ReleaseScriptCaches (0ms)
		RebuildScriptCaches (0ms)
		SetupLoadedEditorAssemblies (447ms)
			LogAssemblyErrors (0ms)
			InitializePlatformSupportModulesInManaged (8ms)
			SetLoadedEditorAssemblies (3ms)
			RefreshPlugins (0ms)
			BeforeProcessingInitializeOnLoad (59ms)
			ProcessInitializeOnLoadAttributes (346ms)
			ProcessInitializeOnLoadMethodAttributes (21ms)
			AfterProcessingInitializeOnLoad (9ms)
			EditorAssembliesLoaded (0ms)
		ExecutionOrderSort2 (0ms)
		AwakeInstancesAfterBackupRestoration (8ms)
Refreshing native plugins compatible for Editor in 2.96 ms, found 3 plugins.
Preloading 0 native plugins for Editor in 0.00 ms.
Unloading 3128 Unused Serialized files (Serialized files now loaded: 0)
Unloading 14 unused Assets / (28.5 KB). Loaded Objects now: 3687.
Memory consumption went from 134.6 MB to 134.6 MB.
Total: 2.795600 ms (FindLiveObjects: 0.361300 ms CreateObjectMapping: 0.105800 ms MarkObjects: 2.284100 ms  DeleteObjects: 0.043900 ms)

Prepare: number of updated asset objects reloaded= 0
AssetImportParameters requested are different than current active one (requested -> active):
  custom:container-demuxer-ogg: 62fdf1f143b41e24485cea50d1cbac27 -> 
  custom:scripting/monoscript/fileName/GameManager.cs: f6182d712e34e20e3202214886862cdb -> 9933fbcc6190e2a9171c2ec8808a053e
  custom:scripting/monoscript/fileName/Income.cs: 938d875b4ea58c05495f38a939171226 -> 
  custom:video-decoder-ogg-theora: a1e56fd34408186e4bbccfd4996cb3dc -> 
  custom:framework-win-MediaFoundation: 216162199b28c13a410421893ffa2e32 -> 
  custom:scripting/monoscript/fileName/Tower.cs: 0e51d5638e1e2b20f04394d6225c671a -> 16583eaf01662413665c0a8803428cd6
  custom:scripting/monoscript/fileName/MenuFrame.cs: 575edbd0df24363ab161dfcb310542c7 -> 
  custom:scripting/monoscript/fileName/FadingText.cs: 77e5b1f06a7e356d3547dd4042e206f5 -> 
  custom:CustomObjectIndexerAttribute: 9a22284fe3817be447336de3de66b15e -> 
  custom:scripting/monoscript/fileName/Readme.cs: 5aedf578fb2663036982fb7b05aaf325 -> 
  custom:scripting/monoscript/fileName/Tooltip.cs: b7163f69ad820c51a0cfd3387a68b1d4 -> efb4e7ecf4b2142538150f2477ca1e4e
  custom:container-demuxer-webm: 4f35f7cbe854078d1ac9338744f61a02 -> 
  custom:scripting/monoscript/fileName/GoldMine.cs: bab3e2ee0cdfb32214ea1458d0239fb0 -> 
  custom:container-muxer-webm: aa71ff27fc2769a1b78a27578f13a17b -> 
  custom:scripting/monoscript/fileName/ReadmeEditor.cs: ff7ced1e41c1b99ddf5dfefc88f6bd50 -> 
  custom:video-decoder-webm-vp8: 9c59270c3fd7afecdb556c50c9e8de78 -> 
  custom:SearchIndexIgnoredProperties: e643bd26f0fe6173181afceb89e7c659 -> 
  custom:AudioImporter_EditorPlatform: d09bf68614088b80899f8185d706f6e7 -> 
  custom:scripting/monoscript/fileName/LumberMill.cs: c2d45524fbd0d6e9a670d983de5f81d7 -> 
  custom:scripting/monoscript/fileName/Slime.cs: e872c3a4bc36777cb1cc31d8379690c8 -> 05272bae05f111c6b0609e32e93d89d5
  custom:scripting/monoscript/fileName/Bar.cs: 890822e7dfd0f89892a6fd3ee944f62e -> 71c40e549b4fade8bed144aaff5a79ac
  custom:scripting/monoscript/fileName/TooltipManager.cs: 902a800de15a4facdbc6dbb1be6c1339 -> bc11dd805cb64c1c2f88cd7ae96fba24
  custom:video-encoder-webm-vp8: eb34c28f22e8b96e1ab97ce403110664 -> 
  custom:audio-decoder-ogg-vorbis: bf7c407c2cedff20999df2af8eb42d56 -> 
  custom:scripting/monoscript/fileName/Bullet.cs: 48ff13ede6c310cc0acf4a30e818a1de -> a4f5918e799041ba1f6608f13912eb8b
  custom:scripting/monoscript/fileName/TowerBuild.cs: 3807a8e615ef6a49dfd3f6bc5055a7a9 -> 9ea8b859a681512b782b9b3988d2f5f8
  custom:scripting/monoscript/fileName/Wave.cs: c8b913f1d5cb3bff026a08ce26c83aad -> 6e300e3b5d1a1dd15fa0115918e06e83
  custom:audio-encoder-webm-vorbis: bf7c407c2cedff20999df2af8eb42d56 -> 
  custom:scripting/monoscript/fileName/WaterReflection.cs: f1c57f2ce2c094032b710e8e5eb21bd7 -> 
  custom:scripting/monoscript/fileName/Tile.cs: e6480a408e34695897b31a69fad2b871 -> a94101d916c115d73aff3567a86e16d8
  custom:scripting/precompiled-assembly-types:Assembly-CSharp: c9de57360eaf86b8c89c0551fb2c903b -> e62b66366f159171f02e707cec416dc6
========================================================================
Received Prepare
Caller must complete domain reload
Begin MonoManager ReloadAssembly
- Loaded All Assemblies, in  0.406 seconds
Native extension for WindowsStandalone target not found
Native extension for WebGL target not found
[Package Manager] Server::EnsureServerProcessIsRunning -- launch failed, reason: Unity was launched with the -noUpm command-line argument
[Package Manager] UpmClient::Send -- Unable to send message (not connected to UPM process).
[Package Manager] Cannot connect to Unity Package Manager local server
Mono: successfully reloaded assembly
- Finished resetting the current domain, in  0.907 seconds
Domain Reload Profiling: 1310ms
	BeginReloadAssembly (140ms)
		ExecutionOrderSort (0ms)
		DisableScriptedObjects (5ms)
		BackupInstance (0ms)
		ReleaseScriptingObjects (0ms)
		CreateAndSetChildDomain (27ms)
	RebuildCommonClasses (37ms)
	RebuildNativeTypeToScriptingClass (11ms)
	initialDomainReloadingComplete (30ms)
	LoadAllAssembliesAndSetupDomain (185ms)
		LoadAssemblies (249ms)
		RebuildTransferFunctionScriptingTraits (0ms)
		AnalyzeDomain (13ms)
			TypeCache.Refresh (5ms)
				TypeCache.ScanAssembly (0ms)
			ScanForSourceGeneratedMonoScriptInfo (0ms)
			ResolveRequiredComponents (6ms)
	FinalizeReload (907ms)
		ReleaseScriptCaches (0ms)
		RebuildScriptCaches (0ms)
		SetupLoadedEditorAssemblies (449ms)
			LogAssemblyErrors (0ms)
			InitializePlatformSupportModulesInManaged (9ms)
			SetLoadedEditorAssemblies (3ms)
			RefreshPlugins (0ms)
			BeforeProcessingInitializeOnLoad (63ms)
			ProcessInitializeOnLoadAttributes (346ms)
			ProcessInitializeOnLoadMethodAttributes (21ms)
			AfterProcessingInitializeOnLoad (9ms)
			EditorAssembliesLoaded (0ms)
		ExecutionOrderSort2 (0ms)
		AwakeInstancesAfterBackupRestoration (7ms)
Refreshing native plugins compatible for Editor in 3.23 ms, found 3 plugins.
Preloading 0 native plugins for Editor in 0.00 ms.
Unloading 3128 Unused Serialized files (Serialized files now loaded: 0)
Unloading 14 unused Assets / (28.6 KB). Loaded Objects now: 3690.
Memory consumption went from 134.6 MB to 134.6 MB.
Total: 2.716800 ms (FindLiveObjects: 0.310200 ms CreateObjectMapping: 0.076700 ms MarkObjects: 2.284700 ms  DeleteObjects: 0.044400 ms)

Prepare: number of updated asset objects reloaded= 0
AssetImportParameters requested are different than current active one (requested -> active):
  custom:container-demuxer-ogg: 62fdf1f143b41e24485cea50d1cbac27 -> 
  custom:scripting/monoscript/fileName/GameManager.cs: f6182d712e34e20e3202214886862cdb -> 9933fbcc6190e2a9171c2ec8808a053e
  custom:scripting/monoscript/fileName/Income.cs: 938d875b4ea58c05495f38a939171226 -> 
  custom:video-decoder-ogg-theora: a1e56fd34408186e4bbccfd4996cb3dc -> 
  custom:framework-win-MediaFoundation: 216162199b28c13a410421893ffa2e32 -> 
  custom:scripting/monoscript/fileName/Tower.cs: 0e51d5638e1e2b20f04394d6225c671a -> 16583eaf01662413665c0a8803428cd6
  custom:scripting/monoscript/fileName/MenuFrame.cs: 575edbd0df24363ab161dfcb310542c7 -> 
  custom:scripting/monoscript/fileName/FadingText.cs: 77e5b1f06a7e356d3547dd4042e206f5 -> 
  custom:CustomObjectIndexerAttribute: 9a22284fe3817be447336de3de66b15e -> 
  custom:scripting/monoscript/fileName/Readme.cs: 5aedf578fb2663036982fb7b05aaf325 -> 
  custom:scripting/monoscript/fileName/Tooltip.cs: b7163f69ad820c51a0cfd3387a68b1d4 -> efb4e7ecf4b2142538150f2477ca1e4e
  custom:container-demuxer-webm: 4f35f7cbe854078d1ac9338744f61a02 -> 
  custom:scripting/monoscript/fileName/GoldMine.cs: bab3e2ee0cdfb32214ea1458d0239fb0 -> 
  custom:container-muxer-webm: aa71ff27fc2769a1b78a27578f13a17b -> 
  custom:scripting/monoscript/fileName/ReadmeEditor.cs: ff7ced1e41c1b99ddf5dfefc88f6bd50 -> 
  custom:video-decoder-webm-vp8: 9c59270c3fd7afecdb556c50c9e8de78 -> 
  custom:SearchIndexIgnoredProperties: e643bd26f0fe6173181afceb89e7c659 -> 
  custom:AudioImporter_EditorPlatform: d09bf68614088b80899f8185d706f6e7 -> 
  custom:scripting/monoscript/fileName/LumberMill.cs: c2d45524fbd0d6e9a670d983de5f81d7 -> 
  custom:scripting/monoscript/fileName/Slime.cs: e872c3a4bc36777cb1cc31d8379690c8 -> 05272bae05f111c6b0609e32e93d89d5
  custom:scripting/monoscript/fileName/Bar.cs: 890822e7dfd0f89892a6fd3ee944f62e -> 71c40e549b4fade8bed144aaff5a79ac
  custom:scripting/monoscript/fileName/TooltipManager.cs: 902a800de15a4facdbc6dbb1be6c1339 -> bc11dd805cb64c1c2f88cd7ae96fba24
  custom:video-encoder-webm-vp8: eb34c28f22e8b96e1ab97ce403110664 -> 
  custom:audio-decoder-ogg-vorbis: bf7c407c2cedff20999df2af8eb42d56 -> 
  custom:scripting/monoscript/fileName/Bullet.cs: 48ff13ede6c310cc0acf4a30e818a1de -> a4f5918e799041ba1f6608f13912eb8b
  custom:scripting/monoscript/fileName/TowerBuild.cs: 3807a8e615ef6a49dfd3f6bc5055a7a9 -> 9ea8b859a681512b782b9b3988d2f5f8
  custom:scripting/monoscript/fileName/Wave.cs: c8b913f1d5cb3bff026a08ce26c83aad -> 6e300e3b5d1a1dd15fa0115918e06e83
  custom:audio-encoder-webm-vorbis: bf7c407c2cedff20999df2af8eb42d56 -> 
  custom:scripting/monoscript/fileName/WaterReflection.cs: f1c57f2ce2c094032b710e8e5eb21bd7 -> 
  custom:scripting/monoscript/fileName/Tile.cs: e6480a408e34695897b31a69fad2b871 -> a94101d916c115d73aff3567a86e16d8
  custom:scripting/precompiled-assembly-types:Assembly-CSharp: c9de57360eaf86b8c89c0551fb2c903b -> e62b66366f159171f02e707cec416dc6
========================================================================
Received Prepare
Caller must complete domain reload
Begin MonoManager ReloadAssembly
- Loaded All Assemblies, in  0.495 seconds
Native extension for WindowsStandalone target not found
Native extension for WebGL target not found
[Package Manager] Server::EnsureServerProcessIsRunning -- launch failed, reason: Unity was launched with the -noUpm command-line argument
[Package Manager] UpmClient::Send -- Unable to send message (not connected to UPM process).
[Package Manager] Cannot connect to Unity Package Manager local server
Mono: successfully reloaded assembly
- Finished resetting the current domain, in  0.881 seconds
Domain Reload Profiling: 1374ms
	BeginReloadAssembly (138ms)
		ExecutionOrderSort (0ms)
		DisableScriptedObjects (5ms)
		BackupInstance (0ms)
		ReleaseScriptingObjects (0ms)
		CreateAndSetChildDomain (29ms)
	RebuildCommonClasses (34ms)
	RebuildNativeTypeToScriptingClass (13ms)
	initialDomainReloadingComplete (31ms)
	LoadAllAssembliesAndSetupDomain (276ms)
		LoadAssemblies (328ms)
		RebuildTransferFunctionScriptingTraits (0ms)
		AnalyzeDomain (22ms)
			TypeCache.Refresh (8ms)
				TypeCache.ScanAssembly (1ms)
			ScanForSourceGeneratedMonoScriptInfo (6ms)
			ResolveRequiredComponents (5ms)
	FinalizeReload (882ms)
		ReleaseScriptCaches (0ms)
		RebuildScriptCaches (0ms)
		SetupLoadedEditorAssemblies (438ms)
			LogAssemblyErrors (0ms)
			InitializePlatformSupportModulesInManaged (8ms)
			SetLoadedEditorAssemblies (3ms)
			RefreshPlugins (0ms)
			BeforeProcessingInitializeOnLoad (65ms)
			ProcessInitializeOnLoadAttributes (334ms)
			ProcessInitializeOnLoadMethodAttributes (19ms)
			AfterProcessingInitializeOnLoad (8ms)
			EditorAssembliesLoaded (0ms)
		ExecutionOrderSort2 (0ms)
		AwakeInstancesAfterBackupRestoration (6ms)
Refreshing native plugins compatible for Editor in 3.18 ms, found 3 plugins.
Preloading 0 native plugins for Editor in 0.00 ms.
Unloading 3128 Unused Serialized files (Serialized files now loaded: 0)
Unloading 14 unused Assets / (28.5 KB). Loaded Objects now: 3693.
Memory consumption went from 134.6 MB to 134.6 MB.
Total: 2.863100 ms (FindLiveObjects: 0.327000 ms CreateObjectMapping: 0.079100 ms MarkObjects: 2.411600 ms  DeleteObjects: 0.044400 ms)

Prepare: number of updated asset objects reloaded= 0
AssetImportParameters requested are different than current active one (requested -> active):
  custom:container-demuxer-ogg: 62fdf1f143b41e24485cea50d1cbac27 -> 
  custom:scripting/monoscript/fileName/GameManager.cs: f6182d712e34e20e3202214886862cdb -> 9933fbcc6190e2a9171c2ec8808a053e
  custom:scripting/monoscript/fileName/Income.cs: 938d875b4ea58c05495f38a939171226 -> 
  custom:video-decoder-ogg-theora: a1e56fd34408186e4bbccfd4996cb3dc -> 
  custom:framework-win-MediaFoundation: 216162199b28c13a410421893ffa2e32 -> 
  custom:scripting/monoscript/fileName/Tower.cs: 0e51d5638e1e2b20f04394d6225c671a -> 16583eaf01662413665c0a8803428cd6
  custom:scripting/monoscript/fileName/MenuFrame.cs: 575edbd0df24363ab161dfcb310542c7 -> 
  custom:scripting/monoscript/fileName/FadingText.cs: 77e5b1f06a7e356d3547dd4042e206f5 -> 
  custom:CustomObjectIndexerAttribute: 9a22284fe3817be447336de3de66b15e -> 
  custom:scripting/monoscript/fileName/Readme.cs: 5aedf578fb2663036982fb7b05aaf325 -> 
  custom:scripting/monoscript/fileName/Tooltip.cs: b7163f69ad820c51a0cfd3387a68b1d4 -> efb4e7ecf4b2142538150f2477ca1e4e
  custom:container-demuxer-webm: 4f35f7cbe854078d1ac9338744f61a02 -> 
  custom:scripting/monoscript/fileName/GoldMine.cs: bab3e2ee0cdfb32214ea1458d0239fb0 -> 
  custom:container-muxer-webm: aa71ff27fc2769a1b78a27578f13a17b -> 
  custom:scripting/monoscript/fileName/ReadmeEditor.cs: ff7ced1e41c1b99ddf5dfefc88f6bd50 -> 
  custom:video-decoder-webm-vp8: 9c59270c3fd7afecdb556c50c9e8de78 -> 
  custom:SearchIndexIgnoredProperties: e643bd26f0fe6173181afceb89e7c659 -> 
  custom:AudioImporter_EditorPlatform: d09bf68614088b80899f8185d706f6e7 -> 
  custom:scripting/monoscript/fileName/LumberMill.cs: c2d45524fbd0d6e9a670d983de5f81d7 -> 
  custom:scripting/monoscript/fileName/Slime.cs: e872c3a4bc36777cb1cc31d8379690c8 -> 05272bae05f111c6b0609e32e93d89d5
  custom:scripting/monoscript/fileName/Bar.cs: 890822e7dfd0f89892a6fd3ee944f62e -> 71c40e549b4fade8bed144aaff5a79ac
  custom:scripting/monoscript/fileName/TooltipManager.cs: 902a800de15a4facdbc6dbb1be6c1339 -> bc11dd805cb64c1c2f88cd7ae96fba24
  custom:video-encoder-webm-vp8: eb34c28f22e8b96e1ab97ce403110664 -> 
  custom:audio-decoder-ogg-vorbis: bf7c407c2cedff20999df2af8eb42d56 -> 
  custom:scripting/monoscript/fileName/Bullet.cs: 48ff13ede6c310cc0acf4a30e818a1de -> a4f5918e799041ba1f6608f13912eb8b
  custom:scripting/monoscript/fileName/TowerBuild.cs: 3807a8e615ef6a49dfd3f6bc5055a7a9 -> 9ea8b859a681512b782b9b3988d2f5f8
  custom:scripting/monoscript/fileName/Wave.cs: c8b913f1d5cb3bff026a08ce26c83aad -> 6e300e3b5d1a1dd15fa0115918e06e83
  custom:audio-encoder-webm-vorbis: bf7c407c2cedff20999df2af8eb42d56 -> 
  custom:scripting/monoscript/fileName/WaterReflection.cs: f1c57f2ce2c094032b710e8e5eb21bd7 -> 
  custom:scripting/monoscript/fileName/Tile.cs: e6480a408e34695897b31a69fad2b871 -> a94101d916c115d73aff3567a86e16d8
  custom:scripting/precompiled-assembly-types:Assembly-CSharp: c9de57360eaf86b8c89c0551fb2c903b -> e62b66366f159171f02e707cec416dc6
========================================================================
Received Prepare
Caller must complete domain reload
Begin MonoManager ReloadAssembly
- Loaded All Assemblies, in  0.413 seconds
Native extension for WindowsStandalone target not found
Native extension for WebGL target not found
[Package Manager] Server::EnsureServerProcessIsRunning -- launch failed, reason: Unity was launched with the -noUpm command-line argument
[Package Manager] UpmClient::Send -- Unable to send message (not connected to UPM process).
[Package Manager] Cannot connect to Unity Package Manager local server
Mono: successfully reloaded assembly
- Finished resetting the current domain, in  0.915 seconds
Domain Reload Profiling: 1325ms
	BeginReloadAssembly (139ms)
		ExecutionOrderSort (0ms)
		DisableScriptedObjects (4ms)
		BackupInstance (0ms)
		ReleaseScriptingObjects (0ms)
		CreateAndSetChildDomain (28ms)
	RebuildCommonClasses (32ms)
	RebuildNativeTypeToScriptingClass (11ms)
	initialDomainReloadingComplete (28ms)
	LoadAllAssembliesAndSetupDomain (199ms)
		LoadAssemblies (265ms)
		RebuildTransferFunctionScriptingTraits (0ms)
		AnalyzeDomain (13ms)
			TypeCache.Refresh (5ms)
				TypeCache.ScanAssembly (0ms)
			ScanForSourceGeneratedMonoScriptInfo (0ms)
			ResolveRequiredComponents (6ms)
	FinalizeReload (915ms)
		ReleaseScriptCaches (0ms)
		RebuildScriptCaches (0ms)
		SetupLoadedEditorAssemblies (454ms)
			LogAssemblyErrors (0ms)
			InitializePlatformSupportModulesInManaged (8ms)
			SetLoadedEditorAssemblies (3ms)
			RefreshPlugins (0ms)
			BeforeProcessingInitializeOnLoad (61ms)
			ProcessInitializeOnLoadAttributes (351ms)
			ProcessInitializeOnLoadMethodAttributes (21ms)
			AfterProcessingInitializeOnLoad (10ms)
			EditorAssembliesLoaded (0ms)
		ExecutionOrderSort2 (0ms)
		AwakeInstancesAfterBackupRestoration (8ms)
Refreshing native plugins compatible for Editor in 3.17 ms, found 3 plugins.
Preloading 0 native plugins for Editor in 0.00 ms.
Unloading 3128 Unused Serialized files (Serialized files now loaded: 0)
Unloading 14 unused Assets / (28.5 KB). Loaded Objects now: 3696.
Memory consumption went from 134.6 MB to 134.6 MB.
Total: 2.752500 ms (FindLiveObjects: 0.287400 ms CreateObjectMapping: 0.075400 ms MarkObjects: 2.343000 ms  DeleteObjects: 0.045700 ms)

Prepare: number of updated asset objects reloaded= 0
AssetImportParameters requested are different than current active one (requested -> active):
  custom:container-demuxer-ogg: 62fdf1f143b41e24485cea50d1cbac27 -> 
  custom:scripting/monoscript/fileName/GameManager.cs: f6182d712e34e20e3202214886862cdb -> 9933fbcc6190e2a9171c2ec8808a053e
  custom:scripting/monoscript/fileName/Income.cs: 938d875b4ea58c05495f38a939171226 -> 
  custom:video-decoder-ogg-theora: a1e56fd34408186e4bbccfd4996cb3dc -> 
  custom:framework-win-MediaFoundation: 216162199b28c13a410421893ffa2e32 -> 
  custom:scripting/monoscript/fileName/Tower.cs: 0e51d5638e1e2b20f04394d6225c671a -> 16583eaf01662413665c0a8803428cd6
  custom:scripting/monoscript/fileName/MenuFrame.cs: 575edbd0df24363ab161dfcb310542c7 -> 
  custom:scripting/monoscript/fileName/FadingText.cs: 77e5b1f06a7e356d3547dd4042e206f5 -> 
  custom:CustomObjectIndexerAttribute: 9a22284fe3817be447336de3de66b15e -> 
  custom:scripting/monoscript/fileName/Readme.cs: 5aedf578fb2663036982fb7b05aaf325 -> 
  custom:scripting/monoscript/fileName/Tooltip.cs: b7163f69ad820c51a0cfd3387a68b1d4 -> efb4e7ecf4b2142538150f2477ca1e4e
  custom:container-demuxer-webm: 4f35f7cbe854078d1ac9338744f61a02 -> 
  custom:scripting/monoscript/fileName/GoldMine.cs: bab3e2ee0cdfb32214ea1458d0239fb0 -> 
  custom:container-muxer-webm: aa71ff27fc2769a1b78a27578f13a17b -> 
  custom:scripting/monoscript/fileName/ReadmeEditor.cs: ff7ced1e41c1b99ddf5dfefc88f6bd50 -> 
  custom:video-decoder-webm-vp8: 9c59270c3fd7afecdb556c50c9e8de78 -> 
  custom:SearchIndexIgnoredProperties: e643bd26f0fe6173181afceb89e7c659 -> 
  custom:AudioImporter_EditorPlatform: d09bf68614088b80899f8185d706f6e7 -> 
  custom:scripting/monoscript/fileName/LumberMill.cs: c2d45524fbd0d6e9a670d983de5f81d7 -> 
  custom:scripting/monoscript/fileName/Slime.cs: e872c3a4bc36777cb1cc31d8379690c8 -> 05272bae05f111c6b0609e32e93d89d5
  custom:scripting/monoscript/fileName/Bar.cs: 890822e7dfd0f89892a6fd3ee944f62e -> 71c40e549b4fade8bed144aaff5a79ac
  custom:scripting/monoscript/fileName/TooltipManager.cs: 902a800de15a4facdbc6dbb1be6c1339 -> bc11dd805cb64c1c2f88cd7ae96fba24
  custom:video-encoder-webm-vp8: eb34c28f22e8b96e1ab97ce403110664 -> 
  custom:audio-decoder-ogg-vorbis: bf7c407c2cedff20999df2af8eb42d56 -> 
  custom:scripting/monoscript/fileName/Bullet.cs: 48ff13ede6c310cc0acf4a30e818a1de -> a4f5918e799041ba1f6608f13912eb8b
  custom:scripting/monoscript/fileName/TowerBuild.cs: 3807a8e615ef6a49dfd3f6bc5055a7a9 -> 9ea8b859a681512b782b9b3988d2f5f8
  custom:scripting/monoscript/fileName/Wave.cs: c8b913f1d5cb3bff026a08ce26c83aad -> 6e300e3b5d1a1dd15fa0115918e06e83
  custom:audio-encoder-webm-vorbis: bf7c407c2cedff20999df2af8eb42d56 -> 
  custom:scripting/monoscript/fileName/WaterReflection.cs: f1c57f2ce2c094032b710e8e5eb21bd7 -> 
  custom:scripting/monoscript/fileName/Tile.cs: e6480a408e34695897b31a69fad2b871 -> a94101d916c115d73aff3567a86e16d8
  custom:scripting/precompiled-assembly-types:Assembly-CSharp: c9de57360eaf86b8c89c0551fb2c903b -> e62b66366f159171f02e707cec416dc6
========================================================================
Received Prepare
Caller must complete domain reload
Begin MonoManager ReloadAssembly
- Loaded All Assemblies, in  0.407 seconds
Native extension for WindowsStandalone target not found
Native extension for WebGL target not found
[Package Manager] Server::EnsureServerProcessIsRunning -- launch failed, reason: Unity was launched with the -noUpm command-line argument
[Package Manager] UpmClient::Send -- Unable to send message (not connected to UPM process).
[Package Manager] Cannot connect to Unity Package Manager local server
Mono: successfully reloaded assembly
- Finished resetting the current domain, in  0.896 seconds
Domain Reload Profiling: 1300ms
	BeginReloadAssembly (139ms)
		ExecutionOrderSort (0ms)
		DisableScriptedObjects (4ms)
		BackupInstance (0ms)
		ReleaseScriptingObjects (0ms)
		CreateAndSetChildDomain (27ms)
	RebuildCommonClasses (32ms)
	RebuildNativeTypeToScriptingClass (12ms)
	initialDomainReloadingComplete (28ms)
	LoadAllAssembliesAndSetupDomain (194ms)
		LoadAssemblies (260ms)
		RebuildTransferFunctionScriptingTraits (0ms)
		AnalyzeDomain (13ms)
			TypeCache.Refresh (5ms)
				TypeCache.ScanAssembly (0ms)
			ScanForSourceGeneratedMonoScriptInfo (0ms)
			ResolveRequiredComponents (5ms)
	FinalizeReload (896ms)
		ReleaseScriptCaches (0ms)
		RebuildScriptCaches (0ms)
		SetupLoadedEditorAssemblies (445ms)
			LogAssemblyErrors (0ms)
			InitializePlatformSupportModulesInManaged (8ms)
			SetLoadedEditorAssemblies (3ms)
			RefreshPlugins (0ms)
			BeforeProcessingInitializeOnLoad (61ms)
			ProcessInitializeOnLoadAttributes (343ms)
			ProcessInitializeOnLoadMethodAttributes (21ms)
			AfterProcessingInitializeOnLoad (9ms)
			EditorAssembliesLoaded (0ms)
		ExecutionOrderSort2 (0ms)
		AwakeInstancesAfterBackupRestoration (6ms)
Refreshing native plugins compatible for Editor in 3.16 ms, found 3 plugins.
Preloading 0 native plugins for Editor in 0.00 ms.
Unloading 3128 Unused Serialized files (Serialized files now loaded: 0)
Unloading 14 unused Assets / (28.6 KB). Loaded Objects now: 3699.
Memory consumption went from 134.6 MB to 134.6 MB.
Total: 3.094100 ms (FindLiveObjects: 0.318400 ms CreateObjectMapping: 0.086100 ms MarkObjects: 2.647100 ms  DeleteObjects: 0.041300 ms)

Prepare: number of updated asset objects reloaded= 0
AssetImportParameters requested are different than current active one (requested -> active):
  custom:container-demuxer-ogg: 62fdf1f143b41e24485cea50d1cbac27 -> 
  custom:scripting/monoscript/fileName/GameManager.cs: f6182d712e34e20e3202214886862cdb -> 9933fbcc6190e2a9171c2ec8808a053e
  custom:scripting/monoscript/fileName/Income.cs: 938d875b4ea58c05495f38a939171226 -> 
  custom:video-decoder-ogg-theora: a1e56fd34408186e4bbccfd4996cb3dc -> 
  custom:framework-win-MediaFoundation: 216162199b28c13a410421893ffa2e32 -> 
  custom:scripting/monoscript/fileName/Tower.cs: 0e51d5638e1e2b20f04394d6225c671a -> 16583eaf01662413665c0a8803428cd6
  custom:scripting/monoscript/fileName/MenuFrame.cs: 575edbd0df24363ab161dfcb310542c7 -> 
  custom:scripting/monoscript/fileName/FadingText.cs: 77e5b1f06a7e356d3547dd4042e206f5 -> 
  custom:CustomObjectIndexerAttribute: 9a22284fe3817be447336de3de66b15e -> 
  custom:scripting/monoscript/fileName/Readme.cs: 5aedf578fb2663036982fb7b05aaf325 -> 
  custom:scripting/monoscript/fileName/Tooltip.cs: b7163f69ad820c51a0cfd3387a68b1d4 -> efb4e7ecf4b2142538150f2477ca1e4e
  custom:container-demuxer-webm: 4f35f7cbe854078d1ac9338744f61a02 -> 
  custom:scripting/monoscript/fileName/GoldMine.cs: bab3e2ee0cdfb32214ea1458d0239fb0 -> 
  custom:container-muxer-webm: aa71ff27fc2769a1b78a27578f13a17b -> 
  custom:scripting/monoscript/fileName/ReadmeEditor.cs: ff7ced1e41c1b99ddf5dfefc88f6bd50 -> 
  custom:video-decoder-webm-vp8: 9c59270c3fd7afecdb556c50c9e8de78 -> 
  custom:SearchIndexIgnoredProperties: e643bd26f0fe6173181afceb89e7c659 -> 
  custom:AudioImporter_EditorPlatform: d09bf68614088b80899f8185d706f6e7 -> 
  custom:scripting/monoscript/fileName/LumberMill.cs: c2d45524fbd0d6e9a670d983de5f81d7 -> 
  custom:scripting/monoscript/fileName/Slime.cs: e872c3a4bc36777cb1cc31d8379690c8 -> 05272bae05f111c6b0609e32e93d89d5
  custom:scripting/monoscript/fileName/Bar.cs: 890822e7dfd0f89892a6fd3ee944f62e -> 71c40e549b4fade8bed144aaff5a79ac
  custom:scripting/monoscript/fileName/TooltipManager.cs: 902a800de15a4facdbc6dbb1be6c1339 -> bc11dd805cb64c1c2f88cd7ae96fba24
  custom:video-encoder-webm-vp8: eb34c28f22e8b96e1ab97ce403110664 -> 
  custom:audio-decoder-ogg-vorbis: bf7c407c2cedff20999df2af8eb42d56 -> 
  custom:scripting/monoscript/fileName/Bullet.cs: 48ff13ede6c310cc0acf4a30e818a1de -> a4f5918e799041ba1f6608f13912eb8b
  custom:scripting/monoscript/fileName/TowerBuild.cs: 3807a8e615ef6a49dfd3f6bc5055a7a9 -> 9ea8b859a681512b782b9b3988d2f5f8
  custom:scripting/monoscript/fileName/Wave.cs: c8b913f1d5cb3bff026a08ce26c83aad -> 6e300e3b5d1a1dd15fa0115918e06e83
  custom:audio-encoder-webm-vorbis: bf7c407c2cedff20999df2af8eb42d56 -> 
  custom:scripting/monoscript/fileName/WaterReflection.cs: f1c57f2ce2c094032b710e8e5eb21bd7 -> 
  custom:scripting/monoscript/fileName/Tile.cs: e6480a408e34695897b31a69fad2b871 -> a94101d916c115d73aff3567a86e16d8
  custom:scripting/precompiled-assembly-types:Assembly-CSharp: c9de57360eaf86b8c89c0551fb2c903b -> e62b66366f159171f02e707cec416dc6
========================================================================
Received Prepare
Caller must complete domain reload
Begin MonoManager ReloadAssembly
- Loaded All Assemblies, in  0.406 seconds
Native extension for WindowsStandalone target not found
Native extension for WebGL target not found
[Package Manager] Server::EnsureServerProcessIsRunning -- launch failed, reason: Unity was launched with the -noUpm command-line argument
[Package Manager] UpmClient::Send -- Unable to send message (not connected to UPM process).
[Package Manager] Cannot connect to Unity Package Manager local server
Mono: successfully reloaded assembly
- Finished resetting the current domain, in  0.888 seconds
Domain Reload Profiling: 1293ms
	BeginReloadAssembly (139ms)
		ExecutionOrderSort (0ms)
		DisableScriptedObjects (4ms)
		BackupInstance (0ms)
		ReleaseScriptingObjects (0ms)
		CreateAndSetChildDomain (29ms)
	RebuildCommonClasses (36ms)
	RebuildNativeTypeToScriptingClass (11ms)
	initialDomainReloadingComplete (28ms)
	LoadAllAssembliesAndSetupDomain (190ms)
		LoadAssemblies (245ms)
		RebuildTransferFunctionScriptingTraits (0ms)
		AnalyzeDomain (20ms)
			TypeCache.Refresh (8ms)
				TypeCache.ScanAssembly (1ms)
			ScanForSourceGeneratedMonoScriptInfo (6ms)
			ResolveRequiredComponents (5ms)
	FinalizeReload (889ms)
		ReleaseScriptCaches (0ms)
		RebuildScriptCaches (0ms)
		SetupLoadedEditorAssemblies (456ms)
			LogAssemblyErrors (0ms)
			InitializePlatformSupportModulesInManaged (8ms)
			SetLoadedEditorAssemblies (4ms)
			RefreshPlugins (0ms)
			BeforeProcessingInitializeOnLoad (59ms)
			ProcessInitializeOnLoadAttributes (357ms)
			ProcessInitializeOnLoadMethodAttributes (19ms)
			AfterProcessingInitializeOnLoad (9ms)
			EditorAssembliesLoaded (0ms)
		ExecutionOrderSort2 (0ms)
		AwakeInstancesAfterBackupRestoration (6ms)
Refreshing native plugins compatible for Editor in 4.20 ms, found 3 plugins.
Preloading 0 native plugins for Editor in 0.00 ms.
Unloading 3128 Unused Serialized files (Serialized files now loaded: 0)
Unloading 14 unused Assets / (28.6 KB). Loaded Objects now: 3702.
Memory consumption went from 134.6 MB to 134.6 MB.
Total: 2.652200 ms (FindLiveObjects: 0.272700 ms CreateObjectMapping: 0.085400 ms MarkObjects: 2.247100 ms  DeleteObjects: 0.046100 ms)

Prepare: number of updated asset objects reloaded= 0
AssetImportParameters requested are different than current active one (requested -> active):
  custom:container-demuxer-ogg: 62fdf1f143b41e24485cea50d1cbac27 -> 
  custom:scripting/monoscript/fileName/GameManager.cs: f6182d712e34e20e3202214886862cdb -> 9933fbcc6190e2a9171c2ec8808a053e
  custom:scripting/monoscript/fileName/Income.cs: 938d875b4ea58c05495f38a939171226 -> 
  custom:video-decoder-ogg-theora: a1e56fd34408186e4bbccfd4996cb3dc -> 
  custom:framework-win-MediaFoundation: 216162199b28c13a410421893ffa2e32 -> 
  custom:scripting/monoscript/fileName/Tower.cs: 0e51d5638e1e2b20f04394d6225c671a -> 16583eaf01662413665c0a8803428cd6
  custom:scripting/monoscript/fileName/MenuFrame.cs: 575edbd0df24363ab161dfcb310542c7 -> 
  custom:scripting/monoscript/fileName/FadingText.cs: 77e5b1f06a7e356d3547dd4042e206f5 -> 
  custom:CustomObjectIndexerAttribute: 9a22284fe3817be447336de3de66b15e -> 
  custom:scripting/monoscript/fileName/Readme.cs: 5aedf578fb2663036982fb7b05aaf325 -> 
  custom:scripting/monoscript/fileName/Tooltip.cs: b7163f69ad820c51a0cfd3387a68b1d4 -> efb4e7ecf4b2142538150f2477ca1e4e
  custom:container-demuxer-webm: 4f35f7cbe854078d1ac9338744f61a02 -> 
  custom:scripting/monoscript/fileName/GoldMine.cs: bab3e2ee0cdfb32214ea1458d0239fb0 -> 
  custom:container-muxer-webm: aa71ff27fc2769a1b78a27578f13a17b -> 
  custom:scripting/monoscript/fileName/ReadmeEditor.cs: ff7ced1e41c1b99ddf5dfefc88f6bd50 -> 
  custom:video-decoder-webm-vp8: 9c59270c3fd7afecdb556c50c9e8de78 -> 
  custom:SearchIndexIgnoredProperties: e643bd26f0fe6173181afceb89e7c659 -> 
  custom:AudioImporter_EditorPlatform: d09bf68614088b80899f8185d706f6e7 -> 
  custom:scripting/monoscript/fileName/LumberMill.cs: c2d45524fbd0d6e9a670d983de5f81d7 -> 
  custom:scripting/monoscript/fileName/Slime.cs: e872c3a4bc36777cb1cc31d8379690c8 -> 05272bae05f111c6b0609e32e93d89d5
  custom:scripting/monoscript/fileName/Bar.cs: 890822e7dfd0f89892a6fd3ee944f62e -> 71c40e549b4fade8bed144aaff5a79ac
  custom:scripting/monoscript/fileName/TooltipManager.cs: 902a800de15a4facdbc6dbb1be6c1339 -> bc11dd805cb64c1c2f88cd7ae96fba24
  custom:video-encoder-webm-vp8: eb34c28f22e8b96e1ab97ce403110664 -> 
  custom:audio-decoder-ogg-vorbis: bf7c407c2cedff20999df2af8eb42d56 -> 
  custom:scripting/monoscript/fileName/Bullet.cs: 48ff13ede6c310cc0acf4a30e818a1de -> a4f5918e799041ba1f6608f13912eb8b
  custom:scripting/monoscript/fileName/TowerBuild.cs: 3807a8e615ef6a49dfd3f6bc5055a7a9 -> 9ea8b859a681512b782b9b3988d2f5f8
  custom:scripting/monoscript/fileName/Wave.cs: c8b913f1d5cb3bff026a08ce26c83aad -> 6e300e3b5d1a1dd15fa0115918e06e83
  custom:audio-encoder-webm-vorbis: bf7c407c2cedff20999df2af8eb42d56 -> 
  custom:scripting/monoscript/fileName/WaterReflection.cs: f1c57f2ce2c094032b710e8e5eb21bd7 -> 
  custom:scripting/monoscript/fileName/Tile.cs: e6480a408e34695897b31a69fad2b871 -> a94101d916c115d73aff3567a86e16d8
  custom:scripting/precompiled-assembly-types:Assembly-CSharp: c9de57360eaf86b8c89c0551fb2c903b -> e62b66366f159171f02e707cec416dc6
========================================================================
Received Prepare
Caller must complete domain reload
Begin MonoManager ReloadAssembly
- Loaded All Assemblies, in  0.406 seconds
Native extension for WindowsStandalone target not found
Native extension for WebGL target not found
[Package Manager] Server::EnsureServerProcessIsRunning -- launch failed, reason: Unity was launched with the -noUpm command-line argument
[Package Manager] UpmClient::Send -- Unable to send message (not connected to UPM process).
[Package Manager] Cannot connect to Unity Package Manager local server
Mono: successfully reloaded assembly
- Finished resetting the current domain, in  0.862 seconds
Domain Reload Profiling: 1267ms
	BeginReloadAssembly (140ms)
		ExecutionOrderSort (0ms)
		DisableScriptedObjects (5ms)
		BackupInstance (0ms)
		ReleaseScriptingObjects (0ms)
		CreateAndSetChildDomain (29ms)
	RebuildCommonClasses (37ms)
	RebuildNativeTypeToScriptingClass (16ms)
	initialDomainReloadingComplete (26ms)
	LoadAllAssembliesAndSetupDomain (186ms)
		LoadAssemblies (250ms)
		RebuildTransferFunctionScriptingTraits (0ms)
		AnalyzeDomain (13ms)
			TypeCache.Refresh (5ms)
				TypeCache.ScanAssembly (0ms)
			ScanForSourceGeneratedMonoScriptInfo (0ms)
			ResolveRequiredComponents (6ms)
	FinalizeReload (863ms)
		ReleaseScriptCaches (0ms)
		RebuildScriptCaches (0ms)
		SetupLoadedEditorAssemblies (447ms)
			LogAssemblyErrors (0ms)
			InitializePlatformSupportModulesInManaged (8ms)
			SetLoadedEditorAssemblies (3ms)
			RefreshPlugins (0ms)
			BeforeProcessingInitializeOnLoad (61ms)
			ProcessInitializeOnLoadAttributes (344ms)
			ProcessInitializeOnLoadMethodAttributes (23ms)
			AfterProcessingInitializeOnLoad (9ms)
			EditorAssembliesLoaded (0ms)
		ExecutionOrderSort2 (0ms)
		AwakeInstancesAfterBackupRestoration (7ms)
Refreshing native plugins compatible for Editor in 3.58 ms, found 3 plugins.
Preloading 0 native plugins for Editor in 0.00 ms.
Unloading 3128 Unused Serialized files (Serialized files now loaded: 0)
Unloading 14 unused Assets / (28.6 KB). Loaded Objects now: 3705.
Memory consumption went from 134.6 MB to 134.6 MB.
Total: 2.702300 ms (FindLiveObjects: 0.322200 ms CreateObjectMapping: 0.087000 ms MarkObjects: 2.249800 ms  DeleteObjects: 0.042500 ms)

Prepare: number of updated asset objects reloaded= 0
AssetImportParameters requested are different than current active one (requested -> active):
  custom:container-demuxer-ogg: 62fdf1f143b41e24485cea50d1cbac27 -> 
  custom:scripting/monoscript/fileName/GameManager.cs: f6182d712e34e20e3202214886862cdb -> 9933fbcc6190e2a9171c2ec8808a053e
  custom:scripting/monoscript/fileName/Income.cs: 938d875b4ea58c05495f38a939171226 -> 
  custom:video-decoder-ogg-theora: a1e56fd34408186e4bbccfd4996cb3dc -> 
  custom:framework-win-MediaFoundation: 216162199b28c13a410421893ffa2e32 -> 
  custom:scripting/monoscript/fileName/Tower.cs: 0e51d5638e1e2b20f04394d6225c671a -> 16583eaf01662413665c0a8803428cd6
  custom:scripting/monoscript/fileName/MenuFrame.cs: 575edbd0df24363ab161dfcb310542c7 -> 
  custom:scripting/monoscript/fileName/FadingText.cs: 77e5b1f06a7e356d3547dd4042e206f5 -> 
  custom:CustomObjectIndexerAttribute: 9a22284fe3817be447336de3de66b15e -> 
  custom:scripting/monoscript/fileName/Readme.cs: 5aedf578fb2663036982fb7b05aaf325 -> 
  custom:scripting/monoscript/fileName/Tooltip.cs: b7163f69ad820c51a0cfd3387a68b1d4 -> efb4e7ecf4b2142538150f2477ca1e4e
  custom:container-demuxer-webm: 4f35f7cbe854078d1ac9338744f61a02 -> 
  custom:scripting/monoscript/fileName/GoldMine.cs: bab3e2ee0cdfb32214ea1458d0239fb0 -> 
  custom:container-muxer-webm: aa71ff27fc2769a1b78a27578f13a17b -> 
  custom:scripting/monoscript/fileName/ReadmeEditor.cs: ff7ced1e41c1b99ddf5dfefc88f6bd50 -> 
  custom:video-decoder-webm-vp8: 9c59270c3fd7afecdb556c50c9e8de78 -> 
  custom:SearchIndexIgnoredProperties: e643bd26f0fe6173181afceb89e7c659 -> 
  custom:AudioImporter_EditorPlatform: d09bf68614088b80899f8185d706f6e7 -> 
  custom:scripting/monoscript/fileName/LumberMill.cs: c2d45524fbd0d6e9a670d983de5f81d7 -> 
  custom:scripting/monoscript/fileName/Slime.cs: e872c3a4bc36777cb1cc31d8379690c8 -> 05272bae05f111c6b0609e32e93d89d5
  custom:scripting/monoscript/fileName/Bar.cs: 890822e7dfd0f89892a6fd3ee944f62e -> 71c40e549b4fade8bed144aaff5a79ac
  custom:scripting/monoscript/fileName/TooltipManager.cs: 902a800de15a4facdbc6dbb1be6c1339 -> bc11dd805cb64c1c2f88cd7ae96fba24
  custom:video-encoder-webm-vp8: eb34c28f22e8b96e1ab97ce403110664 -> 
  custom:audio-decoder-ogg-vorbis: bf7c407c2cedff20999df2af8eb42d56 -> 
  custom:scripting/monoscript/fileName/Bullet.cs: 48ff13ede6c310cc0acf4a30e818a1de -> a4f5918e799041ba1f6608f13912eb8b
  custom:scripting/monoscript/fileName/TowerBuild.cs: 3807a8e615ef6a49dfd3f6bc5055a7a9 -> 9ea8b859a681512b782b9b3988d2f5f8
  custom:scripting/monoscript/fileName/Wave.cs: c8b913f1d5cb3bff026a08ce26c83aad -> 6e300e3b5d1a1dd15fa0115918e06e83
  custom:audio-encoder-webm-vorbis: bf7c407c2cedff20999df2af8eb42d56 -> 
  custom:scripting/monoscript/fileName/WaterReflection.cs: f1c57f2ce2c094032b710e8e5eb21bd7 -> 
  custom:scripting/monoscript/fileName/Tile.cs: e6480a408e34695897b31a69fad2b871 -> a94101d916c115d73aff3567a86e16d8
  custom:scripting/precompiled-assembly-types:Assembly-CSharp: c9de57360eaf86b8c89c0551fb2c903b -> e62b66366f159171f02e707cec416dc6
========================================================================
Received Prepare
Caller must complete domain reload
Begin MonoManager ReloadAssembly
- Loaded All Assemblies, in  0.418 seconds
Native extension for WindowsStandalone target not found
Native extension for WebGL target not found
[Package Manager] Server::EnsureServerProcessIsRunning -- launch failed, reason: Unity was launched with the -noUpm command-line argument
[Package Manager] UpmClient::Send -- Unable to send message (not connected to UPM process).
[Package Manager] Cannot connect to Unity Package Manager local server
Mono: successfully reloaded assembly
- Finished resetting the current domain, in  0.871 seconds
Domain Reload Profiling: 1287ms
	BeginReloadAssembly (144ms)
		ExecutionOrderSort (0ms)
		DisableScriptedObjects (5ms)
		BackupInstance (0ms)
		ReleaseScriptingObjects (0ms)
		CreateAndSetChildDomain (27ms)
	RebuildCommonClasses (32ms)
	RebuildNativeTypeToScriptingClass (11ms)
	initialDomainReloadingComplete (28ms)
	LoadAllAssembliesAndSetupDomain (200ms)
		LoadAssemblies (262ms)
		RebuildTransferFunctionScriptingTraits (0ms)
		AnalyzeDomain (21ms)
			TypeCache.Refresh (8ms)
				TypeCache.ScanAssembly (1ms)
			ScanForSourceGeneratedMonoScriptInfo (6ms)
			ResolveRequiredComponents (5ms)
	FinalizeReload (872ms)
		ReleaseScriptCaches (0ms)
		RebuildScriptCaches (0ms)
		SetupLoadedEditorAssemblies (423ms)
			LogAssemblyErrors (0ms)
			InitializePlatformSupportModulesInManaged (8ms)
			SetLoadedEditorAssemblies (3ms)
			RefreshPlugins (0ms)
			BeforeProcessingInitializeOnLoad (55ms)
			ProcessInitializeOnLoadAttributes (322ms)
			ProcessInitializeOnLoadMethodAttributes (25ms)
			AfterProcessingInitializeOnLoad (10ms)
			EditorAssembliesLoaded (0ms)
		ExecutionOrderSort2 (0ms)
		AwakeInstancesAfterBackupRestoration (8ms)
Refreshing native plugins compatible for Editor in 2.91 ms, found 3 plugins.
Preloading 0 native plugins for Editor in 0.00 ms.
Unloading 3128 Unused Serialized files (Serialized files now loaded: 0)
Unloading 14 unused Assets / (28.6 KB). Loaded Objects now: 3708.
Memory consumption went from 134.6 MB to 134.6 MB.
Total: 3.002000 ms (FindLiveObjects: 0.275500 ms CreateObjectMapping: 0.094100 ms MarkObjects: 2.584000 ms  DeleteObjects: 0.047200 ms)

Prepare: number of updated asset objects reloaded= 0
AssetImportParameters requested are different than current active one (requested -> active):
  custom:container-demuxer-ogg: 62fdf1f143b41e24485cea50d1cbac27 -> 
  custom:scripting/monoscript/fileName/GameManager.cs: f6182d712e34e20e3202214886862cdb -> 9933fbcc6190e2a9171c2ec8808a053e
  custom:scripting/monoscript/fileName/Income.cs: 938d875b4ea58c05495f38a939171226 -> 
  custom:video-decoder-ogg-theora: a1e56fd34408186e4bbccfd4996cb3dc -> 
  custom:framework-win-MediaFoundation: 216162199b28c13a410421893ffa2e32 -> 
  custom:scripting/monoscript/fileName/Tower.cs: 0e51d5638e1e2b20f04394d6225c671a -> 16583eaf01662413665c0a8803428cd6
  custom:scripting/monoscript/fileName/MenuFrame.cs: 575edbd0df24363ab161dfcb310542c7 -> 
  custom:scripting/monoscript/fileName/FadingText.cs: 77e5b1f06a7e356d3547dd4042e206f5 -> 
  custom:CustomObjectIndexerAttribute: 9a22284fe3817be447336de3de66b15e -> 
  custom:scripting/monoscript/fileName/Readme.cs: 5aedf578fb2663036982fb7b05aaf325 -> 
  custom:scripting/monoscript/fileName/Tooltip.cs: b7163f69ad820c51a0cfd3387a68b1d4 -> efb4e7ecf4b2142538150f2477ca1e4e
  custom:container-demuxer-webm: 4f35f7cbe854078d1ac9338744f61a02 -> 
  custom:scripting/monoscript/fileName/GoldMine.cs: bab3e2ee0cdfb32214ea1458d0239fb0 -> 
  custom:container-muxer-webm: aa71ff27fc2769a1b78a27578f13a17b -> 
  custom:scripting/monoscript/fileName/ReadmeEditor.cs: ff7ced1e41c1b99ddf5dfefc88f6bd50 -> 
  custom:video-decoder-webm-vp8: 9c59270c3fd7afecdb556c50c9e8de78 -> 
  custom:SearchIndexIgnoredProperties: e643bd26f0fe6173181afceb89e7c659 -> 
  custom:AudioImporter_EditorPlatform: d09bf68614088b80899f8185d706f6e7 -> 
  custom:scripting/monoscript/fileName/LumberMill.cs: c2d45524fbd0d6e9a670d983de5f81d7 -> 
  custom:scripting/monoscript/fileName/Slime.cs: e872c3a4bc36777cb1cc31d8379690c8 -> 05272bae05f111c6b0609e32e93d89d5
  custom:scripting/monoscript/fileName/Bar.cs: 890822e7dfd0f89892a6fd3ee944f62e -> 71c40e549b4fade8bed144aaff5a79ac
  custom:scripting/monoscript/fileName/TooltipManager.cs: 902a800de15a4facdbc6dbb1be6c1339 -> bc11dd805cb64c1c2f88cd7ae96fba24
  custom:video-encoder-webm-vp8: eb34c28f22e8b96e1ab97ce403110664 -> 
  custom:audio-decoder-ogg-vorbis: bf7c407c2cedff20999df2af8eb42d56 -> 
  custom:scripting/monoscript/fileName/Bullet.cs: 48ff13ede6c310cc0acf4a30e818a1de -> a4f5918e799041ba1f6608f13912eb8b
  custom:scripting/monoscript/fileName/TowerBuild.cs: 3807a8e615ef6a49dfd3f6bc5055a7a9 -> 9ea8b859a681512b782b9b3988d2f5f8
  custom:scripting/monoscript/fileName/Wave.cs: c8b913f1d5cb3bff026a08ce26c83aad -> 6e300e3b5d1a1dd15fa0115918e06e83
  custom:audio-encoder-webm-vorbis: bf7c407c2cedff20999df2af8eb42d56 -> 
  custom:scripting/monoscript/fileName/WaterReflection.cs: f1c57f2ce2c094032b710e8e5eb21bd7 -> 
  custom:scripting/monoscript/fileName/Tile.cs: e6480a408e34695897b31a69fad2b871 -> a94101d916c115d73aff3567a86e16d8
  custom:scripting/precompiled-assembly-types:Assembly-CSharp: c9de57360eaf86b8c89c0551fb2c903b -> e62b66366f159171f02e707cec416dc6
========================================================================
Received Prepare
Caller must complete domain reload
Begin MonoManager ReloadAssembly
- Loaded All Assemblies, in  0.404 seconds
Native extension for WindowsStandalone target not found
Native extension for WebGL target not found
[Package Manager] Server::EnsureServerProcessIsRunning -- launch failed, reason: Unity was launched with the -noUpm command-line argument
[Package Manager] UpmClient::Send -- Unable to send message (not connected to UPM process).
[Package Manager] Cannot connect to Unity Package Manager local server
Mono: successfully reloaded assembly
- Finished resetting the current domain, in  0.946 seconds
Domain Reload Profiling: 1348ms
	BeginReloadAssembly (134ms)
		ExecutionOrderSort (0ms)
		DisableScriptedObjects (4ms)
		BackupInstance (0ms)
		ReleaseScriptingObjects (0ms)
		CreateAndSetChildDomain (28ms)
	RebuildCommonClasses (31ms)
	RebuildNativeTypeToScriptingClass (11ms)
	initialDomainReloadingComplete (28ms)
	LoadAllAssembliesAndSetupDomain (197ms)
		LoadAssemblies (258ms)
		RebuildTransferFunctionScriptingTraits (0ms)
		AnalyzeDomain (13ms)
			TypeCache.Refresh (5ms)
				TypeCache.ScanAssembly (0ms)
			ScanForSourceGeneratedMonoScriptInfo (0ms)
			ResolveRequiredComponents (5ms)
	FinalizeReload (947ms)
		ReleaseScriptCaches (0ms)
		RebuildScriptCaches (0ms)
		SetupLoadedEditorAssemblies (465ms)
			LogAssemblyErrors (0ms)
			InitializePlatformSupportModulesInManaged (9ms)
			SetLoadedEditorAssemblies (3ms)
			RefreshPlugins (0ms)
			BeforeProcessingInitializeOnLoad (64ms)
			ProcessInitializeOnLoadAttributes (360ms)
			ProcessInitializeOnLoadMethodAttributes (21ms)
			AfterProcessingInitializeOnLoad (8ms)
			EditorAssembliesLoaded (0ms)
		ExecutionOrderSort2 (0ms)
		AwakeInstancesAfterBackupRestoration (7ms)
Refreshing native plugins compatible for Editor in 3.35 ms, found 3 plugins.
Preloading 0 native plugins for Editor in 0.00 ms.
Unloading 3128 Unused Serialized files (Serialized files now loaded: 0)
Unloading 14 unused Assets / (28.5 KB). Loaded Objects now: 3711.
Memory consumption went from 134.6 MB to 134.6 MB.
Total: 2.769900 ms (FindLiveObjects: 0.302400 ms CreateObjectMapping: 0.075400 ms MarkObjects: 2.346800 ms  DeleteObjects: 0.043800 ms)

Prepare: number of updated asset objects reloaded= 0
AssetImportParameters requested are different than current active one (requested -> active):
  custom:container-demuxer-ogg: 62fdf1f143b41e24485cea50d1cbac27 -> 
  custom:scripting/monoscript/fileName/GameManager.cs: f6182d712e34e20e3202214886862cdb -> 9933fbcc6190e2a9171c2ec8808a053e
  custom:scripting/monoscript/fileName/Income.cs: 938d875b4ea58c05495f38a939171226 -> 
  custom:video-decoder-ogg-theora: a1e56fd34408186e4bbccfd4996cb3dc -> 
  custom:framework-win-MediaFoundation: 216162199b28c13a410421893ffa2e32 -> 
  custom:scripting/monoscript/fileName/Tower.cs: 0e51d5638e1e2b20f04394d6225c671a -> 16583eaf01662413665c0a8803428cd6
  custom:scripting/monoscript/fileName/MenuFrame.cs: 575edbd0df24363ab161dfcb310542c7 -> 
  custom:scripting/monoscript/fileName/FadingText.cs: 77e5b1f06a7e356d3547dd4042e206f5 -> 
  custom:CustomObjectIndexerAttribute: 9a22284fe3817be447336de3de66b15e -> 
  custom:scripting/monoscript/fileName/Readme.cs: 5aedf578fb2663036982fb7b05aaf325 -> 
  custom:scripting/monoscript/fileName/Tooltip.cs: b7163f69ad820c51a0cfd3387a68b1d4 -> efb4e7ecf4b2142538150f2477ca1e4e
  custom:container-demuxer-webm: 4f35f7cbe854078d1ac9338744f61a02 -> 
  custom:scripting/monoscript/fileName/GoldMine.cs: bab3e2ee0cdfb32214ea1458d0239fb0 -> 
  custom:container-muxer-webm: aa71ff27fc2769a1b78a27578f13a17b -> 
  custom:scripting/monoscript/fileName/ReadmeEditor.cs: ff7ced1e41c1b99ddf5dfefc88f6bd50 -> 
  custom:video-decoder-webm-vp8: 9c59270c3fd7afecdb556c50c9e8de78 -> 
  custom:SearchIndexIgnoredProperties: e643bd26f0fe6173181afceb89e7c659 -> 
  custom:AudioImporter_EditorPlatform: d09bf68614088b80899f8185d706f6e7 -> 
  custom:scripting/monoscript/fileName/LumberMill.cs: c2d45524fbd0d6e9a670d983de5f81d7 -> 
  custom:scripting/monoscript/fileName/Slime.cs: e872c3a4bc36777cb1cc31d8379690c8 -> 05272bae05f111c6b0609e32e93d89d5
  custom:scripting/monoscript/fileName/Bar.cs: 890822e7dfd0f89892a6fd3ee944f62e -> 71c40e549b4fade8bed144aaff5a79ac
  custom:scripting/monoscript/fileName/TooltipManager.cs: 902a800de15a4facdbc6dbb1be6c1339 -> bc11dd805cb64c1c2f88cd7ae96fba24
  custom:video-encoder-webm-vp8: eb34c28f22e8b96e1ab97ce403110664 -> 
  custom:audio-decoder-ogg-vorbis: bf7c407c2cedff20999df2af8eb42d56 -> 
  custom:scripting/monoscript/fileName/Bullet.cs: 48ff13ede6c310cc0acf4a30e818a1de -> a4f5918e799041ba1f6608f13912eb8b
  custom:scripting/monoscript/fileName/TowerBuild.cs: 3807a8e615ef6a49dfd3f6bc5055a7a9 -> 9ea8b859a681512b782b9b3988d2f5f8
  custom:scripting/monoscript/fileName/Wave.cs: c8b913f1d5cb3bff026a08ce26c83aad -> 6e300e3b5d1a1dd15fa0115918e06e83
  custom:audio-encoder-webm-vorbis: bf7c407c2cedff20999df2af8eb42d56 -> 
  custom:scripting/monoscript/fileName/WaterReflection.cs: f1c57f2ce2c094032b710e8e5eb21bd7 -> 
  custom:scripting/monoscript/fileName/Tile.cs: e6480a408e34695897b31a69fad2b871 -> a94101d916c115d73aff3567a86e16d8
  custom:scripting/precompiled-assembly-types:Assembly-CSharp: c9de57360eaf86b8c89c0551fb2c903b -> e62b66366f159171f02e707cec416dc6
========================================================================
Received Prepare
Caller must complete domain reload
Begin MonoManager ReloadAssembly
- Loaded All Assemblies, in  0.418 seconds
Native extension for WindowsStandalone target not found
Native extension for WebGL target not found
[Package Manager] Server::EnsureServerProcessIsRunning -- launch failed, reason: Unity was launched with the -noUpm command-line argument
[Package Manager] UpmClient::Send -- Unable to send message (not connected to UPM process).
[Package Manager] Cannot connect to Unity Package Manager local server
Mono: successfully reloaded assembly
- Finished resetting the current domain, in  0.945 seconds
Domain Reload Profiling: 1359ms
	BeginReloadAssembly (144ms)
		ExecutionOrderSort (0ms)
		DisableScriptedObjects (4ms)
		BackupInstance (0ms)
		ReleaseScriptingObjects (0ms)
		CreateAndSetChildDomain (30ms)
	RebuildCommonClasses (34ms)
	RebuildNativeTypeToScriptingClass (12ms)
	initialDomainReloadingComplete (32ms)
	LoadAllAssembliesAndSetupDomain (193ms)
		LoadAssemblies (261ms)
		RebuildTransferFunctionScriptingTraits (0ms)
		AnalyzeDomain (13ms)
			TypeCache.Refresh (5ms)
				TypeCache.ScanAssembly (0ms)
			ScanForSourceGeneratedMonoScriptInfo (0ms)
			ResolveRequiredComponents (5ms)
	FinalizeReload (945ms)
		ReleaseScriptCaches (0ms)
		RebuildScriptCaches (0ms)
		SetupLoadedEditorAssemblies (455ms)
			LogAssemblyErrors (0ms)
			InitializePlatformSupportModulesInManaged (8ms)
			SetLoadedEditorAssemblies (3ms)
			RefreshPlugins (0ms)
			BeforeProcessingInitializeOnLoad (64ms)
			ProcessInitializeOnLoadAttributes (351ms)
			ProcessInitializeOnLoadMethodAttributes (21ms)
			AfterProcessingInitializeOnLoad (8ms)
			EditorAssembliesLoaded (0ms)
		ExecutionOrderSort2 (0ms)
		AwakeInstancesAfterBackupRestoration (7ms)
Refreshing native plugins compatible for Editor in 2.94 ms, found 3 plugins.
Preloading 0 native plugins for Editor in 0.00 ms.
Unloading 3128 Unused Serialized files (Serialized files now loaded: 0)
Unloading 14 unused Assets / (28.6 KB). Loaded Objects now: 3714.
Memory consumption went from 134.6 MB to 134.6 MB.
Total: 2.677400 ms (FindLiveObjects: 0.312100 ms CreateObjectMapping: 0.091800 ms MarkObjects: 2.231300 ms  DeleteObjects: 0.041300 ms)

Prepare: number of updated asset objects reloaded= 0
AssetImportParameters requested are different than current active one (requested -> active):
  custom:container-demuxer-ogg: 62fdf1f143b41e24485cea50d1cbac27 -> 
  custom:scripting/monoscript/fileName/GameManager.cs: f6182d712e34e20e3202214886862cdb -> 9933fbcc6190e2a9171c2ec8808a053e
  custom:scripting/monoscript/fileName/Income.cs: 938d875b4ea58c05495f38a939171226 -> 
  custom:video-decoder-ogg-theora: a1e56fd34408186e4bbccfd4996cb3dc -> 
  custom:framework-win-MediaFoundation: 216162199b28c13a410421893ffa2e32 -> 
  custom:scripting/monoscript/fileName/Tower.cs: 0e51d5638e1e2b20f04394d6225c671a -> 16583eaf01662413665c0a8803428cd6
  custom:scripting/monoscript/fileName/MenuFrame.cs: 575edbd0df24363ab161dfcb310542c7 -> 
  custom:scripting/monoscript/fileName/FadingText.cs: 77e5b1f06a7e356d3547dd4042e206f5 -> 
  custom:CustomObjectIndexerAttribute: 9a22284fe3817be447336de3de66b15e -> 
  custom:scripting/monoscript/fileName/Readme.cs: 5aedf578fb2663036982fb7b05aaf325 -> 
  custom:scripting/monoscript/fileName/Tooltip.cs: b7163f69ad820c51a0cfd3387a68b1d4 -> efb4e7ecf4b2142538150f2477ca1e4e
  custom:container-demuxer-webm: 4f35f7cbe854078d1ac9338744f61a02 -> 
  custom:scripting/monoscript/fileName/GoldMine.cs: bab3e2ee0cdfb32214ea1458d0239fb0 -> 
  custom:container-muxer-webm: aa71ff27fc2769a1b78a27578f13a17b -> 
  custom:scripting/monoscript/fileName/ReadmeEditor.cs: ff7ced1e41c1b99ddf5dfefc88f6bd50 -> 
  custom:video-decoder-webm-vp8: 9c59270c3fd7afecdb556c50c9e8de78 -> 
  custom:SearchIndexIgnoredProperties: e643bd26f0fe6173181afceb89e7c659 -> 
  custom:AudioImporter_EditorPlatform: d09bf68614088b80899f8185d706f6e7 -> 
  custom:scripting/monoscript/fileName/LumberMill.cs: c2d45524fbd0d6e9a670d983de5f81d7 -> 
  custom:scripting/monoscript/fileName/Slime.cs: e872c3a4bc36777cb1cc31d8379690c8 -> 05272bae05f111c6b0609e32e93d89d5
  custom:scripting/monoscript/fileName/Bar.cs: 890822e7dfd0f89892a6fd3ee944f62e -> 71c40e549b4fade8bed144aaff5a79ac
  custom:scripting/monoscript/fileName/TooltipManager.cs: 902a800de15a4facdbc6dbb1be6c1339 -> bc11dd805cb64c1c2f88cd7ae96fba24
  custom:video-encoder-webm-vp8: eb34c28f22e8b96e1ab97ce403110664 -> 
  custom:audio-decoder-ogg-vorbis: bf7c407c2cedff20999df2af8eb42d56 -> 
  custom:scripting/monoscript/fileName/Bullet.cs: 48ff13ede6c310cc0acf4a30e818a1de -> a4f5918e799041ba1f6608f13912eb8b
  custom:scripting/monoscript/fileName/TowerBuild.cs: 3807a8e615ef6a49dfd3f6bc5055a7a9 -> 9ea8b859a681512b782b9b3988d2f5f8
  custom:scripting/monoscript/fileName/Wave.cs: c8b913f1d5cb3bff026a08ce26c83aad -> 6e300e3b5d1a1dd15fa0115918e06e83
  custom:audio-encoder-webm-vorbis: bf7c407c2cedff20999df2af8eb42d56 -> 
  custom:scripting/monoscript/fileName/WaterReflection.cs: f1c57f2ce2c094032b710e8e5eb21bd7 -> 
  custom:scripting/monoscript/fileName/Tile.cs: e6480a408e34695897b31a69fad2b871 -> a94101d916c115d73aff3567a86e16d8
  custom:scripting/precompiled-assembly-types:Assembly-CSharp: c9de57360eaf86b8c89c0551fb2c903b -> e62b66366f159171f02e707cec416dc6
========================================================================
Received Prepare
Caller must complete domain reload
Begin MonoManager ReloadAssembly
- Loaded All Assemblies, in  0.402 seconds
Native extension for WindowsStandalone target not found
Native extension for WebGL target not found
[Package Manager] Server::EnsureServerProcessIsRunning -- launch failed, reason: Unity was launched with the -noUpm command-line argument
[Package Manager] UpmClient::Send -- Unable to send message (not connected to UPM process).
[Package Manager] Cannot connect to Unity Package Manager local server
Mono: successfully reloaded assembly
- Finished resetting the current domain, in  0.935 seconds
Domain Reload Profiling: 1334ms
	BeginReloadAssembly (139ms)
		ExecutionOrderSort (0ms)
		DisableScriptedObjects (4ms)
		BackupInstance (0ms)
		ReleaseScriptingObjects (0ms)
		CreateAndSetChildDomain (28ms)
	RebuildCommonClasses (32ms)
	RebuildNativeTypeToScriptingClass (15ms)
	initialDomainReloadingComplete (27ms)
	LoadAllAssembliesAndSetupDomain (184ms)
		LoadAssemblies (250ms)
		RebuildTransferFunctionScriptingTraits (0ms)
		AnalyzeDomain (12ms)
			TypeCache.Refresh (5ms)
				TypeCache.ScanAssembly (0ms)
			ScanForSourceGeneratedMonoScriptInfo (0ms)
			ResolveRequiredComponents (5ms)
	FinalizeReload (936ms)
		ReleaseScriptCaches (0ms)
		RebuildScriptCaches (0ms)
		SetupLoadedEditorAssemblies (459ms)
			LogAssemblyErrors (0ms)
			InitializePlatformSupportModulesInManaged (8ms)
			SetLoadedEditorAssemblies (3ms)
			RefreshPlugins (0ms)
			BeforeProcessingInitializeOnLoad (63ms)
			ProcessInitializeOnLoadAttributes (355ms)
			ProcessInitializeOnLoadMethodAttributes (20ms)
			AfterProcessingInitializeOnLoad (10ms)
			EditorAssembliesLoaded (0ms)
		ExecutionOrderSort2 (0ms)
		AwakeInstancesAfterBackupRestoration (8ms)
Refreshing native plugins compatible for Editor in 3.61 ms, found 3 plugins.
Preloading 0 native plugins for Editor in 0.00 ms.
Unloading 3128 Unused Serialized files (Serialized files now loaded: 0)
Unloading 14 unused Assets / (28.6 KB). Loaded Objects now: 3717.
Memory consumption went from 134.6 MB to 134.6 MB.
Total: 3.076600 ms (FindLiveObjects: 0.332400 ms CreateObjectMapping: 0.087800 ms MarkObjects: 2.607500 ms  DeleteObjects: 0.047600 ms)

Prepare: number of updated asset objects reloaded= 0
AssetImportParameters requested are different than current active one (requested -> active):
  custom:container-demuxer-ogg: 62fdf1f143b41e24485cea50d1cbac27 -> 
  custom:scripting/monoscript/fileName/GameManager.cs: f6182d712e34e20e3202214886862cdb -> 9933fbcc6190e2a9171c2ec8808a053e
  custom:scripting/monoscript/fileName/Income.cs: 938d875b4ea58c05495f38a939171226 -> 
  custom:video-decoder-ogg-theora: a1e56fd34408186e4bbccfd4996cb3dc -> 
  custom:framework-win-MediaFoundation: 216162199b28c13a410421893ffa2e32 -> 
  custom:scripting/monoscript/fileName/Tower.cs: 0e51d5638e1e2b20f04394d6225c671a -> 16583eaf01662413665c0a8803428cd6
  custom:scripting/monoscript/fileName/MenuFrame.cs: 575edbd0df24363ab161dfcb310542c7 -> 
  custom:scripting/monoscript/fileName/FadingText.cs: 77e5b1f06a7e356d3547dd4042e206f5 -> 
  custom:CustomObjectIndexerAttribute: 9a22284fe3817be447336de3de66b15e -> 
  custom:scripting/monoscript/fileName/Readme.cs: 5aedf578fb2663036982fb7b05aaf325 -> 
  custom:scripting/monoscript/fileName/Tooltip.cs: b7163f69ad820c51a0cfd3387a68b1d4 -> efb4e7ecf4b2142538150f2477ca1e4e
  custom:container-demuxer-webm: 4f35f7cbe854078d1ac9338744f61a02 -> 
  custom:scripting/monoscript/fileName/GoldMine.cs: bab3e2ee0cdfb32214ea1458d0239fb0 -> 
  custom:container-muxer-webm: aa71ff27fc2769a1b78a27578f13a17b -> 
  custom:scripting/monoscript/fileName/ReadmeEditor.cs: ff7ced1e41c1b99ddf5dfefc88f6bd50 -> 
  custom:video-decoder-webm-vp8: 9c59270c3fd7afecdb556c50c9e8de78 -> 
  custom:SearchIndexIgnoredProperties: e643bd26f0fe6173181afceb89e7c659 -> 
  custom:AudioImporter_EditorPlatform: d09bf68614088b80899f8185d706f6e7 -> 
  custom:scripting/monoscript/fileName/LumberMill.cs: c2d45524fbd0d6e9a670d983de5f81d7 -> 
  custom:scripting/monoscript/fileName/Slime.cs: e872c3a4bc36777cb1cc31d8379690c8 -> 05272bae05f111c6b0609e32e93d89d5
  custom:scripting/monoscript/fileName/Bar.cs: 890822e7dfd0f89892a6fd3ee944f62e -> 71c40e549b4fade8bed144aaff5a79ac
  custom:scripting/monoscript/fileName/TooltipManager.cs: 902a800de15a4facdbc6dbb1be6c1339 -> bc11dd805cb64c1c2f88cd7ae96fba24
  custom:video-encoder-webm-vp8: eb34c28f22e8b96e1ab97ce403110664 -> 
  custom:audio-decoder-ogg-vorbis: bf7c407c2cedff20999df2af8eb42d56 -> 
  custom:scripting/monoscript/fileName/Bullet.cs: 48ff13ede6c310cc0acf4a30e818a1de -> a4f5918e799041ba1f6608f13912eb8b
  custom:scripting/monoscript/fileName/TowerBuild.cs: 3807a8e615ef6a49dfd3f6bc5055a7a9 -> 9ea8b859a681512b782b9b3988d2f5f8
  custom:scripting/monoscript/fileName/Wave.cs: c8b913f1d5cb3bff026a08ce26c83aad -> 6e300e3b5d1a1dd15fa0115918e06e83
  custom:audio-encoder-webm-vorbis: bf7c407c2cedff20999df2af8eb42d56 -> 
  custom:scripting/monoscript/fileName/WaterReflection.cs: f1c57f2ce2c094032b710e8e5eb21bd7 -> 
  custom:scripting/monoscript/fileName/Tile.cs: e6480a408e34695897b31a69fad2b871 -> a94101d916c115d73aff3567a86e16d8
  custom:scripting/precompiled-assembly-types:Assembly-CSharp: c9de57360eaf86b8c89c0551fb2c903b -> e62b66366f159171f02e707cec416dc6
========================================================================
Received Import Request.
  Time since last request: 580.765345 seconds.
  path: Assets/Prefabs/PremiumTower.prefab
  artifactKey: Guid(8542e3db9bff02e4b92f25a033b7ef8e) Importer(815301076,1909f56bfc062723c751e8b465ee728b)
Start importing Assets/Prefabs/PremiumTower.prefab using Guid(8542e3db9bff02e4b92f25a033b7ef8e) Importer(815301076,1909f56bfc062723c751e8b465ee728b) [PhysX] Initialized MultithreadedTaskDispatcher with 12 workers.
 -> (artifact id: '49aa00a1e5e92f34cdc2f02e2071832e') in 0.001837 seconds
Number of updated asset objects reloaded before import = 0
Number of asset objects unloaded after import = 0
========================================================================
Received Import Request.
  Time since last request: 6.133205 seconds.
  path: Assets/Prefabs/PremiumTower.prefab
  artifactKey: Guid(8542e3db9bff02e4b92f25a033b7ef8e) Importer(815301076,1909f56bfc062723c751e8b465ee728b)
Start importing Assets/Prefabs/PremiumTower.prefab using Guid(8542e3db9bff02e4b92f25a033b7ef8e) Importer(815301076,1909f56bfc062723c751e8b465ee728b) [PhysX] Initialized MultithreadedTaskDispatcher with 12 workers.
 -> (artifact id: '49aa00a1e5e92f34cdc2f02e2071832e') in 0.000478 seconds
Number of updated asset objects reloaded before import = 0
Number of asset objects unloaded after import = 0
========================================================================
Received Import Request.
  Time since last request: 3.595932 seconds.
  path: Assets/Prefabs/UI/GoldIncomeText.prefab
  artifactKey: Guid(bc113bf969e9c60459f3c0ed97a94aad) Importer(815301076,1909f56bfc062723c751e8b465ee728b)
Start importing Assets/Prefabs/UI/GoldIncomeText.prefab using Guid(bc113bf969e9c60459f3c0ed97a94aad) Importer(815301076,1909f56bfc062723c751e8b465ee728b) [PhysX] Initialized MultithreadedTaskDispatcher with 12 workers.
 -> (artifact id: '9dccb710580c3367354928cb0746da4a') in 0.066827 seconds
Number of updated asset objects reloaded before import = 0
Number of asset objects unloaded after import = 16
========================================================================
Received Prepare
Caller must complete domain reload
Begin MonoManager ReloadAssembly
- Loaded All Assemblies, in  0.423 seconds
Native extension for WindowsStandalone target not found
Native extension for WebGL target not found
[Package Manager] Server::EnsureServerProcessIsRunning -- launch failed, reason: Unity was launched with the -noUpm command-line argument
[Package Manager] UpmClient::Send -- Unable to send message (not connected to UPM process).
[Package Manager] Cannot connect to Unity Package Manager local server
Mono: successfully reloaded assembly
- Finished resetting the current domain, in  0.898 seconds
Domain Reload Profiling: 1318ms
	BeginReloadAssembly (144ms)
		ExecutionOrderSort (0ms)
		DisableScriptedObjects (4ms)
		BackupInstance (0ms)
		ReleaseScriptingObjects (0ms)
		CreateAndSetChildDomain (28ms)
	RebuildCommonClasses (33ms)
	RebuildNativeTypeToScriptingClass (11ms)
	initialDomainReloadingComplete (30ms)
	LoadAllAssembliesAndSetupDomain (201ms)
		LoadAssemblies (261ms)
		RebuildTransferFunctionScriptingTraits (0ms)
		AnalyzeDomain (23ms)
			TypeCache.Refresh (9ms)
				TypeCache.ScanAssembly (1ms)
			ScanForSourceGeneratedMonoScriptInfo (6ms)
			ResolveRequiredComponents (5ms)
	FinalizeReload (898ms)
		ReleaseScriptCaches (0ms)
		RebuildScriptCaches (0ms)
		SetupLoadedEditorAssemblies (427ms)
			LogAssemblyErrors (0ms)
			InitializePlatformSupportModulesInManaged (8ms)
			SetLoadedEditorAssemblies (3ms)
			RefreshPlugins (0ms)
			BeforeProcessingInitializeOnLoad (55ms)
			ProcessInitializeOnLoadAttributes (329ms)
			ProcessInitializeOnLoadMethodAttributes (21ms)
			AfterProcessingInitializeOnLoad (12ms)
			EditorAssembliesLoaded (0ms)
		ExecutionOrderSort2 (0ms)
		AwakeInstancesAfterBackupRestoration (6ms)
Refreshing native plugins compatible for Editor in 3.12 ms, found 3 plugins.
Preloading 0 native plugins for Editor in 0.00 ms.
Unloading 3127 Unused Serialized files (Serialized files now loaded: 0)
Unloading 14 unused Assets / (28.7 KB). Loaded Objects now: 3720.
Memory consumption went from 134.4 MB to 134.4 MB.
Total: 2.728200 ms (FindLiveObjects: 0.299000 ms CreateObjectMapping: 0.084800 ms MarkObjects: 2.294300 ms  DeleteObjects: 0.049100 ms)

Prepare: number of updated asset objects reloaded= 0
AssetImportParameters requested are different than current active one (requested -> active):
  custom:container-demuxer-ogg: 62fdf1f143b41e24485cea50d1cbac27 -> 
  custom:scripting/monoscript/fileName/GameManager.cs: f6182d712e34e20e3202214886862cdb -> 9933fbcc6190e2a9171c2ec8808a053e
  custom:scripting/monoscript/fileName/Income.cs: 938d875b4ea58c05495f38a939171226 -> 
  custom:video-decoder-ogg-theora: a1e56fd34408186e4bbccfd4996cb3dc -> 
  custom:framework-win-MediaFoundation: 216162199b28c13a410421893ffa2e32 -> 
  custom:scripting/monoscript/fileName/Tower.cs: 0e51d5638e1e2b20f04394d6225c671a -> 16583eaf01662413665c0a8803428cd6
  custom:scripting/monoscript/fileName/MenuFrame.cs: 575edbd0df24363ab161dfcb310542c7 -> 
  custom:scripting/monoscript/fileName/FadingText.cs: 77e5b1f06a7e356d3547dd4042e206f5 -> 
  custom:CustomObjectIndexerAttribute: 9a22284fe3817be447336de3de66b15e -> 
  custom:scripting/monoscript/fileName/Readme.cs: 5aedf578fb2663036982fb7b05aaf325 -> 
  custom:scripting/monoscript/fileName/Tooltip.cs: b7163f69ad820c51a0cfd3387a68b1d4 -> efb4e7ecf4b2142538150f2477ca1e4e
  custom:container-demuxer-webm: 4f35f7cbe854078d1ac9338744f61a02 -> 
  custom:scripting/monoscript/fileName/GoldMine.cs: bab3e2ee0cdfb32214ea1458d0239fb0 -> 
  custom:container-muxer-webm: aa71ff27fc2769a1b78a27578f13a17b -> 
  custom:scripting/monoscript/fileName/ReadmeEditor.cs: ff7ced1e41c1b99ddf5dfefc88f6bd50 -> 
  custom:video-decoder-webm-vp8: 9c59270c3fd7afecdb556c50c9e8de78 -> 
  custom:SearchIndexIgnoredProperties: e643bd26f0fe6173181afceb89e7c659 -> 
  custom:AudioImporter_EditorPlatform: d09bf68614088b80899f8185d706f6e7 -> 
  custom:scripting/monoscript/fileName/LumberMill.cs: c2d45524fbd0d6e9a670d983de5f81d7 -> 
  custom:scripting/monoscript/fileName/Slime.cs: e872c3a4bc36777cb1cc31d8379690c8 -> 05272bae05f111c6b0609e32e93d89d5
  custom:scripting/monoscript/fileName/Bar.cs: 890822e7dfd0f89892a6fd3ee944f62e -> 71c40e549b4fade8bed144aaff5a79ac
  custom:scripting/monoscript/fileName/TooltipManager.cs: 902a800de15a4facdbc6dbb1be6c1339 -> bc11dd805cb64c1c2f88cd7ae96fba24
  custom:video-encoder-webm-vp8: eb34c28f22e8b96e1ab97ce403110664 -> 
  custom:audio-decoder-ogg-vorbis: bf7c407c2cedff20999df2af8eb42d56 -> 
  custom:scripting/monoscript/fileName/Bullet.cs: 48ff13ede6c310cc0acf4a30e818a1de -> a4f5918e799041ba1f6608f13912eb8b
  custom:scripting/monoscript/fileName/TowerBuild.cs: 3807a8e615ef6a49dfd3f6bc5055a7a9 -> 9ea8b859a681512b782b9b3988d2f5f8
  custom:scripting/monoscript/fileName/Wave.cs: c8b913f1d5cb3bff026a08ce26c83aad -> 6e300e3b5d1a1dd15fa0115918e06e83
  custom:audio-encoder-webm-vorbis: bf7c407c2cedff20999df2af8eb42d56 -> 
  custom:scripting/monoscript/fileName/WaterReflection.cs: f1c57f2ce2c094032b710e8e5eb21bd7 -> 
  custom:scripting/monoscript/fileName/Tile.cs: e6480a408e34695897b31a69fad2b871 -> a94101d916c115d73aff3567a86e16d8
  custom:scripting/precompiled-assembly-types:Assembly-CSharp: c9de57360eaf86b8c89c0551fb2c903b -> e62b66366f159171f02e707cec416dc6
========================================================================
Received Import Request.
  Time since last request: 281.987675 seconds.
  path: Assets/Prefabs/UI/WoodIncomeText.prefab
  artifactKey: Guid(1bf1730f5c56f4d4aaa515759879260d) Importer(815301076,1909f56bfc062723c751e8b465ee728b)
Start importing Assets/Prefabs/UI/WoodIncomeText.prefab using Guid(1bf1730f5c56f4d4aaa515759879260d) Importer(815301076,1909f56bfc062723c751e8b465ee728b) [PhysX] Initialized MultithreadedTaskDispatcher with 12 workers.
 -> (artifact id: '9a71f579055fce592398ed3eef48aa5c') in 0.001669 seconds
Number of updated asset objects reloaded before import = 0
Number of asset objects unloaded after import = 0
========================================================================
Received Prepare
Caller must complete domain reload
Begin MonoManager ReloadAssembly
- Loaded All Assemblies, in  0.404 seconds
Native extension for WindowsStandalone target not found
Native extension for WebGL target not found
[Package Manager] Server::EnsureServerProcessIsRunning -- launch failed, reason: Unity was launched with the -noUpm command-line argument
[Package Manager] UpmClient::Send -- Unable to send message (not connected to UPM process).
[Package Manager] Cannot connect to Unity Package Manager local server
Mono: successfully reloaded assembly
- Finished resetting the current domain, in  0.892 seconds
Domain Reload Profiling: 1294ms
	BeginReloadAssembly (145ms)
		ExecutionOrderSort (0ms)
		DisableScriptedObjects (5ms)
		BackupInstance (0ms)
		ReleaseScriptingObjects (0ms)
		CreateAndSetChildDomain (29ms)
	RebuildCommonClasses (32ms)
	RebuildNativeTypeToScriptingClass (11ms)
	initialDomainReloadingComplete (26ms)
	LoadAllAssembliesAndSetupDomain (187ms)
		LoadAssemblies (250ms)
		RebuildTransferFunctionScriptingTraits (0ms)
		AnalyzeDomain (17ms)
			TypeCache.Refresh (6ms)
				TypeCache.ScanAssembly (0ms)
			ScanForSourceGeneratedMonoScriptInfo (0ms)
			ResolveRequiredComponents (8ms)
	FinalizeReload (892ms)
		ReleaseScriptCaches (0ms)
		RebuildScriptCaches (0ms)
		SetupLoadedEditorAssemblies (442ms)
			LogAssemblyErrors (0ms)
			InitializePlatformSupportModulesInManaged (8ms)
			SetLoadedEditorAssemblies (3ms)
			RefreshPlugins (0ms)
			BeforeProcessingInitializeOnLoad (61ms)
			ProcessInitializeOnLoadAttributes (342ms)
			ProcessInitializeOnLoadMethodAttributes (21ms)
			AfterProcessingInitializeOnLoad (8ms)
			EditorAssembliesLoaded (0ms)
		ExecutionOrderSort2 (0ms)
		AwakeInstancesAfterBackupRestoration (7ms)
Refreshing native plugins compatible for Editor in 3.37 ms, found 3 plugins.
Preloading 0 native plugins for Editor in 0.00 ms.
Unloading 3127 Unused Serialized files (Serialized files now loaded: 0)
Unloading 14 unused Assets / (28.6 KB). Loaded Objects now: 3723.
Memory consumption went from 134.4 MB to 134.4 MB.
Total: 2.901500 ms (FindLiveObjects: 0.350900 ms CreateObjectMapping: 0.079600 ms MarkObjects: 2.426900 ms  DeleteObjects: 0.043500 ms)

Prepare: number of updated asset objects reloaded= 0
AssetImportParameters requested are different than current active one (requested -> active):
  custom:container-demuxer-ogg: 62fdf1f143b41e24485cea50d1cbac27 -> 
  custom:scripting/monoscript/fileName/GameManager.cs: f6182d712e34e20e3202214886862cdb -> 9933fbcc6190e2a9171c2ec8808a053e
  custom:scripting/monoscript/fileName/Income.cs: 938d875b4ea58c05495f38a939171226 -> 
  custom:video-decoder-ogg-theora: a1e56fd34408186e4bbccfd4996cb3dc -> 
  custom:framework-win-MediaFoundation: 216162199b28c13a410421893ffa2e32 -> 
  custom:scripting/monoscript/fileName/Tower.cs: 0e51d5638e1e2b20f04394d6225c671a -> 16583eaf01662413665c0a8803428cd6
  custom:scripting/monoscript/fileName/MenuFrame.cs: 575edbd0df24363ab161dfcb310542c7 -> 
  custom:scripting/monoscript/fileName/FadingText.cs: 77e5b1f06a7e356d3547dd4042e206f5 -> 
  custom:CustomObjectIndexerAttribute: 9a22284fe3817be447336de3de66b15e -> 
  custom:scripting/monoscript/fileName/Readme.cs: 5aedf578fb2663036982fb7b05aaf325 -> 
  custom:scripting/monoscript/fileName/Tooltip.cs: b7163f69ad820c51a0cfd3387a68b1d4 -> efb4e7ecf4b2142538150f2477ca1e4e
  custom:container-demuxer-webm: 4f35f7cbe854078d1ac9338744f61a02 -> 
  custom:scripting/monoscript/fileName/GoldMine.cs: bab3e2ee0cdfb32214ea1458d0239fb0 -> 
  custom:container-muxer-webm: aa71ff27fc2769a1b78a27578f13a17b -> 
  custom:scripting/monoscript/fileName/ReadmeEditor.cs: ff7ced1e41c1b99ddf5dfefc88f6bd50 -> 
  custom:video-decoder-webm-vp8: 9c59270c3fd7afecdb556c50c9e8de78 -> 
  custom:SearchIndexIgnoredProperties: e643bd26f0fe6173181afceb89e7c659 -> 
  custom:AudioImporter_EditorPlatform: d09bf68614088b80899f8185d706f6e7 -> 
  custom:scripting/monoscript/fileName/LumberMill.cs: c2d45524fbd0d6e9a670d983de5f81d7 -> 
  custom:scripting/monoscript/fileName/Slime.cs: e872c3a4bc36777cb1cc31d8379690c8 -> 05272bae05f111c6b0609e32e93d89d5
  custom:scripting/monoscript/fileName/Bar.cs: 890822e7dfd0f89892a6fd3ee944f62e -> 71c40e549b4fade8bed144aaff5a79ac
  custom:scripting/monoscript/fileName/TooltipManager.cs: 902a800de15a4facdbc6dbb1be6c1339 -> bc11dd805cb64c1c2f88cd7ae96fba24
  custom:video-encoder-webm-vp8: eb34c28f22e8b96e1ab97ce403110664 -> 
  custom:audio-decoder-ogg-vorbis: bf7c407c2cedff20999df2af8eb42d56 -> 
  custom:scripting/monoscript/fileName/Bullet.cs: 48ff13ede6c310cc0acf4a30e818a1de -> a4f5918e799041ba1f6608f13912eb8b
  custom:scripting/monoscript/fileName/TowerBuild.cs: 3807a8e615ef6a49dfd3f6bc5055a7a9 -> 9ea8b859a681512b782b9b3988d2f5f8
  custom:scripting/monoscript/fileName/Wave.cs: c8b913f1d5cb3bff026a08ce26c83aad -> 6e300e3b5d1a1dd15fa0115918e06e83
  custom:audio-encoder-webm-vorbis: bf7c407c2cedff20999df2af8eb42d56 -> 
  custom:scripting/monoscript/fileName/WaterReflection.cs: f1c57f2ce2c094032b710e8e5eb21bd7 -> 
  custom:scripting/monoscript/fileName/Tile.cs: e6480a408e34695897b31a69fad2b871 -> a94101d916c115d73aff3567a86e16d8
  custom:scripting/precompiled-assembly-types:Assembly-CSharp: c9de57360eaf86b8c89c0551fb2c903b -> e62b66366f159171f02e707cec416dc6
========================================================================
Received Import Request.
  Time since last request: 20.586050 seconds.
  path: Assets/Prefabs/UI/WoodIncomeText.prefab
  artifactKey: Guid(1bf1730f5c56f4d4aaa515759879260d) Importer(815301076,1909f56bfc062723c751e8b465ee728b)
Start importing Assets/Prefabs/UI/WoodIncomeText.prefab using Guid(1bf1730f5c56f4d4aaa515759879260d) Importer(815301076,1909f56bfc062723c751e8b465ee728b) [PhysX] Initialized MultithreadedTaskDispatcher with 12 workers.
 -> (artifact id: '9a71f579055fce592398ed3eef48aa5c') in 0.002315 seconds
Number of updated asset objects reloaded before import = 0
Number of asset objects unloaded after import = 0
========================================================================
Received Import Request.
  Time since last request: 0.000026 seconds.
  path: Assets/Prefabs/UI/GoldIncomeText.prefab
  artifactKey: Guid(bc113bf969e9c60459f3c0ed97a94aad) Importer(815301076,1909f56bfc062723c751e8b465ee728b)
Start importing Assets/Prefabs/UI/GoldIncomeText.prefab using Guid(bc113bf969e9c60459f3c0ed97a94aad) Importer(815301076,1909f56bfc062723c751e8b465ee728b) [PhysX] Initialized MultithreadedTaskDispatcher with 12 workers.
 -> (artifact id: 'd51a4c6b68d7a9c552d9aa9788b4c97a') in 0.000396 seconds
Number of updated asset objects reloaded before import = 0
Number of asset objects unloaded after import = 0
========================================================================
Received Prepare
Caller must complete domain reload
Begin MonoManager ReloadAssembly
- Loaded All Assemblies, in  0.420 seconds
Native extension for WindowsStandalone target not found
Native extension for WebGL target not found
[Package Manager] Server::EnsureServerProcessIsRunning -- launch failed, reason: Unity was launched with the -noUpm command-line argument
[Package Manager] UpmClient::Send -- Unable to send message (not connected to UPM process).
[Package Manager] Cannot connect to Unity Package Manager local server
Mono: successfully reloaded assembly
- Finished resetting the current domain, in  0.998 seconds
Domain Reload Profiling: 1415ms
	BeginReloadAssembly (145ms)
		ExecutionOrderSort (0ms)
		DisableScriptedObjects (4ms)
		BackupInstance (0ms)
		ReleaseScriptingObjects (0ms)
		CreateAndSetChildDomain (30ms)
	RebuildCommonClasses (38ms)
	RebuildNativeTypeToScriptingClass (12ms)
	initialDomainReloadingComplete (28ms)
	LoadAllAssembliesAndSetupDomain (194ms)
		LoadAssemblies (252ms)
		RebuildTransferFunctionScriptingTraits (0ms)
		AnalyzeDomain (21ms)
			TypeCache.Refresh (8ms)
				TypeCache.ScanAssembly (1ms)
			ScanForSourceGeneratedMonoScriptInfo (6ms)
			ResolveRequiredComponents (5ms)
	FinalizeReload (999ms)
		ReleaseScriptCaches (0ms)
		RebuildScriptCaches (0ms)
		SetupLoadedEditorAssemblies (548ms)
			LogAssemblyErrors (0ms)
			InitializePlatformSupportModulesInManaged (9ms)
			SetLoadedEditorAssemblies (4ms)
			RefreshPlugins (0ms)
			BeforeProcessingInitializeOnLoad (68ms)
			ProcessInitializeOnLoadAttributes (432ms)
			ProcessInitializeOnLoadMethodAttributes (25ms)
			AfterProcessingInitializeOnLoad (10ms)
			EditorAssembliesLoaded (0ms)
		ExecutionOrderSort2 (0ms)
		AwakeInstancesAfterBackupRestoration (6ms)
Refreshing native plugins compatible for Editor in 2.83 ms, found 3 plugins.
Preloading 0 native plugins for Editor in 0.00 ms.
Unloading 3127 Unused Serialized files (Serialized files now loaded: 0)
Unloading 14 unused Assets / (28.6 KB). Loaded Objects now: 3726.
Memory consumption went from 134.4 MB to 134.4 MB.
Total: 2.694600 ms (FindLiveObjects: 0.291100 ms CreateObjectMapping: 0.084600 ms MarkObjects: 2.276100 ms  DeleteObjects: 0.041500 ms)

Prepare: number of updated asset objects reloaded= 0
AssetImportParameters requested are different than current active one (requested -> active):
  custom:container-demuxer-ogg: 62fdf1f143b41e24485cea50d1cbac27 -> 
  custom:scripting/monoscript/fileName/GameManager.cs: f6182d712e34e20e3202214886862cdb -> 9933fbcc6190e2a9171c2ec8808a053e
  custom:scripting/monoscript/fileName/Income.cs: 938d875b4ea58c05495f38a939171226 -> 
  custom:video-decoder-ogg-theora: a1e56fd34408186e4bbccfd4996cb3dc -> 
  custom:framework-win-MediaFoundation: 216162199b28c13a410421893ffa2e32 -> 
  custom:scripting/monoscript/fileName/Tower.cs: 0e51d5638e1e2b20f04394d6225c671a -> 16583eaf01662413665c0a8803428cd6
  custom:scripting/monoscript/fileName/MenuFrame.cs: 575edbd0df24363ab161dfcb310542c7 -> 
  custom:scripting/monoscript/fileName/FadingText.cs: 77e5b1f06a7e356d3547dd4042e206f5 -> 
  custom:CustomObjectIndexerAttribute: 9a22284fe3817be447336de3de66b15e -> 
  custom:scripting/monoscript/fileName/Readme.cs: 5aedf578fb2663036982fb7b05aaf325 -> 
  custom:scripting/monoscript/fileName/Tooltip.cs: b7163f69ad820c51a0cfd3387a68b1d4 -> efb4e7ecf4b2142538150f2477ca1e4e
  custom:container-demuxer-webm: 4f35f7cbe854078d1ac9338744f61a02 -> 
  custom:scripting/monoscript/fileName/GoldMine.cs: bab3e2ee0cdfb32214ea1458d0239fb0 -> 
  custom:container-muxer-webm: aa71ff27fc2769a1b78a27578f13a17b -> 
  custom:scripting/monoscript/fileName/ReadmeEditor.cs: ff7ced1e41c1b99ddf5dfefc88f6bd50 -> 
  custom:video-decoder-webm-vp8: 9c59270c3fd7afecdb556c50c9e8de78 -> 
  custom:SearchIndexIgnoredProperties: e643bd26f0fe6173181afceb89e7c659 -> 
  custom:AudioImporter_EditorPlatform: d09bf68614088b80899f8185d706f6e7 -> 
  custom:scripting/monoscript/fileName/LumberMill.cs: c2d45524fbd0d6e9a670d983de5f81d7 -> 
  custom:scripting/monoscript/fileName/Slime.cs: e872c3a4bc36777cb1cc31d8379690c8 -> 05272bae05f111c6b0609e32e93d89d5
  custom:scripting/monoscript/fileName/Bar.cs: 890822e7dfd0f89892a6fd3ee944f62e -> 71c40e549b4fade8bed144aaff5a79ac
  custom:scripting/monoscript/fileName/TooltipManager.cs: 902a800de15a4facdbc6dbb1be6c1339 -> bc11dd805cb64c1c2f88cd7ae96fba24
  custom:video-encoder-webm-vp8: eb34c28f22e8b96e1ab97ce403110664 -> 
  custom:audio-decoder-ogg-vorbis: bf7c407c2cedff20999df2af8eb42d56 -> 
  custom:scripting/monoscript/fileName/Bullet.cs: 48ff13ede6c310cc0acf4a30e818a1de -> a4f5918e799041ba1f6608f13912eb8b
  custom:scripting/monoscript/fileName/TowerBuild.cs: 3807a8e615ef6a49dfd3f6bc5055a7a9 -> 9ea8b859a681512b782b9b3988d2f5f8
  custom:scripting/monoscript/fileName/Wave.cs: c8b913f1d5cb3bff026a08ce26c83aad -> 6e300e3b5d1a1dd15fa0115918e06e83
  custom:audio-encoder-webm-vorbis: bf7c407c2cedff20999df2af8eb42d56 -> 
  custom:scripting/monoscript/fileName/WaterReflection.cs: f1c57f2ce2c094032b710e8e5eb21bd7 -> 
  custom:scripting/monoscript/fileName/Tile.cs: e6480a408e34695897b31a69fad2b871 -> a94101d916c115d73aff3567a86e16d8
  custom:scripting/precompiled-assembly-types:Assembly-CSharp: c9de57360eaf86b8c89c0551fb2c903b -> e62b66366f159171f02e707cec416dc6
========================================================================
Received Prepare
Caller must complete domain reload
Begin MonoManager ReloadAssembly
- Loaded All Assemblies, in  0.409 seconds
Native extension for WindowsStandalone target not found
Native extension for WebGL target not found
[Package Manager] Server::EnsureServerProcessIsRunning -- launch failed, reason: Unity was launched with the -noUpm command-line argument
[Package Manager] UpmClient::Send -- Unable to send message (not connected to UPM process).
[Package Manager] Cannot connect to Unity Package Manager local server
Mono: successfully reloaded assembly
- Finished resetting the current domain, in  0.938 seconds
Domain Reload Profiling: 1345ms
	BeginReloadAssembly (141ms)
		ExecutionOrderSort (0ms)
		DisableScriptedObjects (4ms)
		BackupInstance (0ms)
		ReleaseScriptingObjects (0ms)
		CreateAndSetChildDomain (27ms)
	RebuildCommonClasses (32ms)
	RebuildNativeTypeToScriptingClass (11ms)
	initialDomainReloadingComplete (28ms)
	LoadAllAssembliesAndSetupDomain (194ms)
		LoadAssemblies (256ms)
		RebuildTransferFunctionScriptingTraits (0ms)
		AnalyzeDomain (15ms)
			TypeCache.Refresh (5ms)
				TypeCache.ScanAssembly (0ms)
			ScanForSourceGeneratedMonoScriptInfo (0ms)
			ResolveRequiredComponents (7ms)
	FinalizeReload (939ms)
		ReleaseScriptCaches (0ms)
		RebuildScriptCaches (0ms)
		SetupLoadedEditorAssemblies (461ms)
			LogAssemblyErrors (0ms)
			InitializePlatformSupportModulesInManaged (9ms)
			SetLoadedEditorAssemblies (3ms)
			RefreshPlugins (0ms)
			BeforeProcessingInitializeOnLoad (63ms)
			ProcessInitializeOnLoadAttributes (357ms)
			ProcessInitializeOnLoadMethodAttributes (22ms)
			AfterProcessingInitializeOnLoad (8ms)
			EditorAssembliesLoaded (0ms)
		ExecutionOrderSort2 (0ms)
		AwakeInstancesAfterBackupRestoration (7ms)
Refreshing native plugins compatible for Editor in 4.02 ms, found 3 plugins.
Preloading 0 native plugins for Editor in 0.00 ms.
Unloading 3128 Unused Serialized files (Serialized files now loaded: 0)
Unloading 14 unused Assets / (28.5 KB). Loaded Objects now: 3729.
Memory consumption went from 134.6 MB to 134.6 MB.
Total: 2.785000 ms (FindLiveObjects: 0.315800 ms CreateObjectMapping: 0.096100 ms MarkObjects: 2.332900 ms  DeleteObjects: 0.039500 ms)

Prepare: number of updated asset objects reloaded= 0
AssetImportParameters requested are different than current active one (requested -> active):
  custom:container-demuxer-ogg: 62fdf1f143b41e24485cea50d1cbac27 -> 
  custom:scripting/monoscript/fileName/GameManager.cs: f6182d712e34e20e3202214886862cdb -> 9933fbcc6190e2a9171c2ec8808a053e
  custom:scripting/monoscript/fileName/Income.cs: 938d875b4ea58c05495f38a939171226 -> 
  custom:video-decoder-ogg-theora: a1e56fd34408186e4bbccfd4996cb3dc -> 
  custom:framework-win-MediaFoundation: 216162199b28c13a410421893ffa2e32 -> 
  custom:scripting/monoscript/fileName/Tower.cs: 0e51d5638e1e2b20f04394d6225c671a -> 16583eaf01662413665c0a8803428cd6
  custom:scripting/monoscript/fileName/MenuFrame.cs: 575edbd0df24363ab161dfcb310542c7 -> 
  custom:scripting/monoscript/fileName/FadingText.cs: 77e5b1f06a7e356d3547dd4042e206f5 -> 
  custom:CustomObjectIndexerAttribute: 9a22284fe3817be447336de3de66b15e -> 
  custom:scripting/monoscript/fileName/Readme.cs: 5aedf578fb2663036982fb7b05aaf325 -> 
  custom:scripting/monoscript/fileName/Tooltip.cs: b7163f69ad820c51a0cfd3387a68b1d4 -> efb4e7ecf4b2142538150f2477ca1e4e
  custom:container-demuxer-webm: 4f35f7cbe854078d1ac9338744f61a02 -> 
  custom:scripting/monoscript/fileName/GoldMine.cs: bab3e2ee0cdfb32214ea1458d0239fb0 -> 
  custom:container-muxer-webm: aa71ff27fc2769a1b78a27578f13a17b -> 
  custom:scripting/monoscript/fileName/ReadmeEditor.cs: ff7ced1e41c1b99ddf5dfefc88f6bd50 -> 
  custom:video-decoder-webm-vp8: 9c59270c3fd7afecdb556c50c9e8de78 -> 
  custom:SearchIndexIgnoredProperties: e643bd26f0fe6173181afceb89e7c659 -> 
  custom:AudioImporter_EditorPlatform: d09bf68614088b80899f8185d706f6e7 -> 
  custom:scripting/monoscript/fileName/LumberMill.cs: c2d45524fbd0d6e9a670d983de5f81d7 -> 
  custom:scripting/monoscript/fileName/Slime.cs: e872c3a4bc36777cb1cc31d8379690c8 -> 05272bae05f111c6b0609e32e93d89d5
  custom:scripting/monoscript/fileName/Bar.cs: 890822e7dfd0f89892a6fd3ee944f62e -> 71c40e549b4fade8bed144aaff5a79ac
  custom:scripting/monoscript/fileName/TooltipManager.cs: 902a800de15a4facdbc6dbb1be6c1339 -> bc11dd805cb64c1c2f88cd7ae96fba24
  custom:video-encoder-webm-vp8: eb34c28f22e8b96e1ab97ce403110664 -> 
  custom:audio-decoder-ogg-vorbis: bf7c407c2cedff20999df2af8eb42d56 -> 
  custom:scripting/monoscript/fileName/Bullet.cs: 48ff13ede6c310cc0acf4a30e818a1de -> a4f5918e799041ba1f6608f13912eb8b
  custom:scripting/monoscript/fileName/TowerBuild.cs: 3807a8e615ef6a49dfd3f6bc5055a7a9 -> 9ea8b859a681512b782b9b3988d2f5f8
  custom:scripting/monoscript/fileName/Wave.cs: c8b913f1d5cb3bff026a08ce26c83aad -> 6e300e3b5d1a1dd15fa0115918e06e83
  custom:audio-encoder-webm-vorbis: bf7c407c2cedff20999df2af8eb42d56 -> 
  custom:scripting/monoscript/fileName/WaterReflection.cs: f1c57f2ce2c094032b710e8e5eb21bd7 -> 
  custom:scripting/monoscript/fileName/Tile.cs: e6480a408e34695897b31a69fad2b871 -> a94101d916c115d73aff3567a86e16d8
  custom:scripting/precompiled-assembly-types:Assembly-CSharp: c9de57360eaf86b8c89c0551fb2c903b -> e62b66366f159171f02e707cec416dc6
========================================================================
Received Prepare
Caller must complete domain reload
Begin MonoManager ReloadAssembly
- Loaded All Assemblies, in  0.420 seconds
Native extension for WindowsStandalone target not found
Native extension for WebGL target not found
[Package Manager] Server::EnsureServerProcessIsRunning -- launch failed, reason: Unity was launched with the -noUpm command-line argument
[Package Manager] UpmClient::Send -- Unable to send message (not connected to UPM process).
[Package Manager] Cannot connect to Unity Package Manager local server
Mono: successfully reloaded assembly
- Finished resetting the current domain, in  0.878 seconds
Domain Reload Profiling: 1295ms
	BeginReloadAssembly (140ms)
		ExecutionOrderSort (0ms)
		DisableScriptedObjects (4ms)
		BackupInstance (0ms)
		ReleaseScriptingObjects (0ms)
		CreateAndSetChildDomain (29ms)
	RebuildCommonClasses (32ms)
	RebuildNativeTypeToScriptingClass (11ms)
	initialDomainReloadingComplete (29ms)
	LoadAllAssembliesAndSetupDomain (204ms)
		LoadAssemblies (261ms)
		RebuildTransferFunctionScriptingTraits (0ms)
		AnalyzeDomain (21ms)
			TypeCache.Refresh (8ms)
				TypeCache.ScanAssembly (1ms)
			ScanForSourceGeneratedMonoScriptInfo (6ms)
			ResolveRequiredComponents (5ms)
	FinalizeReload (879ms)
		ReleaseScriptCaches (0ms)
		RebuildScriptCaches (0ms)
		SetupLoadedEditorAssemblies (433ms)
			LogAssemblyErrors (0ms)
			InitializePlatformSupportModulesInManaged (7ms)
			SetLoadedEditorAssemblies (3ms)
			RefreshPlugins (0ms)
			BeforeProcessingInitializeOnLoad (93ms)
			ProcessInitializeOnLoadAttributes (304ms)
			ProcessInitializeOnLoadMethodAttributes (18ms)
			AfterProcessingInitializeOnLoad (8ms)
			EditorAssembliesLoaded (0ms)
		ExecutionOrderSort2 (0ms)
		AwakeInstancesAfterBackupRestoration (9ms)
Refreshing native plugins compatible for Editor in 3.27 ms, found 3 plugins.
Preloading 0 native plugins for Editor in 0.00 ms.
Unloading 3128 Unused Serialized files (Serialized files now loaded: 0)
Unloading 14 unused Assets / (28.6 KB). Loaded Objects now: 3732.
Memory consumption went from 134.6 MB to 134.6 MB.
Total: 2.657800 ms (FindLiveObjects: 0.317400 ms CreateObjectMapping: 0.083800 ms MarkObjects: 2.214500 ms  DeleteObjects: 0.041100 ms)

Prepare: number of updated asset objects reloaded= 0
AssetImportParameters requested are different than current active one (requested -> active):
  custom:container-demuxer-ogg: 62fdf1f143b41e24485cea50d1cbac27 -> 
  custom:scripting/monoscript/fileName/GameManager.cs: f6182d712e34e20e3202214886862cdb -> 9933fbcc6190e2a9171c2ec8808a053e
  custom:scripting/monoscript/fileName/Income.cs: 938d875b4ea58c05495f38a939171226 -> 
  custom:video-decoder-ogg-theora: a1e56fd34408186e4bbccfd4996cb3dc -> 
  custom:framework-win-MediaFoundation: 216162199b28c13a410421893ffa2e32 -> 
  custom:scripting/monoscript/fileName/Tower.cs: 0e51d5638e1e2b20f04394d6225c671a -> 16583eaf01662413665c0a8803428cd6
  custom:scripting/monoscript/fileName/MenuFrame.cs: 575edbd0df24363ab161dfcb310542c7 -> 
  custom:scripting/monoscript/fileName/FadingText.cs: 77e5b1f06a7e356d3547dd4042e206f5 -> 
  custom:CustomObjectIndexerAttribute: 9a22284fe3817be447336de3de66b15e -> 
  custom:scripting/monoscript/fileName/Readme.cs: 5aedf578fb2663036982fb7b05aaf325 -> 
  custom:scripting/monoscript/fileName/Tooltip.cs: b7163f69ad820c51a0cfd3387a68b1d4 -> efb4e7ecf4b2142538150f2477ca1e4e
  custom:container-demuxer-webm: 4f35f7cbe854078d1ac9338744f61a02 -> 
  custom:scripting/monoscript/fileName/GoldMine.cs: bab3e2ee0cdfb32214ea1458d0239fb0 -> 
  custom:container-muxer-webm: aa71ff27fc2769a1b78a27578f13a17b -> 
  custom:scripting/monoscript/fileName/ReadmeEditor.cs: ff7ced1e41c1b99ddf5dfefc88f6bd50 -> 
  custom:video-decoder-webm-vp8: 9c59270c3fd7afecdb556c50c9e8de78 -> 
  custom:SearchIndexIgnoredProperties: e643bd26f0fe6173181afceb89e7c659 -> 
  custom:AudioImporter_EditorPlatform: d09bf68614088b80899f8185d706f6e7 -> 
  custom:scripting/monoscript/fileName/LumberMill.cs: c2d45524fbd0d6e9a670d983de5f81d7 -> 
  custom:scripting/monoscript/fileName/Slime.cs: e872c3a4bc36777cb1cc31d8379690c8 -> 05272bae05f111c6b0609e32e93d89d5
  custom:scripting/monoscript/fileName/Bar.cs: 890822e7dfd0f89892a6fd3ee944f62e -> 71c40e549b4fade8bed144aaff5a79ac
  custom:scripting/monoscript/fileName/TooltipManager.cs: 902a800de15a4facdbc6dbb1be6c1339 -> bc11dd805cb64c1c2f88cd7ae96fba24
  custom:video-encoder-webm-vp8: eb34c28f22e8b96e1ab97ce403110664 -> 
  custom:audio-decoder-ogg-vorbis: bf7c407c2cedff20999df2af8eb42d56 -> 
  custom:scripting/monoscript/fileName/Bullet.cs: 48ff13ede6c310cc0acf4a30e818a1de -> a4f5918e799041ba1f6608f13912eb8b
  custom:scripting/monoscript/fileName/TowerBuild.cs: 3807a8e615ef6a49dfd3f6bc5055a7a9 -> 9ea8b859a681512b782b9b3988d2f5f8
  custom:scripting/monoscript/fileName/Wave.cs: c8b913f1d5cb3bff026a08ce26c83aad -> 6e300e3b5d1a1dd15fa0115918e06e83
  custom:audio-encoder-webm-vorbis: bf7c407c2cedff20999df2af8eb42d56 -> 
  custom:scripting/monoscript/fileName/WaterReflection.cs: f1c57f2ce2c094032b710e8e5eb21bd7 -> 
  custom:scripting/monoscript/fileName/Tile.cs: e6480a408e34695897b31a69fad2b871 -> a94101d916c115d73aff3567a86e16d8
  custom:scripting/precompiled-assembly-types:Assembly-CSharp: c9de57360eaf86b8c89c0551fb2c903b -> e62b66366f159171f02e707cec416dc6
========================================================================
Received Prepare
Caller must complete domain reload
Begin MonoManager ReloadAssembly
- Loaded All Assemblies, in  0.414 seconds
Native extension for WindowsStandalone target not found
Native extension for WebGL target not found
[Package Manager] Server::EnsureServerProcessIsRunning -- launch failed, reason: Unity was launched with the -noUpm command-line argument
[Package Manager] UpmClient::Send -- Unable to send message (not connected to UPM process).
[Package Manager] Cannot connect to Unity Package Manager local server
Mono: successfully reloaded assembly
- Finished resetting the current domain, in  0.801 seconds
Domain Reload Profiling: 1214ms
	BeginReloadAssembly (143ms)
		ExecutionOrderSort (0ms)
		DisableScriptedObjects (5ms)
		BackupInstance (0ms)
		ReleaseScriptingObjects (0ms)
		CreateAndSetChildDomain (27ms)
	RebuildCommonClasses (39ms)
	RebuildNativeTypeToScriptingClass (12ms)
	initialDomainReloadingComplete (29ms)
	LoadAllAssembliesAndSetupDomain (189ms)
		LoadAssemblies (248ms)
		RebuildTransferFunctionScriptingTraits (0ms)
		AnalyzeDomain (21ms)
			TypeCache.Refresh (8ms)
				TypeCache.ScanAssembly (1ms)
			ScanForSourceGeneratedMonoScriptInfo (6ms)
			ResolveRequiredComponents (5ms)
	FinalizeReload (802ms)
		ReleaseScriptCaches (0ms)
		RebuildScriptCaches (0ms)
		SetupLoadedEditorAssemblies (399ms)
			LogAssemblyErrors (0ms)
			InitializePlatformSupportModulesInManaged (7ms)
			SetLoadedEditorAssemblies (3ms)
			RefreshPlugins (0ms)
			BeforeProcessingInitializeOnLoad (53ms)
			ProcessInitializeOnLoadAttributes (305ms)
			ProcessInitializeOnLoadMethodAttributes (22ms)
			AfterProcessingInitializeOnLoad (9ms)
			EditorAssembliesLoaded (0ms)
		ExecutionOrderSort2 (0ms)
		AwakeInstancesAfterBackupRestoration (6ms)
Refreshing native plugins compatible for Editor in 3.07 ms, found 3 plugins.
Preloading 0 native plugins for Editor in 0.00 ms.
Unloading 3128 Unused Serialized files (Serialized files now loaded: 0)
Unloading 14 unused Assets / (28.6 KB). Loaded Objects now: 3735.
Memory consumption went from 134.7 MB to 134.6 MB.
Total: 2.771200 ms (FindLiveObjects: 0.286200 ms CreateObjectMapping: 0.101100 ms MarkObjects: 2.340000 ms  DeleteObjects: 0.042700 ms)

Prepare: number of updated asset objects reloaded= 0
AssetImportParameters requested are different than current active one (requested -> active):
  custom:container-demuxer-ogg: 62fdf1f143b41e24485cea50d1cbac27 -> 
  custom:scripting/monoscript/fileName/GameManager.cs: f6182d712e34e20e3202214886862cdb -> 9933fbcc6190e2a9171c2ec8808a053e
  custom:scripting/monoscript/fileName/Income.cs: 938d875b4ea58c05495f38a939171226 -> 
  custom:video-decoder-ogg-theora: a1e56fd34408186e4bbccfd4996cb3dc -> 
  custom:framework-win-MediaFoundation: 216162199b28c13a410421893ffa2e32 -> 
  custom:scripting/monoscript/fileName/Tower.cs: 0e51d5638e1e2b20f04394d6225c671a -> 16583eaf01662413665c0a8803428cd6
  custom:scripting/monoscript/fileName/MenuFrame.cs: 575edbd0df24363ab161dfcb310542c7 -> 
  custom:scripting/monoscript/fileName/FadingText.cs: 77e5b1f06a7e356d3547dd4042e206f5 -> 
  custom:CustomObjectIndexerAttribute: 9a22284fe3817be447336de3de66b15e -> 
  custom:scripting/monoscript/fileName/Readme.cs: 5aedf578fb2663036982fb7b05aaf325 -> 
  custom:scripting/monoscript/fileName/Tooltip.cs: b7163f69ad820c51a0cfd3387a68b1d4 -> efb4e7ecf4b2142538150f2477ca1e4e
  custom:container-demuxer-webm: 4f35f7cbe854078d1ac9338744f61a02 -> 
  custom:scripting/monoscript/fileName/GoldMine.cs: bab3e2ee0cdfb32214ea1458d0239fb0 -> 
  custom:container-muxer-webm: aa71ff27fc2769a1b78a27578f13a17b -> 
  custom:scripting/monoscript/fileName/ReadmeEditor.cs: ff7ced1e41c1b99ddf5dfefc88f6bd50 -> 
  custom:video-decoder-webm-vp8: 9c59270c3fd7afecdb556c50c9e8de78 -> 
  custom:SearchIndexIgnoredProperties: e643bd26f0fe6173181afceb89e7c659 -> 
  custom:AudioImporter_EditorPlatform: d09bf68614088b80899f8185d706f6e7 -> 
  custom:scripting/monoscript/fileName/LumberMill.cs: c2d45524fbd0d6e9a670d983de5f81d7 -> 
  custom:scripting/monoscript/fileName/Slime.cs: e872c3a4bc36777cb1cc31d8379690c8 -> 05272bae05f111c6b0609e32e93d89d5
  custom:scripting/monoscript/fileName/Bar.cs: 890822e7dfd0f89892a6fd3ee944f62e -> 71c40e549b4fade8bed144aaff5a79ac
  custom:scripting/monoscript/fileName/TooltipManager.cs: 902a800de15a4facdbc6dbb1be6c1339 -> bc11dd805cb64c1c2f88cd7ae96fba24
  custom:video-encoder-webm-vp8: eb34c28f22e8b96e1ab97ce403110664 -> 
  custom:audio-decoder-ogg-vorbis: bf7c407c2cedff20999df2af8eb42d56 -> 
  custom:scripting/monoscript/fileName/Bullet.cs: 48ff13ede6c310cc0acf4a30e818a1de -> a4f5918e799041ba1f6608f13912eb8b
  custom:scripting/monoscript/fileName/TowerBuild.cs: 3807a8e615ef6a49dfd3f6bc5055a7a9 -> 9ea8b859a681512b782b9b3988d2f5f8
  custom:scripting/monoscript/fileName/Wave.cs: c8b913f1d5cb3bff026a08ce26c83aad -> 6e300e3b5d1a1dd15fa0115918e06e83
  custom:audio-encoder-webm-vorbis: bf7c407c2cedff20999df2af8eb42d56 -> 
  custom:scripting/monoscript/fileName/WaterReflection.cs: f1c57f2ce2c094032b710e8e5eb21bd7 -> 
  custom:scripting/monoscript/fileName/Tile.cs: e6480a408e34695897b31a69fad2b871 -> a94101d916c115d73aff3567a86e16d8
  custom:scripting/precompiled-assembly-types:Assembly-CSharp: c9de57360eaf86b8c89c0551fb2c903b -> e62b66366f159171f02e707cec416dc6
========================================================================
Received Prepare
Caller must complete domain reload
Begin MonoManager ReloadAssembly
- Loaded All Assemblies, in  0.406 seconds
Native extension for WindowsStandalone target not found
Native extension for WebGL target not found
[Package Manager] Server::EnsureServerProcessIsRunning -- launch failed, reason: Unity was launched with the -noUpm command-line argument
[Package Manager] UpmClient::Send -- Unable to send message (not connected to UPM process).
[Package Manager] Cannot connect to Unity Package Manager local server
Mono: successfully reloaded assembly
- Finished resetting the current domain, in  0.849 seconds
Domain Reload Profiling: 1253ms
	BeginReloadAssembly (137ms)
		ExecutionOrderSort (0ms)
		DisableScriptedObjects (4ms)
		BackupInstance (0ms)
		ReleaseScriptingObjects (0ms)
		CreateAndSetChildDomain (28ms)
	RebuildCommonClasses (31ms)
	RebuildNativeTypeToScriptingClass (11ms)
	initialDomainReloadingComplete (26ms)
	LoadAllAssembliesAndSetupDomain (198ms)
		LoadAssemblies (250ms)
		RebuildTransferFunctionScriptingTraits (0ms)
		AnalyzeDomain (23ms)
			TypeCache.Refresh (9ms)
				TypeCache.ScanAssembly (1ms)
			ScanForSourceGeneratedMonoScriptInfo (7ms)
			ResolveRequiredComponents (5ms)
	FinalizeReload (850ms)
		ReleaseScriptCaches (0ms)
		RebuildScriptCaches (0ms)
		SetupLoadedEditorAssemblies (437ms)
			LogAssemblyErrors (0ms)
			InitializePlatformSupportModulesInManaged (7ms)
			SetLoadedEditorAssemblies (3ms)
			RefreshPlugins (0ms)
			BeforeProcessingInitializeOnLoad (54ms)
			ProcessInitializeOnLoadAttributes (347ms)
			ProcessInitializeOnLoadMethodAttributes (19ms)
			AfterProcessingInitializeOnLoad (7ms)
			EditorAssembliesLoaded (0ms)
		ExecutionOrderSort2 (0ms)
		AwakeInstancesAfterBackupRestoration (6ms)
Refreshing native plugins compatible for Editor in 4.28 ms, found 3 plugins.
Preloading 0 native plugins for Editor in 0.00 ms.
Unloading 3128 Unused Serialized files (Serialized files now loaded: 0)
Unloading 14 unused Assets / (28.6 KB). Loaded Objects now: 3738.
Memory consumption went from 134.7 MB to 134.6 MB.
Total: 2.720100 ms (FindLiveObjects: 0.310400 ms CreateObjectMapping: 0.086000 ms MarkObjects: 2.284400 ms  DeleteObjects: 0.038500 ms)

Prepare: number of updated asset objects reloaded= 0
AssetImportParameters requested are different than current active one (requested -> active):
  custom:container-demuxer-ogg: 62fdf1f143b41e24485cea50d1cbac27 -> 
  custom:scripting/monoscript/fileName/GameManager.cs: f6182d712e34e20e3202214886862cdb -> 9933fbcc6190e2a9171c2ec8808a053e
  custom:scripting/monoscript/fileName/Income.cs: 938d875b4ea58c05495f38a939171226 -> 
  custom:video-decoder-ogg-theora: a1e56fd34408186e4bbccfd4996cb3dc -> 
  custom:framework-win-MediaFoundation: 216162199b28c13a410421893ffa2e32 -> 
  custom:scripting/monoscript/fileName/Tower.cs: 0e51d5638e1e2b20f04394d6225c671a -> 16583eaf01662413665c0a8803428cd6
  custom:scripting/monoscript/fileName/MenuFrame.cs: 575edbd0df24363ab161dfcb310542c7 -> 
  custom:scripting/monoscript/fileName/FadingText.cs: 77e5b1f06a7e356d3547dd4042e206f5 -> 
  custom:CustomObjectIndexerAttribute: 9a22284fe3817be447336de3de66b15e -> 
  custom:scripting/monoscript/fileName/Readme.cs: 5aedf578fb2663036982fb7b05aaf325 -> 
  custom:scripting/monoscript/fileName/Tooltip.cs: b7163f69ad820c51a0cfd3387a68b1d4 -> efb4e7ecf4b2142538150f2477ca1e4e
  custom:container-demuxer-webm: 4f35f7cbe854078d1ac9338744f61a02 -> 
  custom:scripting/monoscript/fileName/GoldMine.cs: bab3e2ee0cdfb32214ea1458d0239fb0 -> 
  custom:container-muxer-webm: aa71ff27fc2769a1b78a27578f13a17b -> 
  custom:scripting/monoscript/fileName/ReadmeEditor.cs: ff7ced1e41c1b99ddf5dfefc88f6bd50 -> 
  custom:video-decoder-webm-vp8: 9c59270c3fd7afecdb556c50c9e8de78 -> 
  custom:SearchIndexIgnoredProperties: e643bd26f0fe6173181afceb89e7c659 -> 
  custom:AudioImporter_EditorPlatform: d09bf68614088b80899f8185d706f6e7 -> 
  custom:scripting/monoscript/fileName/LumberMill.cs: c2d45524fbd0d6e9a670d983de5f81d7 -> 
  custom:scripting/monoscript/fileName/Slime.cs: e872c3a4bc36777cb1cc31d8379690c8 -> 05272bae05f111c6b0609e32e93d89d5
  custom:scripting/monoscript/fileName/Bar.cs: 890822e7dfd0f89892a6fd3ee944f62e -> 71c40e549b4fade8bed144aaff5a79ac
  custom:scripting/monoscript/fileName/TooltipManager.cs: 902a800de15a4facdbc6dbb1be6c1339 -> bc11dd805cb64c1c2f88cd7ae96fba24
  custom:video-encoder-webm-vp8: eb34c28f22e8b96e1ab97ce403110664 -> 
  custom:audio-decoder-ogg-vorbis: bf7c407c2cedff20999df2af8eb42d56 -> 
  custom:scripting/monoscript/fileName/Bullet.cs: 48ff13ede6c310cc0acf4a30e818a1de -> a4f5918e799041ba1f6608f13912eb8b
  custom:scripting/monoscript/fileName/TowerBuild.cs: 3807a8e615ef6a49dfd3f6bc5055a7a9 -> 9ea8b859a681512b782b9b3988d2f5f8
  custom:scripting/monoscript/fileName/Wave.cs: c8b913f1d5cb3bff026a08ce26c83aad -> 6e300e3b5d1a1dd15fa0115918e06e83
  custom:audio-encoder-webm-vorbis: bf7c407c2cedff20999df2af8eb42d56 -> 
  custom:scripting/monoscript/fileName/WaterReflection.cs: f1c57f2ce2c094032b710e8e5eb21bd7 -> 
  custom:scripting/monoscript/fileName/Tile.cs: e6480a408e34695897b31a69fad2b871 -> a94101d916c115d73aff3567a86e16d8
  custom:scripting/precompiled-assembly-types:Assembly-CSharp: c9de57360eaf86b8c89c0551fb2c903b -> e62b66366f159171f02e707cec416dc6
========================================================================
Received Prepare
Caller must complete domain reload
Begin MonoManager ReloadAssembly
- Loaded All Assemblies, in  0.397 seconds
Native extension for WindowsStandalone target not found
Native extension for WebGL target not found
[Package Manager] Server::EnsureServerProcessIsRunning -- launch failed, reason: Unity was launched with the -noUpm command-line argument
[Package Manager] UpmClient::Send -- Unable to send message (not connected to UPM process).
[Package Manager] Cannot connect to Unity Package Manager local server
Mono: successfully reloaded assembly
- Finished resetting the current domain, in  0.875 seconds
Domain Reload Profiling: 1270ms
	BeginReloadAssembly (141ms)
		ExecutionOrderSort (0ms)
		DisableScriptedObjects (4ms)
		BackupInstance (0ms)
		ReleaseScriptingObjects (0ms)
		CreateAndSetChildDomain (29ms)
	RebuildCommonClasses (31ms)
	RebuildNativeTypeToScriptingClass (11ms)
	initialDomainReloadingComplete (30ms)
	LoadAllAssembliesAndSetupDomain (182ms)
		LoadAssemblies (247ms)
		RebuildTransferFunctionScriptingTraits (0ms)
		AnalyzeDomain (13ms)
			TypeCache.Refresh (5ms)
				TypeCache.ScanAssembly (0ms)
			ScanForSourceGeneratedMonoScriptInfo (0ms)
			ResolveRequiredComponents (6ms)
	FinalizeReload (875ms)
		ReleaseScriptCaches (0ms)
		RebuildScriptCaches (0ms)
		SetupLoadedEditorAssemblies (458ms)
			LogAssemblyErrors (0ms)
			InitializePlatformSupportModulesInManaged (8ms)
			SetLoadedEditorAssemblies (3ms)
			RefreshPlugins (0ms)
			BeforeProcessingInitializeOnLoad (63ms)
			ProcessInitializeOnLoadAttributes (354ms)
			ProcessInitializeOnLoadMethodAttributes (22ms)
			AfterProcessingInitializeOnLoad (8ms)
			EditorAssembliesLoaded (0ms)
		ExecutionOrderSort2 (0ms)
		AwakeInstancesAfterBackupRestoration (7ms)
Refreshing native plugins compatible for Editor in 3.58 ms, found 3 plugins.
Preloading 0 native plugins for Editor in 0.00 ms.
Unloading 3128 Unused Serialized files (Serialized files now loaded: 0)
Unloading 14 unused Assets / (28.6 KB). Loaded Objects now: 3741.
Memory consumption went from 134.7 MB to 134.6 MB.
Total: 2.943800 ms (FindLiveObjects: 0.347300 ms CreateObjectMapping: 0.085900 ms MarkObjects: 2.466700 ms  DeleteObjects: 0.043000 ms)

Prepare: number of updated asset objects reloaded= 0
AssetImportParameters requested are different than current active one (requested -> active):
  custom:container-demuxer-ogg: 62fdf1f143b41e24485cea50d1cbac27 -> 
  custom:scripting/monoscript/fileName/GameManager.cs: f6182d712e34e20e3202214886862cdb -> 9933fbcc6190e2a9171c2ec8808a053e
  custom:scripting/monoscript/fileName/Income.cs: 938d875b4ea58c05495f38a939171226 -> 
  custom:video-decoder-ogg-theora: a1e56fd34408186e4bbccfd4996cb3dc -> 
  custom:framework-win-MediaFoundation: 216162199b28c13a410421893ffa2e32 -> 
  custom:scripting/monoscript/fileName/Tower.cs: 0e51d5638e1e2b20f04394d6225c671a -> 16583eaf01662413665c0a8803428cd6
  custom:scripting/monoscript/fileName/MenuFrame.cs: 575edbd0df24363ab161dfcb310542c7 -> 
  custom:scripting/monoscript/fileName/FadingText.cs: 77e5b1f06a7e356d3547dd4042e206f5 -> 
  custom:CustomObjectIndexerAttribute: 9a22284fe3817be447336de3de66b15e -> 
  custom:scripting/monoscript/fileName/Readme.cs: 5aedf578fb2663036982fb7b05aaf325 -> 
  custom:scripting/monoscript/fileName/Tooltip.cs: b7163f69ad820c51a0cfd3387a68b1d4 -> efb4e7ecf4b2142538150f2477ca1e4e
  custom:container-demuxer-webm: 4f35f7cbe854078d1ac9338744f61a02 -> 
  custom:scripting/monoscript/fileName/GoldMine.cs: bab3e2ee0cdfb32214ea1458d0239fb0 -> 
  custom:container-muxer-webm: aa71ff27fc2769a1b78a27578f13a17b -> 
  custom:scripting/monoscript/fileName/ReadmeEditor.cs: ff7ced1e41c1b99ddf5dfefc88f6bd50 -> 
  custom:video-decoder-webm-vp8: 9c59270c3fd7afecdb556c50c9e8de78 -> 
  custom:SearchIndexIgnoredProperties: e643bd26f0fe6173181afceb89e7c659 -> 
  custom:AudioImporter_EditorPlatform: d09bf68614088b80899f8185d706f6e7 -> 
  custom:scripting/monoscript/fileName/LumberMill.cs: c2d45524fbd0d6e9a670d983de5f81d7 -> 
  custom:scripting/monoscript/fileName/Slime.cs: e872c3a4bc36777cb1cc31d8379690c8 -> 05272bae05f111c6b0609e32e93d89d5
  custom:scripting/monoscript/fileName/Bar.cs: 890822e7dfd0f89892a6fd3ee944f62e -> 71c40e549b4fade8bed144aaff5a79ac
  custom:scripting/monoscript/fileName/TooltipManager.cs: 902a800de15a4facdbc6dbb1be6c1339 -> bc11dd805cb64c1c2f88cd7ae96fba24
  custom:video-encoder-webm-vp8: eb34c28f22e8b96e1ab97ce403110664 -> 
  custom:audio-decoder-ogg-vorbis: bf7c407c2cedff20999df2af8eb42d56 -> 
  custom:scripting/monoscript/fileName/Bullet.cs: 48ff13ede6c310cc0acf4a30e818a1de -> a4f5918e799041ba1f6608f13912eb8b
  custom:scripting/monoscript/fileName/TowerBuild.cs: 3807a8e615ef6a49dfd3f6bc5055a7a9 -> 9ea8b859a681512b782b9b3988d2f5f8
  custom:scripting/monoscript/fileName/Wave.cs: c8b913f1d5cb3bff026a08ce26c83aad -> 6e300e3b5d1a1dd15fa0115918e06e83
  custom:audio-encoder-webm-vorbis: bf7c407c2cedff20999df2af8eb42d56 -> 
  custom:scripting/monoscript/fileName/WaterReflection.cs: f1c57f2ce2c094032b710e8e5eb21bd7 -> 
  custom:scripting/monoscript/fileName/Tile.cs: e6480a408e34695897b31a69fad2b871 -> a94101d916c115d73aff3567a86e16d8
  custom:scripting/precompiled-assembly-types:Assembly-CSharp: c9de57360eaf86b8c89c0551fb2c903b -> e62b66366f159171f02e707cec416dc6
========================================================================
Received Prepare
Caller must complete domain reload
Begin MonoManager ReloadAssembly
- Loaded All Assemblies, in  0.396 seconds
Native extension for WindowsStandalone target not found
Native extension for WebGL target not found
[Package Manager] Server::EnsureServerProcessIsRunning -- launch failed, reason: Unity was launched with the -noUpm command-line argument
[Package Manager] UpmClient::Send -- Unable to send message (not connected to UPM process).
[Package Manager] Cannot connect to Unity Package Manager local server
Mono: successfully reloaded assembly
- Finished resetting the current domain, in  0.932 seconds
Domain Reload Profiling: 1326ms
	BeginReloadAssembly (133ms)
		ExecutionOrderSort (0ms)
		DisableScriptedObjects (4ms)
		BackupInstance (0ms)
		ReleaseScriptingObjects (0ms)
		CreateAndSetChildDomain (26ms)
	RebuildCommonClasses (32ms)
	RebuildNativeTypeToScriptingClass (12ms)
	initialDomainReloadingComplete (29ms)
	LoadAllAssembliesAndSetupDomain (188ms)
		LoadAssemblies (246ms)
		RebuildTransferFunctionScriptingTraits (0ms)
		AnalyzeDomain (13ms)
			TypeCache.Refresh (5ms)
				TypeCache.ScanAssembly (0ms)
			ScanForSourceGeneratedMonoScriptInfo (0ms)
			ResolveRequiredComponents (6ms)
	FinalizeReload (932ms)
		ReleaseScriptCaches (0ms)
		RebuildScriptCaches (0ms)
		SetupLoadedEditorAssemblies (472ms)
			LogAssemblyErrors (0ms)
			InitializePlatformSupportModulesInManaged (8ms)
			SetLoadedEditorAssemblies (3ms)
			RefreshPlugins (0ms)
			BeforeProcessingInitializeOnLoad (65ms)
			ProcessInitializeOnLoadAttributes (364ms)
			ProcessInitializeOnLoadMethodAttributes (23ms)
			AfterProcessingInitializeOnLoad (9ms)
			EditorAssembliesLoaded (0ms)
		ExecutionOrderSort2 (0ms)
		AwakeInstancesAfterBackupRestoration (8ms)
Refreshing native plugins compatible for Editor in 2.82 ms, found 3 plugins.
Preloading 0 native plugins for Editor in 0.00 ms.
Unloading 3128 Unused Serialized files (Serialized files now loaded: 0)
Unloading 14 unused Assets / (28.5 KB). Loaded Objects now: 3744.
Memory consumption went from 134.7 MB to 134.6 MB.
Total: 3.689900 ms (FindLiveObjects: 0.614600 ms CreateObjectMapping: 0.165500 ms MarkObjects: 2.835900 ms  DeleteObjects: 0.071600 ms)

Prepare: number of updated asset objects reloaded= 0
AssetImportParameters requested are different than current active one (requested -> active):
  custom:container-demuxer-ogg: 62fdf1f143b41e24485cea50d1cbac27 -> 
  custom:scripting/monoscript/fileName/GameManager.cs: f6182d712e34e20e3202214886862cdb -> 9933fbcc6190e2a9171c2ec8808a053e
  custom:scripting/monoscript/fileName/Income.cs: 938d875b4ea58c05495f38a939171226 -> 
  custom:video-decoder-ogg-theora: a1e56fd34408186e4bbccfd4996cb3dc -> 
  custom:framework-win-MediaFoundation: 216162199b28c13a410421893ffa2e32 -> 
  custom:scripting/monoscript/fileName/Tower.cs: 0e51d5638e1e2b20f04394d6225c671a -> 16583eaf01662413665c0a8803428cd6
  custom:scripting/monoscript/fileName/MenuFrame.cs: 575edbd0df24363ab161dfcb310542c7 -> 
  custom:scripting/monoscript/fileName/FadingText.cs: 77e5b1f06a7e356d3547dd4042e206f5 -> 
  custom:CustomObjectIndexerAttribute: 9a22284fe3817be447336de3de66b15e -> 
  custom:scripting/monoscript/fileName/Readme.cs: 5aedf578fb2663036982fb7b05aaf325 -> 
  custom:scripting/monoscript/fileName/Tooltip.cs: b7163f69ad820c51a0cfd3387a68b1d4 -> efb4e7ecf4b2142538150f2477ca1e4e
  custom:container-demuxer-webm: 4f35f7cbe854078d1ac9338744f61a02 -> 
  custom:scripting/monoscript/fileName/GoldMine.cs: bab3e2ee0cdfb32214ea1458d0239fb0 -> 
  custom:container-muxer-webm: aa71ff27fc2769a1b78a27578f13a17b -> 
  custom:scripting/monoscript/fileName/ReadmeEditor.cs: ff7ced1e41c1b99ddf5dfefc88f6bd50 -> 
  custom:video-decoder-webm-vp8: 9c59270c3fd7afecdb556c50c9e8de78 -> 
  custom:SearchIndexIgnoredProperties: e643bd26f0fe6173181afceb89e7c659 -> 
  custom:AudioImporter_EditorPlatform: d09bf68614088b80899f8185d706f6e7 -> 
  custom:scripting/monoscript/fileName/LumberMill.cs: c2d45524fbd0d6e9a670d983de5f81d7 -> 
  custom:scripting/monoscript/fileName/Slime.cs: e872c3a4bc36777cb1cc31d8379690c8 -> 05272bae05f111c6b0609e32e93d89d5
  custom:scripting/monoscript/fileName/Bar.cs: 890822e7dfd0f89892a6fd3ee944f62e -> 71c40e549b4fade8bed144aaff5a79ac
  custom:scripting/monoscript/fileName/TooltipManager.cs: 902a800de15a4facdbc6dbb1be6c1339 -> bc11dd805cb64c1c2f88cd7ae96fba24
  custom:video-encoder-webm-vp8: eb34c28f22e8b96e1ab97ce403110664 -> 
  custom:audio-decoder-ogg-vorbis: bf7c407c2cedff20999df2af8eb42d56 -> 
  custom:scripting/monoscript/fileName/Bullet.cs: 48ff13ede6c310cc0acf4a30e818a1de -> a4f5918e799041ba1f6608f13912eb8b
  custom:scripting/monoscript/fileName/TowerBuild.cs: 3807a8e615ef6a49dfd3f6bc5055a7a9 -> 9ea8b859a681512b782b9b3988d2f5f8
  custom:scripting/monoscript/fileName/Wave.cs: c8b913f1d5cb3bff026a08ce26c83aad -> 6e300e3b5d1a1dd15fa0115918e06e83
  custom:audio-encoder-webm-vorbis: bf7c407c2cedff20999df2af8eb42d56 -> 
  custom:scripting/monoscript/fileName/WaterReflection.cs: f1c57f2ce2c094032b710e8e5eb21bd7 -> 
  custom:scripting/monoscript/fileName/Tile.cs: e6480a408e34695897b31a69fad2b871 -> a94101d916c115d73aff3567a86e16d8
  custom:scripting/precompiled-assembly-types:Assembly-CSharp: c9de57360eaf86b8c89c0551fb2c903b -> e62b66366f159171f02e707cec416dc6
========================================================================
Received Prepare
Caller must complete domain reload
Begin MonoManager ReloadAssembly
- Loaded All Assemblies, in  0.407 seconds
Native extension for WindowsStandalone target not found
Native extension for WebGL target not found
[Package Manager] Server::EnsureServerProcessIsRunning -- launch failed, reason: Unity was launched with the -noUpm command-line argument
[Package Manager] UpmClient::Send -- Unable to send message (not connected to UPM process).
[Package Manager] Cannot connect to Unity Package Manager local server
Mono: successfully reloaded assembly
- Finished resetting the current domain, in  0.824 seconds
Domain Reload Profiling: 1229ms
	BeginReloadAssembly (141ms)
		ExecutionOrderSort (0ms)
		DisableScriptedObjects (4ms)
		BackupInstance (0ms)
		ReleaseScriptingObjects (0ms)
		CreateAndSetChildDomain (28ms)
	RebuildCommonClasses (32ms)
	RebuildNativeTypeToScriptingClass (16ms)
	initialDomainReloadingComplete (27ms)
	LoadAllAssembliesAndSetupDomain (189ms)
		LoadAssemblies (244ms)
		RebuildTransferFunctionScriptingTraits (0ms)
		AnalyzeDomain (21ms)
			TypeCache.Refresh (8ms)
				TypeCache.ScanAssembly (1ms)
			ScanForSourceGeneratedMonoScriptInfo (6ms)
			ResolveRequiredComponents (5ms)
	FinalizeReload (824ms)
		ReleaseScriptCaches (0ms)
		RebuildScriptCaches (0ms)
		SetupLoadedEditorAssemblies (401ms)
			LogAssemblyErrors (0ms)
			InitializePlatformSupportModulesInManaged (8ms)
			SetLoadedEditorAssemblies (3ms)
			RefreshPlugins (0ms)
			BeforeProcessingInitializeOnLoad (58ms)
			ProcessInitializeOnLoadAttributes (302ms)
			ProcessInitializeOnLoadMethodAttributes (22ms)
			AfterProcessingInitializeOnLoad (9ms)
			EditorAssembliesLoaded (0ms)
		ExecutionOrderSort2 (0ms)
		AwakeInstancesAfterBackupRestoration (6ms)
Refreshing native plugins compatible for Editor in 2.84 ms, found 3 plugins.
Preloading 0 native plugins for Editor in 0.00 ms.
Unloading 3128 Unused Serialized files (Serialized files now loaded: 0)
Unloading 14 unused Assets / (28.5 KB). Loaded Objects now: 3747.
Memory consumption went from 134.7 MB to 134.6 MB.
Total: 2.813500 ms (FindLiveObjects: 0.292400 ms CreateObjectMapping: 0.085600 ms MarkObjects: 2.331000 ms  DeleteObjects: 0.103600 ms)

Prepare: number of updated asset objects reloaded= 0
AssetImportParameters requested are different than current active one (requested -> active):
  custom:container-demuxer-ogg: 62fdf1f143b41e24485cea50d1cbac27 -> 
  custom:scripting/monoscript/fileName/GameManager.cs: f6182d712e34e20e3202214886862cdb -> 9933fbcc6190e2a9171c2ec8808a053e
  custom:scripting/monoscript/fileName/Income.cs: 938d875b4ea58c05495f38a939171226 -> 
  custom:video-decoder-ogg-theora: a1e56fd34408186e4bbccfd4996cb3dc -> 
  custom:framework-win-MediaFoundation: 216162199b28c13a410421893ffa2e32 -> 
  custom:scripting/monoscript/fileName/Tower.cs: 0e51d5638e1e2b20f04394d6225c671a -> 16583eaf01662413665c0a8803428cd6
  custom:scripting/monoscript/fileName/MenuFrame.cs: 575edbd0df24363ab161dfcb310542c7 -> 
  custom:scripting/monoscript/fileName/FadingText.cs: 77e5b1f06a7e356d3547dd4042e206f5 -> 
  custom:CustomObjectIndexerAttribute: 9a22284fe3817be447336de3de66b15e -> 
  custom:scripting/monoscript/fileName/Readme.cs: 5aedf578fb2663036982fb7b05aaf325 -> 
  custom:scripting/monoscript/fileName/Tooltip.cs: b7163f69ad820c51a0cfd3387a68b1d4 -> efb4e7ecf4b2142538150f2477ca1e4e
  custom:container-demuxer-webm: 4f35f7cbe854078d1ac9338744f61a02 -> 
  custom:scripting/monoscript/fileName/GoldMine.cs: bab3e2ee0cdfb32214ea1458d0239fb0 -> 
  custom:container-muxer-webm: aa71ff27fc2769a1b78a27578f13a17b -> 
  custom:scripting/monoscript/fileName/ReadmeEditor.cs: ff7ced1e41c1b99ddf5dfefc88f6bd50 -> 
  custom:video-decoder-webm-vp8: 9c59270c3fd7afecdb556c50c9e8de78 -> 
  custom:SearchIndexIgnoredProperties: e643bd26f0fe6173181afceb89e7c659 -> 
  custom:AudioImporter_EditorPlatform: d09bf68614088b80899f8185d706f6e7 -> 
  custom:scripting/monoscript/fileName/LumberMill.cs: c2d45524fbd0d6e9a670d983de5f81d7 -> 
  custom:scripting/monoscript/fileName/Slime.cs: e872c3a4bc36777cb1cc31d8379690c8 -> 05272bae05f111c6b0609e32e93d89d5
  custom:scripting/monoscript/fileName/Bar.cs: 890822e7dfd0f89892a6fd3ee944f62e -> 71c40e549b4fade8bed144aaff5a79ac
  custom:scripting/monoscript/fileName/TooltipManager.cs: 902a800de15a4facdbc6dbb1be6c1339 -> bc11dd805cb64c1c2f88cd7ae96fba24
  custom:video-encoder-webm-vp8: eb34c28f22e8b96e1ab97ce403110664 -> 
  custom:audio-decoder-ogg-vorbis: bf7c407c2cedff20999df2af8eb42d56 -> 
  custom:scripting/monoscript/fileName/Bullet.cs: 48ff13ede6c310cc0acf4a30e818a1de -> a4f5918e799041ba1f6608f13912eb8b
  custom:scripting/monoscript/fileName/TowerBuild.cs: 3807a8e615ef6a49dfd3f6bc5055a7a9 -> 9ea8b859a681512b782b9b3988d2f5f8
  custom:scripting/monoscript/fileName/Wave.cs: c8b913f1d5cb3bff026a08ce26c83aad -> 6e300e3b5d1a1dd15fa0115918e06e83
  custom:audio-encoder-webm-vorbis: bf7c407c2cedff20999df2af8eb42d56 -> 
  custom:scripting/monoscript/fileName/WaterReflection.cs: f1c57f2ce2c094032b710e8e5eb21bd7 -> 
  custom:scripting/monoscript/fileName/Tile.cs: e6480a408e34695897b31a69fad2b871 -> a94101d916c115d73aff3567a86e16d8
  custom:scripting/precompiled-assembly-types:Assembly-CSharp: c9de57360eaf86b8c89c0551fb2c903b -> e62b66366f159171f02e707cec416dc6
========================================================================
Received Prepare
Caller must complete domain reload
Begin MonoManager ReloadAssembly
- Loaded All Assemblies, in  0.398 seconds
Native extension for WindowsStandalone target not found
Native extension for WebGL target not found
[Package Manager] Server::EnsureServerProcessIsRunning -- launch failed, reason: Unity was launched with the -noUpm command-line argument
[Package Manager] UpmClient::Send -- Unable to send message (not connected to UPM process).
[Package Manager] Cannot connect to Unity Package Manager local server
Mono: successfully reloaded assembly
- Finished resetting the current domain, in  0.908 seconds
Domain Reload Profiling: 1303ms
	BeginReloadAssembly (134ms)
		ExecutionOrderSort (0ms)
		DisableScriptedObjects (5ms)
		BackupInstance (0ms)
		ReleaseScriptingObjects (0ms)
		CreateAndSetChildDomain (27ms)
	RebuildCommonClasses (33ms)
	RebuildNativeTypeToScriptingClass (12ms)
	initialDomainReloadingComplete (28ms)
	LoadAllAssembliesAndSetupDomain (187ms)
		LoadAssemblies (246ms)
		RebuildTransferFunctionScriptingTraits (0ms)
		AnalyzeDomain (14ms)
			TypeCache.Refresh (6ms)
				TypeCache.ScanAssembly (0ms)
			ScanForSourceGeneratedMonoScriptInfo (0ms)
			ResolveRequiredComponents (6ms)
	FinalizeReload (908ms)
		ReleaseScriptCaches (0ms)
		RebuildScriptCaches (0ms)
		SetupLoadedEditorAssemblies (475ms)
			LogAssemblyErrors (0ms)
			InitializePlatformSupportModulesInManaged (8ms)
			SetLoadedEditorAssemblies (4ms)
			RefreshPlugins (0ms)
			BeforeProcessingInitializeOnLoad (63ms)
			ProcessInitializeOnLoadAttributes (368ms)
			ProcessInitializeOnLoadMethodAttributes (23ms)
			AfterProcessingInitializeOnLoad (9ms)
			EditorAssembliesLoaded (0ms)
		ExecutionOrderSort2 (0ms)
		AwakeInstancesAfterBackupRestoration (7ms)
Refreshing native plugins compatible for Editor in 2.95 ms, found 3 plugins.
Preloading 0 native plugins for Editor in 0.00 ms.
Unloading 3128 Unused Serialized files (Serialized files now loaded: 0)
Unloading 14 unused Assets / (28.7 KB). Loaded Objects now: 3750.
Memory consumption went from 134.7 MB to 134.6 MB.
Total: 2.858200 ms (FindLiveObjects: 0.312100 ms CreateObjectMapping: 0.116100 ms MarkObjects: 2.383200 ms  DeleteObjects: 0.046000 ms)

Prepare: number of updated asset objects reloaded= 0
AssetImportParameters requested are different than current active one (requested -> active):
  custom:container-demuxer-ogg: 62fdf1f143b41e24485cea50d1cbac27 -> 
  custom:scripting/monoscript/fileName/GameManager.cs: f6182d712e34e20e3202214886862cdb -> 9933fbcc6190e2a9171c2ec8808a053e
  custom:scripting/monoscript/fileName/Income.cs: 938d875b4ea58c05495f38a939171226 -> 
  custom:video-decoder-ogg-theora: a1e56fd34408186e4bbccfd4996cb3dc -> 
  custom:framework-win-MediaFoundation: 216162199b28c13a410421893ffa2e32 -> 
  custom:scripting/monoscript/fileName/Tower.cs: 0e51d5638e1e2b20f04394d6225c671a -> 16583eaf01662413665c0a8803428cd6
  custom:scripting/monoscript/fileName/MenuFrame.cs: 575edbd0df24363ab161dfcb310542c7 -> 
  custom:scripting/monoscript/fileName/FadingText.cs: 77e5b1f06a7e356d3547dd4042e206f5 -> 
  custom:CustomObjectIndexerAttribute: 9a22284fe3817be447336de3de66b15e -> 
  custom:scripting/monoscript/fileName/Readme.cs: 5aedf578fb2663036982fb7b05aaf325 -> 
  custom:scripting/monoscript/fileName/Tooltip.cs: b7163f69ad820c51a0cfd3387a68b1d4 -> efb4e7ecf4b2142538150f2477ca1e4e
  custom:container-demuxer-webm: 4f35f7cbe854078d1ac9338744f61a02 -> 
  custom:scripting/monoscript/fileName/GoldMine.cs: bab3e2ee0cdfb32214ea1458d0239fb0 -> 
  custom:container-muxer-webm: aa71ff27fc2769a1b78a27578f13a17b -> 
  custom:scripting/monoscript/fileName/ReadmeEditor.cs: ff7ced1e41c1b99ddf5dfefc88f6bd50 -> 
  custom:video-decoder-webm-vp8: 9c59270c3fd7afecdb556c50c9e8de78 -> 
  custom:SearchIndexIgnoredProperties: e643bd26f0fe6173181afceb89e7c659 -> 
  custom:AudioImporter_EditorPlatform: d09bf68614088b80899f8185d706f6e7 -> 
  custom:scripting/monoscript/fileName/LumberMill.cs: c2d45524fbd0d6e9a670d983de5f81d7 -> 
  custom:scripting/monoscript/fileName/Slime.cs: e872c3a4bc36777cb1cc31d8379690c8 -> 05272bae05f111c6b0609e32e93d89d5
  custom:scripting/monoscript/fileName/Bar.cs: 890822e7dfd0f89892a6fd3ee944f62e -> 71c40e549b4fade8bed144aaff5a79ac
  custom:scripting/monoscript/fileName/TooltipManager.cs: 902a800de15a4facdbc6dbb1be6c1339 -> bc11dd805cb64c1c2f88cd7ae96fba24
  custom:video-encoder-webm-vp8: eb34c28f22e8b96e1ab97ce403110664 -> 
  custom:audio-decoder-ogg-vorbis: bf7c407c2cedff20999df2af8eb42d56 -> 
  custom:scripting/monoscript/fileName/Bullet.cs: 48ff13ede6c310cc0acf4a30e818a1de -> a4f5918e799041ba1f6608f13912eb8b
  custom:scripting/monoscript/fileName/TowerBuild.cs: 3807a8e615ef6a49dfd3f6bc5055a7a9 -> 9ea8b859a681512b782b9b3988d2f5f8
  custom:scripting/monoscript/fileName/Wave.cs: c8b913f1d5cb3bff026a08ce26c83aad -> 6e300e3b5d1a1dd15fa0115918e06e83
  custom:audio-encoder-webm-vorbis: bf7c407c2cedff20999df2af8eb42d56 -> 
  custom:scripting/monoscript/fileName/WaterReflection.cs: f1c57f2ce2c094032b710e8e5eb21bd7 -> 
  custom:scripting/monoscript/fileName/Tile.cs: e6480a408e34695897b31a69fad2b871 -> a94101d916c115d73aff3567a86e16d8
  custom:scripting/precompiled-assembly-types:Assembly-CSharp: c9de57360eaf86b8c89c0551fb2c903b -> e62b66366f159171f02e707cec416dc6
========================================================================
Received Import Request.
  Time since last request: 352.443200 seconds.
  path: Assets/Prefabs/UI/WoodIncomeText.prefab
  artifactKey: Guid(1bf1730f5c56f4d4aaa515759879260d) Importer(815301076,1909f56bfc062723c751e8b465ee728b)
Start importing Assets/Prefabs/UI/WoodIncomeText.prefab using Guid(1bf1730f5c56f4d4aaa515759879260d) Importer(815301076,1909f56bfc062723c751e8b465ee728b) [PhysX] Initialized MultithreadedTaskDispatcher with 12 workers.
 -> (artifact id: '9a71f579055fce592398ed3eef48aa5c') in 0.001999 seconds
Number of updated asset objects reloaded before import = 0
Number of asset objects unloaded after import = 0
========================================================================
Received Prepare
Caller must complete domain reload
Begin MonoManager ReloadAssembly
- Loaded All Assemblies, in  0.475 seconds
Native extension for WindowsStandalone target not found
Native extension for WebGL target not found
[Package Manager] Server::EnsureServerProcessIsRunning -- launch failed, reason: Unity was launched with the -noUpm command-line argument
[Package Manager] UpmClient::Send -- Unable to send message (not connected to UPM process).
[Package Manager] Cannot connect to Unity Package Manager local server
Mono: successfully reloaded assembly
- Finished resetting the current domain, in  0.870 seconds
Domain Reload Profiling: 1342ms
	BeginReloadAssembly (191ms)
		ExecutionOrderSort (0ms)
		DisableScriptedObjects (5ms)
		BackupInstance (0ms)
		ReleaseScriptingObjects (0ms)
		CreateAndSetChildDomain (31ms)
	RebuildCommonClasses (42ms)
	RebuildNativeTypeToScriptingClass (11ms)
	initialDomainReloadingComplete (28ms)
	LoadAllAssembliesAndSetupDomain (199ms)
		LoadAssemblies (292ms)
		RebuildTransferFunctionScriptingTraits (0ms)
		AnalyzeDomain (21ms)
			TypeCache.Refresh (8ms)
				TypeCache.ScanAssembly (1ms)
			ScanForSourceGeneratedMonoScriptInfo (6ms)
			ResolveRequiredComponents (5ms)
	FinalizeReload (870ms)
		ReleaseScriptCaches (0ms)
		RebuildScriptCaches (0ms)
		SetupLoadedEditorAssemblies (421ms)
			LogAssemblyErrors (0ms)
			InitializePlatformSupportModulesInManaged (8ms)
			SetLoadedEditorAssemblies (3ms)
			RefreshPlugins (0ms)
			BeforeProcessingInitializeOnLoad (58ms)
			ProcessInitializeOnLoadAttributes (322ms)
			ProcessInitializeOnLoadMethodAttributes (21ms)
			AfterProcessingInitializeOnLoad (10ms)
			EditorAssembliesLoaded (0ms)
		ExecutionOrderSort2 (0ms)
		AwakeInstancesAfterBackupRestoration (7ms)
Refreshing native plugins compatible for Editor in 2.88 ms, found 3 plugins.
Preloading 0 native plugins for Editor in 0.00 ms.
Unloading 3127 Unused Serialized files (Serialized files now loaded: 0)
Unloading 14 unused Assets / (28.6 KB). Loaded Objects now: 3753.
Memory consumption went from 134.4 MB to 134.4 MB.
Total: 2.745800 ms (FindLiveObjects: 0.323700 ms CreateObjectMapping: 0.085200 ms MarkObjects: 2.294500 ms  DeleteObjects: 0.041400 ms)

Prepare: number of updated asset objects reloaded= 0
AssetImportParameters requested are different than current active one (requested -> active):
  custom:container-demuxer-ogg: 62fdf1f143b41e24485cea50d1cbac27 -> 
  custom:scripting/monoscript/fileName/GameManager.cs: f6182d712e34e20e3202214886862cdb -> 9933fbcc6190e2a9171c2ec8808a053e
  custom:scripting/monoscript/fileName/Income.cs: 938d875b4ea58c05495f38a939171226 -> 
  custom:video-decoder-ogg-theora: a1e56fd34408186e4bbccfd4996cb3dc -> 
  custom:framework-win-MediaFoundation: 216162199b28c13a410421893ffa2e32 -> 
  custom:scripting/monoscript/fileName/Tower.cs: 0e51d5638e1e2b20f04394d6225c671a -> 16583eaf01662413665c0a8803428cd6
  custom:scripting/monoscript/fileName/MenuFrame.cs: 575edbd0df24363ab161dfcb310542c7 -> 
  custom:scripting/monoscript/fileName/FadingText.cs: 77e5b1f06a7e356d3547dd4042e206f5 -> 
  custom:CustomObjectIndexerAttribute: 9a22284fe3817be447336de3de66b15e -> 
  custom:scripting/monoscript/fileName/Readme.cs: 5aedf578fb2663036982fb7b05aaf325 -> 
  custom:scripting/monoscript/fileName/Tooltip.cs: b7163f69ad820c51a0cfd3387a68b1d4 -> efb4e7ecf4b2142538150f2477ca1e4e
  custom:container-demuxer-webm: 4f35f7cbe854078d1ac9338744f61a02 -> 
  custom:scripting/monoscript/fileName/GoldMine.cs: bab3e2ee0cdfb32214ea1458d0239fb0 -> 
  custom:container-muxer-webm: aa71ff27fc2769a1b78a27578f13a17b -> 
  custom:scripting/monoscript/fileName/ReadmeEditor.cs: ff7ced1e41c1b99ddf5dfefc88f6bd50 -> 
  custom:video-decoder-webm-vp8: 9c59270c3fd7afecdb556c50c9e8de78 -> 
  custom:SearchIndexIgnoredProperties: e643bd26f0fe6173181afceb89e7c659 -> 
  custom:AudioImporter_EditorPlatform: d09bf68614088b80899f8185d706f6e7 -> 
  custom:scripting/monoscript/fileName/LumberMill.cs: c2d45524fbd0d6e9a670d983de5f81d7 -> 
  custom:scripting/monoscript/fileName/Slime.cs: e872c3a4bc36777cb1cc31d8379690c8 -> 05272bae05f111c6b0609e32e93d89d5
  custom:scripting/monoscript/fileName/Bar.cs: 890822e7dfd0f89892a6fd3ee944f62e -> 71c40e549b4fade8bed144aaff5a79ac
  custom:scripting/monoscript/fileName/TooltipManager.cs: 902a800de15a4facdbc6dbb1be6c1339 -> bc11dd805cb64c1c2f88cd7ae96fba24
  custom:video-encoder-webm-vp8: eb34c28f22e8b96e1ab97ce403110664 -> 
  custom:audio-decoder-ogg-vorbis: bf7c407c2cedff20999df2af8eb42d56 -> 
  custom:scripting/monoscript/fileName/Bullet.cs: 48ff13ede6c310cc0acf4a30e818a1de -> a4f5918e799041ba1f6608f13912eb8b
  custom:scripting/monoscript/fileName/TowerBuild.cs: 3807a8e615ef6a49dfd3f6bc5055a7a9 -> 9ea8b859a681512b782b9b3988d2f5f8
  custom:scripting/monoscript/fileName/Wave.cs: c8b913f1d5cb3bff026a08ce26c83aad -> 6e300e3b5d1a1dd15fa0115918e06e83
  custom:audio-encoder-webm-vorbis: bf7c407c2cedff20999df2af8eb42d56 -> 
  custom:scripting/monoscript/fileName/WaterReflection.cs: f1c57f2ce2c094032b710e8e5eb21bd7 -> 
  custom:scripting/monoscript/fileName/Tile.cs: e6480a408e34695897b31a69fad2b871 -> a94101d916c115d73aff3567a86e16d8
  custom:scripting/precompiled-assembly-types:Assembly-CSharp: c9de57360eaf86b8c89c0551fb2c903b -> e62b66366f159171f02e707cec416dc6
========================================================================
Received Prepare
Caller must complete domain reload
Begin MonoManager ReloadAssembly
- Loaded All Assemblies, in  0.396 seconds
Native extension for WindowsStandalone target not found
Native extension for WebGL target not found
[Package Manager] Server::EnsureServerProcessIsRunning -- launch failed, reason: Unity was launched with the -noUpm command-line argument
[Package Manager] UpmClient::Send -- Unable to send message (not connected to UPM process).
[Package Manager] Cannot connect to Unity Package Manager local server
Mono: successfully reloaded assembly
- Finished resetting the current domain, in  0.892 seconds
Domain Reload Profiling: 1285ms
	BeginReloadAssembly (137ms)
		ExecutionOrderSort (0ms)
		DisableScriptedObjects (4ms)
		BackupInstance (0ms)
		ReleaseScriptingObjects (0ms)
		CreateAndSetChildDomain (29ms)
	RebuildCommonClasses (32ms)
	RebuildNativeTypeToScriptingClass (11ms)
	initialDomainReloadingComplete (27ms)
	LoadAllAssembliesAndSetupDomain (186ms)
		LoadAssemblies (248ms)
		RebuildTransferFunctionScriptingTraits (0ms)
		AnalyzeDomain (13ms)
			TypeCache.Refresh (5ms)
				TypeCache.ScanAssembly (0ms)
			ScanForSourceGeneratedMonoScriptInfo (0ms)
			ResolveRequiredComponents (5ms)
	FinalizeReload (892ms)
		ReleaseScriptCaches (0ms)
		RebuildScriptCaches (0ms)
		SetupLoadedEditorAssemblies (442ms)
			LogAssemblyErrors (0ms)
			InitializePlatformSupportModulesInManaged (8ms)
			SetLoadedEditorAssemblies (3ms)
			RefreshPlugins (0ms)
			BeforeProcessingInitializeOnLoad (62ms)
			ProcessInitializeOnLoadAttributes (338ms)
			ProcessInitializeOnLoadMethodAttributes (22ms)
			AfterProcessingInitializeOnLoad (9ms)
			EditorAssembliesLoaded (0ms)
		ExecutionOrderSort2 (0ms)
		AwakeInstancesAfterBackupRestoration (8ms)
Refreshing native plugins compatible for Editor in 4.80 ms, found 3 plugins.
Preloading 0 native plugins for Editor in 0.00 ms.
Unloading 3128 Unused Serialized files (Serialized files now loaded: 0)
Unloading 14 unused Assets / (28.6 KB). Loaded Objects now: 3756.
Memory consumption went from 134.7 MB to 134.6 MB.
Total: 2.902900 ms (FindLiveObjects: 0.375100 ms CreateObjectMapping: 0.087000 ms MarkObjects: 2.402900 ms  DeleteObjects: 0.037100 ms)

Prepare: number of updated asset objects reloaded= 0
AssetImportParameters requested are different than current active one (requested -> active):
  custom:container-demuxer-ogg: 62fdf1f143b41e24485cea50d1cbac27 -> 
  custom:scripting/monoscript/fileName/GameManager.cs: f6182d712e34e20e3202214886862cdb -> 9933fbcc6190e2a9171c2ec8808a053e
  custom:scripting/monoscript/fileName/Income.cs: 938d875b4ea58c05495f38a939171226 -> 
  custom:video-decoder-ogg-theora: a1e56fd34408186e4bbccfd4996cb3dc -> 
  custom:framework-win-MediaFoundation: 216162199b28c13a410421893ffa2e32 -> 
  custom:scripting/monoscript/fileName/Tower.cs: 0e51d5638e1e2b20f04394d6225c671a -> 16583eaf01662413665c0a8803428cd6
  custom:scripting/monoscript/fileName/MenuFrame.cs: 575edbd0df24363ab161dfcb310542c7 -> 
  custom:scripting/monoscript/fileName/FadingText.cs: 77e5b1f06a7e356d3547dd4042e206f5 -> 
  custom:CustomObjectIndexerAttribute: 9a22284fe3817be447336de3de66b15e -> 
  custom:scripting/monoscript/fileName/Readme.cs: 5aedf578fb2663036982fb7b05aaf325 -> 
  custom:scripting/monoscript/fileName/Tooltip.cs: b7163f69ad820c51a0cfd3387a68b1d4 -> efb4e7ecf4b2142538150f2477ca1e4e
  custom:container-demuxer-webm: 4f35f7cbe854078d1ac9338744f61a02 -> 
  custom:scripting/monoscript/fileName/GoldMine.cs: bab3e2ee0cdfb32214ea1458d0239fb0 -> 
  custom:container-muxer-webm: aa71ff27fc2769a1b78a27578f13a17b -> 
  custom:scripting/monoscript/fileName/ReadmeEditor.cs: ff7ced1e41c1b99ddf5dfefc88f6bd50 -> 
  custom:video-decoder-webm-vp8: 9c59270c3fd7afecdb556c50c9e8de78 -> 
  custom:SearchIndexIgnoredProperties: e643bd26f0fe6173181afceb89e7c659 -> 
  custom:AudioImporter_EditorPlatform: d09bf68614088b80899f8185d706f6e7 -> 
  custom:scripting/monoscript/fileName/LumberMill.cs: c2d45524fbd0d6e9a670d983de5f81d7 -> 
  custom:scripting/monoscript/fileName/Slime.cs: e872c3a4bc36777cb1cc31d8379690c8 -> 05272bae05f111c6b0609e32e93d89d5
  custom:scripting/monoscript/fileName/Bar.cs: 890822e7dfd0f89892a6fd3ee944f62e -> 71c40e549b4fade8bed144aaff5a79ac
  custom:scripting/monoscript/fileName/TooltipManager.cs: 902a800de15a4facdbc6dbb1be6c1339 -> bc11dd805cb64c1c2f88cd7ae96fba24
  custom:video-encoder-webm-vp8: eb34c28f22e8b96e1ab97ce403110664 -> 
  custom:audio-decoder-ogg-vorbis: bf7c407c2cedff20999df2af8eb42d56 -> 
  custom:scripting/monoscript/fileName/Bullet.cs: 48ff13ede6c310cc0acf4a30e818a1de -> a4f5918e799041ba1f6608f13912eb8b
  custom:scripting/monoscript/fileName/TowerBuild.cs: 3807a8e615ef6a49dfd3f6bc5055a7a9 -> 9ea8b859a681512b782b9b3988d2f5f8
  custom:scripting/monoscript/fileName/Wave.cs: c8b913f1d5cb3bff026a08ce26c83aad -> 6e300e3b5d1a1dd15fa0115918e06e83
  custom:audio-encoder-webm-vorbis: bf7c407c2cedff20999df2af8eb42d56 -> 
  custom:scripting/monoscript/fileName/WaterReflection.cs: f1c57f2ce2c094032b710e8e5eb21bd7 -> 
  custom:scripting/monoscript/fileName/Tile.cs: e6480a408e34695897b31a69fad2b871 -> a94101d916c115d73aff3567a86e16d8
  custom:scripting/precompiled-assembly-types:Assembly-CSharp: c9de57360eaf86b8c89c0551fb2c903b -> e62b66366f159171f02e707cec416dc6
========================================================================
Received Import Request.
  Time since last request: 8.600629 seconds.
  path: Assets/Prefabs/UI/WoodIncomeText.prefab
  artifactKey: Guid(1bf1730f5c56f4d4aaa515759879260d) Importer(815301076,1909f56bfc062723c751e8b465ee728b)
Start importing Assets/Prefabs/UI/WoodIncomeText.prefab using Guid(1bf1730f5c56f4d4aaa515759879260d) Importer(815301076,1909f56bfc062723c751e8b465ee728b) [PhysX] Initialized MultithreadedTaskDispatcher with 12 workers.
 -> (artifact id: '9a71f579055fce592398ed3eef48aa5c') in 0.002449 seconds
Number of updated asset objects reloaded before import = 0
Number of asset objects unloaded after import = 0
========================================================================
Received Import Request.
  Time since last request: 0.000023 seconds.
  path: Assets/Prefabs/UI/GoldIncomeText.prefab
  artifactKey: Guid(bc113bf969e9c60459f3c0ed97a94aad) Importer(815301076,1909f56bfc062723c751e8b465ee728b)
Start importing Assets/Prefabs/UI/GoldIncomeText.prefab using Guid(bc113bf969e9c60459f3c0ed97a94aad) Importer(815301076,1909f56bfc062723c751e8b465ee728b) [PhysX] Initialized MultithreadedTaskDispatcher with 12 workers.
 -> (artifact id: 'd51a4c6b68d7a9c552d9aa9788b4c97a') in 0.000475 seconds
Number of updated asset objects reloaded before import = 0
Number of asset objects unloaded after import = 0
========================================================================
Received Prepare
Caller must complete domain reload
Begin MonoManager ReloadAssembly
- Loaded All Assemblies, in  0.422 seconds
Native extension for WindowsStandalone target not found
Native extension for WebGL target not found
[Package Manager] Server::EnsureServerProcessIsRunning -- launch failed, reason: Unity was launched with the -noUpm command-line argument
[Package Manager] UpmClient::Send -- Unable to send message (not connected to UPM process).
[Package Manager] Cannot connect to Unity Package Manager local server
Mono: successfully reloaded assembly
- Finished resetting the current domain, in  0.886 seconds
Domain Reload Profiling: 1307ms
	BeginReloadAssembly (152ms)
		ExecutionOrderSort (0ms)
		DisableScriptedObjects (4ms)
		BackupInstance (0ms)
		ReleaseScriptingObjects (0ms)
		CreateAndSetChildDomain (28ms)
	RebuildCommonClasses (39ms)
	RebuildNativeTypeToScriptingClass (11ms)
	initialDomainReloadingComplete (30ms)
	LoadAllAssembliesAndSetupDomain (188ms)
		LoadAssemblies (265ms)
		RebuildTransferFunctionScriptingTraits (0ms)
		AnalyzeDomain (13ms)
			TypeCache.Refresh (5ms)
				TypeCache.ScanAssembly (0ms)
			ScanForSourceGeneratedMonoScriptInfo (0ms)
			ResolveRequiredComponents (5ms)
	FinalizeReload (887ms)
		ReleaseScriptCaches (0ms)
		RebuildScriptCaches (0ms)
		SetupLoadedEditorAssemblies (446ms)
			LogAssemblyErrors (0ms)
			InitializePlatformSupportModulesInManaged (8ms)
			SetLoadedEditorAssemblies (3ms)
			RefreshPlugins (0ms)
			BeforeProcessingInitializeOnLoad (62ms)
			ProcessInitializeOnLoadAttributes (342ms)
			ProcessInitializeOnLoadMethodAttributes (21ms)
			AfterProcessingInitializeOnLoad (9ms)
			EditorAssembliesLoaded (0ms)
		ExecutionOrderSort2 (0ms)
		AwakeInstancesAfterBackupRestoration (7ms)
Refreshing native plugins compatible for Editor in 3.15 ms, found 3 plugins.
Preloading 0 native plugins for Editor in 0.00 ms.
Unloading 3127 Unused Serialized files (Serialized files now loaded: 0)
Unloading 14 unused Assets / (28.6 KB). Loaded Objects now: 3759.
Memory consumption went from 134.4 MB to 134.4 MB.
Total: 2.685000 ms (FindLiveObjects: 0.325100 ms CreateObjectMapping: 0.091000 ms MarkObjects: 2.229900 ms  DeleteObjects: 0.038300 ms)

Prepare: number of updated asset objects reloaded= 0
AssetImportParameters requested are different than current active one (requested -> active):
  custom:container-demuxer-ogg: 62fdf1f143b41e24485cea50d1cbac27 -> 
  custom:scripting/monoscript/fileName/GameManager.cs: f6182d712e34e20e3202214886862cdb -> 9933fbcc6190e2a9171c2ec8808a053e
  custom:scripting/monoscript/fileName/Income.cs: 938d875b4ea58c05495f38a939171226 -> 
  custom:video-decoder-ogg-theora: a1e56fd34408186e4bbccfd4996cb3dc -> 
  custom:framework-win-MediaFoundation: 216162199b28c13a410421893ffa2e32 -> 
  custom:scripting/monoscript/fileName/Tower.cs: 0e51d5638e1e2b20f04394d6225c671a -> 16583eaf01662413665c0a8803428cd6
  custom:scripting/monoscript/fileName/MenuFrame.cs: 575edbd0df24363ab161dfcb310542c7 -> 
  custom:scripting/monoscript/fileName/FadingText.cs: 77e5b1f06a7e356d3547dd4042e206f5 -> 
  custom:CustomObjectIndexerAttribute: 9a22284fe3817be447336de3de66b15e -> 
  custom:scripting/monoscript/fileName/Readme.cs: 5aedf578fb2663036982fb7b05aaf325 -> 
  custom:scripting/monoscript/fileName/Tooltip.cs: b7163f69ad820c51a0cfd3387a68b1d4 -> efb4e7ecf4b2142538150f2477ca1e4e
  custom:container-demuxer-webm: 4f35f7cbe854078d1ac9338744f61a02 -> 
  custom:scripting/monoscript/fileName/GoldMine.cs: bab3e2ee0cdfb32214ea1458d0239fb0 -> 
  custom:container-muxer-webm: aa71ff27fc2769a1b78a27578f13a17b -> 
  custom:scripting/monoscript/fileName/ReadmeEditor.cs: ff7ced1e41c1b99ddf5dfefc88f6bd50 -> 
  custom:video-decoder-webm-vp8: 9c59270c3fd7afecdb556c50c9e8de78 -> 
  custom:SearchIndexIgnoredProperties: e643bd26f0fe6173181afceb89e7c659 -> 
  custom:AudioImporter_EditorPlatform: d09bf68614088b80899f8185d706f6e7 -> 
  custom:scripting/monoscript/fileName/LumberMill.cs: c2d45524fbd0d6e9a670d983de5f81d7 -> 
  custom:scripting/monoscript/fileName/Slime.cs: e872c3a4bc36777cb1cc31d8379690c8 -> 05272bae05f111c6b0609e32e93d89d5
  custom:scripting/monoscript/fileName/Bar.cs: 890822e7dfd0f89892a6fd3ee944f62e -> 71c40e549b4fade8bed144aaff5a79ac
  custom:scripting/monoscript/fileName/TooltipManager.cs: 902a800de15a4facdbc6dbb1be6c1339 -> bc11dd805cb64c1c2f88cd7ae96fba24
  custom:video-encoder-webm-vp8: eb34c28f22e8b96e1ab97ce403110664 -> 
  custom:audio-decoder-ogg-vorbis: bf7c407c2cedff20999df2af8eb42d56 -> 
  custom:scripting/monoscript/fileName/Bullet.cs: 48ff13ede6c310cc0acf4a30e818a1de -> a4f5918e799041ba1f6608f13912eb8b
  custom:scripting/monoscript/fileName/TowerBuild.cs: 3807a8e615ef6a49dfd3f6bc5055a7a9 -> 9ea8b859a681512b782b9b3988d2f5f8
  custom:scripting/monoscript/fileName/Wave.cs: c8b913f1d5cb3bff026a08ce26c83aad -> 6e300e3b5d1a1dd15fa0115918e06e83
  custom:audio-encoder-webm-vorbis: bf7c407c2cedff20999df2af8eb42d56 -> 
  custom:scripting/monoscript/fileName/WaterReflection.cs: f1c57f2ce2c094032b710e8e5eb21bd7 -> 
  custom:scripting/monoscript/fileName/Tile.cs: e6480a408e34695897b31a69fad2b871 -> a94101d916c115d73aff3567a86e16d8
  custom:scripting/precompiled-assembly-types:Assembly-CSharp: c9de57360eaf86b8c89c0551fb2c903b -> e62b66366f159171f02e707cec416dc6
========================================================================
Received Prepare
Caller must complete domain reload
Begin MonoManager ReloadAssembly
- Loaded All Assemblies, in  0.418 seconds
Native extension for WindowsStandalone target not found
Native extension for WebGL target not found
[Package Manager] Server::EnsureServerProcessIsRunning -- launch failed, reason: Unity was launched with the -noUpm command-line argument
[Package Manager] UpmClient::Send -- Unable to send message (not connected to UPM process).
[Package Manager] Cannot connect to Unity Package Manager local server
Mono: successfully reloaded assembly
- Finished resetting the current domain, in  0.911 seconds
Domain Reload Profiling: 1325ms
	BeginReloadAssembly (145ms)
		ExecutionOrderSort (0ms)
		DisableScriptedObjects (4ms)
		BackupInstance (0ms)
		ReleaseScriptingObjects (0ms)
		CreateAndSetChildDomain (27ms)
	RebuildCommonClasses (31ms)
	RebuildNativeTypeToScriptingClass (11ms)
	initialDomainReloadingComplete (29ms)
	LoadAllAssembliesAndSetupDomain (197ms)
		LoadAssemblies (269ms)
		RebuildTransferFunctionScriptingTraits (0ms)
		AnalyzeDomain (13ms)
			TypeCache.Refresh (5ms)
				TypeCache.ScanAssembly (0ms)
			ScanForSourceGeneratedMonoScriptInfo (0ms)
			ResolveRequiredComponents (6ms)
	FinalizeReload (911ms)
		ReleaseScriptCaches (0ms)
		RebuildScriptCaches (0ms)
		SetupLoadedEditorAssemblies (446ms)
			LogAssemblyErrors (0ms)
			InitializePlatformSupportModulesInManaged (8ms)
			SetLoadedEditorAssemblies (3ms)
			RefreshPlugins (0ms)
			BeforeProcessingInitializeOnLoad (59ms)
			ProcessInitializeOnLoadAttributes (345ms)
			ProcessInitializeOnLoadMethodAttributes (21ms)
			AfterProcessingInitializeOnLoad (9ms)
			EditorAssembliesLoaded (0ms)
		ExecutionOrderSort2 (0ms)
		AwakeInstancesAfterBackupRestoration (7ms)
Refreshing native plugins compatible for Editor in 3.17 ms, found 3 plugins.
Preloading 0 native plugins for Editor in 0.00 ms.
Unloading 3128 Unused Serialized files (Serialized files now loaded: 0)
Unloading 14 unused Assets / (28.5 KB). Loaded Objects now: 3762.
Memory consumption went from 134.7 MB to 134.6 MB.
Total: 2.640300 ms (FindLiveObjects: 0.314700 ms CreateObjectMapping: 0.083500 ms MarkObjects: 2.204200 ms  DeleteObjects: 0.036500 ms)

Prepare: number of updated asset objects reloaded= 0
AssetImportParameters requested are different than current active one (requested -> active):
  custom:container-demuxer-ogg: 62fdf1f143b41e24485cea50d1cbac27 -> 
  custom:scripting/monoscript/fileName/GameManager.cs: f6182d712e34e20e3202214886862cdb -> 9933fbcc6190e2a9171c2ec8808a053e
  custom:scripting/monoscript/fileName/Income.cs: 938d875b4ea58c05495f38a939171226 -> 
  custom:video-decoder-ogg-theora: a1e56fd34408186e4bbccfd4996cb3dc -> 
  custom:framework-win-MediaFoundation: 216162199b28c13a410421893ffa2e32 -> 
  custom:scripting/monoscript/fileName/Tower.cs: 0e51d5638e1e2b20f04394d6225c671a -> 16583eaf01662413665c0a8803428cd6
  custom:scripting/monoscript/fileName/MenuFrame.cs: 575edbd0df24363ab161dfcb310542c7 -> 
  custom:scripting/monoscript/fileName/FadingText.cs: 77e5b1f06a7e356d3547dd4042e206f5 -> 
  custom:CustomObjectIndexerAttribute: 9a22284fe3817be447336de3de66b15e -> 
  custom:scripting/monoscript/fileName/Readme.cs: 5aedf578fb2663036982fb7b05aaf325 -> 
  custom:scripting/monoscript/fileName/Tooltip.cs: b7163f69ad820c51a0cfd3387a68b1d4 -> efb4e7ecf4b2142538150f2477ca1e4e
  custom:container-demuxer-webm: 4f35f7cbe854078d1ac9338744f61a02 -> 
  custom:scripting/monoscript/fileName/GoldMine.cs: bab3e2ee0cdfb32214ea1458d0239fb0 -> 
  custom:container-muxer-webm: aa71ff27fc2769a1b78a27578f13a17b -> 
  custom:scripting/monoscript/fileName/ReadmeEditor.cs: ff7ced1e41c1b99ddf5dfefc88f6bd50 -> 
  custom:video-decoder-webm-vp8: 9c59270c3fd7afecdb556c50c9e8de78 -> 
  custom:SearchIndexIgnoredProperties: e643bd26f0fe6173181afceb89e7c659 -> 
  custom:AudioImporter_EditorPlatform: d09bf68614088b80899f8185d706f6e7 -> 
  custom:scripting/monoscript/fileName/LumberMill.cs: c2d45524fbd0d6e9a670d983de5f81d7 -> 
  custom:scripting/monoscript/fileName/Slime.cs: e872c3a4bc36777cb1cc31d8379690c8 -> 05272bae05f111c6b0609e32e93d89d5
  custom:scripting/monoscript/fileName/Bar.cs: 890822e7dfd0f89892a6fd3ee944f62e -> 71c40e549b4fade8bed144aaff5a79ac
  custom:scripting/monoscript/fileName/TooltipManager.cs: 902a800de15a4facdbc6dbb1be6c1339 -> bc11dd805cb64c1c2f88cd7ae96fba24
  custom:video-encoder-webm-vp8: eb34c28f22e8b96e1ab97ce403110664 -> 
  custom:audio-decoder-ogg-vorbis: bf7c407c2cedff20999df2af8eb42d56 -> 
  custom:scripting/monoscript/fileName/Bullet.cs: 48ff13ede6c310cc0acf4a30e818a1de -> a4f5918e799041ba1f6608f13912eb8b
  custom:scripting/monoscript/fileName/TowerBuild.cs: 3807a8e615ef6a49dfd3f6bc5055a7a9 -> 9ea8b859a681512b782b9b3988d2f5f8
  custom:scripting/monoscript/fileName/Wave.cs: c8b913f1d5cb3bff026a08ce26c83aad -> 6e300e3b5d1a1dd15fa0115918e06e83
  custom:audio-encoder-webm-vorbis: bf7c407c2cedff20999df2af8eb42d56 -> 
  custom:scripting/monoscript/fileName/WaterReflection.cs: f1c57f2ce2c094032b710e8e5eb21bd7 -> 
  custom:scripting/monoscript/fileName/Tile.cs: e6480a408e34695897b31a69fad2b871 -> a94101d916c115d73aff3567a86e16d8
  custom:scripting/precompiled-assembly-types:Assembly-CSharp: c9de57360eaf86b8c89c0551fb2c903b -> e62b66366f159171f02e707cec416dc6
========================================================================
Received Prepare
Caller must complete domain reload
Begin MonoManager ReloadAssembly
- Loaded All Assemblies, in  0.414 seconds
Native extension for WindowsStandalone target not found
Native extension for WebGL target not found
[Package Manager] Server::EnsureServerProcessIsRunning -- launch failed, reason: Unity was launched with the -noUpm command-line argument
[Package Manager] UpmClient::Send -- Unable to send message (not connected to UPM process).
[Package Manager] Cannot connect to Unity Package Manager local server
Mono: successfully reloaded assembly
- Finished resetting the current domain, in  0.921 seconds
Domain Reload Profiling: 1332ms
	BeginReloadAssembly (143ms)
		ExecutionOrderSort (0ms)
		DisableScriptedObjects (4ms)
		BackupInstance (0ms)
		ReleaseScriptingObjects (0ms)
		CreateAndSetChildDomain (30ms)
	RebuildCommonClasses (31ms)
	RebuildNativeTypeToScriptingClass (11ms)
	initialDomainReloadingComplete (31ms)
	LoadAllAssembliesAndSetupDomain (195ms)
		LoadAssemblies (259ms)
		RebuildTransferFunctionScriptingTraits (0ms)
		AnalyzeDomain (14ms)
			TypeCache.Refresh (6ms)
				TypeCache.ScanAssembly (0ms)
			ScanForSourceGeneratedMonoScriptInfo (0ms)
			ResolveRequiredComponents (6ms)
	FinalizeReload (921ms)
		ReleaseScriptCaches (0ms)
		RebuildScriptCaches (0ms)
		SetupLoadedEditorAssemblies (450ms)
			LogAssemblyErrors (0ms)
			InitializePlatformSupportModulesInManaged (8ms)
			SetLoadedEditorAssemblies (3ms)
			RefreshPlugins (0ms)
			BeforeProcessingInitializeOnLoad (62ms)
			ProcessInitializeOnLoadAttributes (347ms)
			ProcessInitializeOnLoadMethodAttributes (22ms)
			AfterProcessingInitializeOnLoad (8ms)
			EditorAssembliesLoaded (0ms)
		ExecutionOrderSort2 (0ms)
		AwakeInstancesAfterBackupRestoration (7ms)
Refreshing native plugins compatible for Editor in 3.19 ms, found 3 plugins.
Preloading 0 native plugins for Editor in 0.00 ms.
Unloading 3128 Unused Serialized files (Serialized files now loaded: 0)
Unloading 14 unused Assets / (28.6 KB). Loaded Objects now: 3765.
Memory consumption went from 134.7 MB to 134.6 MB.
Total: 2.801000 ms (FindLiveObjects: 0.332600 ms CreateObjectMapping: 0.089300 ms MarkObjects: 2.327400 ms  DeleteObjects: 0.050500 ms)

Prepare: number of updated asset objects reloaded= 0
AssetImportParameters requested are different than current active one (requested -> active):
  custom:container-demuxer-ogg: 62fdf1f143b41e24485cea50d1cbac27 -> 
  custom:scripting/monoscript/fileName/GameManager.cs: f6182d712e34e20e3202214886862cdb -> 9933fbcc6190e2a9171c2ec8808a053e
  custom:scripting/monoscript/fileName/Income.cs: 938d875b4ea58c05495f38a939171226 -> 
  custom:video-decoder-ogg-theora: a1e56fd34408186e4bbccfd4996cb3dc -> 
  custom:framework-win-MediaFoundation: 216162199b28c13a410421893ffa2e32 -> 
  custom:scripting/monoscript/fileName/Tower.cs: 0e51d5638e1e2b20f04394d6225c671a -> 16583eaf01662413665c0a8803428cd6
  custom:scripting/monoscript/fileName/MenuFrame.cs: 575edbd0df24363ab161dfcb310542c7 -> 
  custom:scripting/monoscript/fileName/FadingText.cs: 77e5b1f06a7e356d3547dd4042e206f5 -> 
  custom:CustomObjectIndexerAttribute: 9a22284fe3817be447336de3de66b15e -> 
  custom:scripting/monoscript/fileName/Readme.cs: 5aedf578fb2663036982fb7b05aaf325 -> 
  custom:scripting/monoscript/fileName/Tooltip.cs: b7163f69ad820c51a0cfd3387a68b1d4 -> efb4e7ecf4b2142538150f2477ca1e4e
  custom:container-demuxer-webm: 4f35f7cbe854078d1ac9338744f61a02 -> 
  custom:scripting/monoscript/fileName/GoldMine.cs: bab3e2ee0cdfb32214ea1458d0239fb0 -> 
  custom:container-muxer-webm: aa71ff27fc2769a1b78a27578f13a17b -> 
  custom:scripting/monoscript/fileName/ReadmeEditor.cs: ff7ced1e41c1b99ddf5dfefc88f6bd50 -> 
  custom:video-decoder-webm-vp8: 9c59270c3fd7afecdb556c50c9e8de78 -> 
  custom:SearchIndexIgnoredProperties: e643bd26f0fe6173181afceb89e7c659 -> 
  custom:AudioImporter_EditorPlatform: d09bf68614088b80899f8185d706f6e7 -> 
  custom:scripting/monoscript/fileName/LumberMill.cs: c2d45524fbd0d6e9a670d983de5f81d7 -> 
  custom:scripting/monoscript/fileName/Slime.cs: e872c3a4bc36777cb1cc31d8379690c8 -> 05272bae05f111c6b0609e32e93d89d5
  custom:scripting/monoscript/fileName/Bar.cs: 890822e7dfd0f89892a6fd3ee944f62e -> 71c40e549b4fade8bed144aaff5a79ac
  custom:scripting/monoscript/fileName/TooltipManager.cs: 902a800de15a4facdbc6dbb1be6c1339 -> bc11dd805cb64c1c2f88cd7ae96fba24
  custom:video-encoder-webm-vp8: eb34c28f22e8b96e1ab97ce403110664 -> 
  custom:audio-decoder-ogg-vorbis: bf7c407c2cedff20999df2af8eb42d56 -> 
  custom:scripting/monoscript/fileName/Bullet.cs: 48ff13ede6c310cc0acf4a30e818a1de -> a4f5918e799041ba1f6608f13912eb8b
  custom:scripting/monoscript/fileName/TowerBuild.cs: 3807a8e615ef6a49dfd3f6bc5055a7a9 -> 9ea8b859a681512b782b9b3988d2f5f8
  custom:scripting/monoscript/fileName/Wave.cs: c8b913f1d5cb3bff026a08ce26c83aad -> 6e300e3b5d1a1dd15fa0115918e06e83
  custom:audio-encoder-webm-vorbis: bf7c407c2cedff20999df2af8eb42d56 -> 
  custom:scripting/monoscript/fileName/WaterReflection.cs: f1c57f2ce2c094032b710e8e5eb21bd7 -> 
  custom:scripting/monoscript/fileName/Tile.cs: e6480a408e34695897b31a69fad2b871 -> a94101d916c115d73aff3567a86e16d8
  custom:scripting/precompiled-assembly-types:Assembly-CSharp: c9de57360eaf86b8c89c0551fb2c903b -> e62b66366f159171f02e707cec416dc6
========================================================================
Received Prepare
Caller must complete domain reload
Begin MonoManager ReloadAssembly
- Loaded All Assemblies, in  0.410 seconds
Native extension for WindowsStandalone target not found
Native extension for WebGL target not found
[Package Manager] Server::EnsureServerProcessIsRunning -- launch failed, reason: Unity was launched with the -noUpm command-line argument
[Package Manager] UpmClient::Send -- Unable to send message (not connected to UPM process).
[Package Manager] Cannot connect to Unity Package Manager local server
Mono: successfully reloaded assembly
- Finished resetting the current domain, in  0.912 seconds
Domain Reload Profiling: 1320ms
	BeginReloadAssembly (142ms)
		ExecutionOrderSort (0ms)
		DisableScriptedObjects (4ms)
		BackupInstance (0ms)
		ReleaseScriptingObjects (0ms)
		CreateAndSetChildDomain (31ms)
	RebuildCommonClasses (34ms)
	RebuildNativeTypeToScriptingClass (12ms)
	initialDomainReloadingComplete (27ms)
	LoadAllAssembliesAndSetupDomain (192ms)
		LoadAssemblies (249ms)
		RebuildTransferFunctionScriptingTraits (0ms)
		AnalyzeDomain (21ms)
			TypeCache.Refresh (8ms)
				TypeCache.ScanAssembly (1ms)
			ScanForSourceGeneratedMonoScriptInfo (6ms)
			ResolveRequiredComponents (5ms)
	FinalizeReload (912ms)
		ReleaseScriptCaches (0ms)
		RebuildScriptCaches (0ms)
		SetupLoadedEditorAssemblies (469ms)
			LogAssemblyErrors (0ms)
			InitializePlatformSupportModulesInManaged (7ms)
			SetLoadedEditorAssemblies (3ms)
			RefreshPlugins (0ms)
			BeforeProcessingInitializeOnLoad (60ms)
			ProcessInitializeOnLoadAttributes (370ms)
			ProcessInitializeOnLoadMethodAttributes (20ms)
			AfterProcessingInitializeOnLoad (9ms)
			EditorAssembliesLoaded (0ms)
		ExecutionOrderSort2 (0ms)
		AwakeInstancesAfterBackupRestoration (6ms)
Refreshing native plugins compatible for Editor in 3.32 ms, found 3 plugins.
Preloading 0 native plugins for Editor in 0.00 ms.
Unloading 3128 Unused Serialized files (Serialized files now loaded: 0)
Unloading 14 unused Assets / (28.7 KB). Loaded Objects now: 3768.
Memory consumption went from 134.7 MB to 134.6 MB.
Total: 2.824100 ms (FindLiveObjects: 0.316000 ms CreateObjectMapping: 0.086100 ms MarkObjects: 2.374600 ms  DeleteObjects: 0.046600 ms)

Prepare: number of updated asset objects reloaded= 0
AssetImportParameters requested are different than current active one (requested -> active):
  custom:container-demuxer-ogg: 62fdf1f143b41e24485cea50d1cbac27 -> 
  custom:scripting/monoscript/fileName/GameManager.cs: f6182d712e34e20e3202214886862cdb -> 9933fbcc6190e2a9171c2ec8808a053e
  custom:scripting/monoscript/fileName/Income.cs: 938d875b4ea58c05495f38a939171226 -> 
  custom:video-decoder-ogg-theora: a1e56fd34408186e4bbccfd4996cb3dc -> 
  custom:framework-win-MediaFoundation: 216162199b28c13a410421893ffa2e32 -> 
  custom:scripting/monoscript/fileName/Tower.cs: 0e51d5638e1e2b20f04394d6225c671a -> 16583eaf01662413665c0a8803428cd6
  custom:scripting/monoscript/fileName/MenuFrame.cs: 575edbd0df24363ab161dfcb310542c7 -> 
  custom:scripting/monoscript/fileName/FadingText.cs: 77e5b1f06a7e356d3547dd4042e206f5 -> 
  custom:CustomObjectIndexerAttribute: 9a22284fe3817be447336de3de66b15e -> 
  custom:scripting/monoscript/fileName/Readme.cs: 5aedf578fb2663036982fb7b05aaf325 -> 
  custom:scripting/monoscript/fileName/Tooltip.cs: b7163f69ad820c51a0cfd3387a68b1d4 -> efb4e7ecf4b2142538150f2477ca1e4e
  custom:container-demuxer-webm: 4f35f7cbe854078d1ac9338744f61a02 -> 
  custom:scripting/monoscript/fileName/GoldMine.cs: bab3e2ee0cdfb32214ea1458d0239fb0 -> 
  custom:container-muxer-webm: aa71ff27fc2769a1b78a27578f13a17b -> 
  custom:scripting/monoscript/fileName/ReadmeEditor.cs: ff7ced1e41c1b99ddf5dfefc88f6bd50 -> 
  custom:video-decoder-webm-vp8: 9c59270c3fd7afecdb556c50c9e8de78 -> 
  custom:SearchIndexIgnoredProperties: e643bd26f0fe6173181afceb89e7c659 -> 
  custom:AudioImporter_EditorPlatform: d09bf68614088b80899f8185d706f6e7 -> 
  custom:scripting/monoscript/fileName/LumberMill.cs: c2d45524fbd0d6e9a670d983de5f81d7 -> 
  custom:scripting/monoscript/fileName/Slime.cs: e872c3a4bc36777cb1cc31d8379690c8 -> 05272bae05f111c6b0609e32e93d89d5
  custom:scripting/monoscript/fileName/Bar.cs: 890822e7dfd0f89892a6fd3ee944f62e -> 71c40e549b4fade8bed144aaff5a79ac
  custom:scripting/monoscript/fileName/TooltipManager.cs: 902a800de15a4facdbc6dbb1be6c1339 -> bc11dd805cb64c1c2f88cd7ae96fba24
  custom:video-encoder-webm-vp8: eb34c28f22e8b96e1ab97ce403110664 -> 
  custom:audio-decoder-ogg-vorbis: bf7c407c2cedff20999df2af8eb42d56 -> 
  custom:scripting/monoscript/fileName/Bullet.cs: 48ff13ede6c310cc0acf4a30e818a1de -> a4f5918e799041ba1f6608f13912eb8b
  custom:scripting/monoscript/fileName/TowerBuild.cs: 3807a8e615ef6a49dfd3f6bc5055a7a9 -> 9ea8b859a681512b782b9b3988d2f5f8
  custom:scripting/monoscript/fileName/Wave.cs: c8b913f1d5cb3bff026a08ce26c83aad -> 6e300e3b5d1a1dd15fa0115918e06e83
  custom:audio-encoder-webm-vorbis: bf7c407c2cedff20999df2af8eb42d56 -> 
  custom:scripting/monoscript/fileName/WaterReflection.cs: f1c57f2ce2c094032b710e8e5eb21bd7 -> 
  custom:scripting/monoscript/fileName/Tile.cs: e6480a408e34695897b31a69fad2b871 -> a94101d916c115d73aff3567a86e16d8
  custom:scripting/precompiled-assembly-types:Assembly-CSharp: c9de57360eaf86b8c89c0551fb2c903b -> e62b66366f159171f02e707cec416dc6
========================================================================
Received Prepare
Caller must complete domain reload
Begin MonoManager ReloadAssembly
- Loaded All Assemblies, in  0.426 seconds
Native extension for WindowsStandalone target not found
Native extension for WebGL target not found
[Package Manager] Server::EnsureServerProcessIsRunning -- launch failed, reason: Unity was launched with the -noUpm command-line argument
[Package Manager] UpmClient::Send -- Unable to send message (not connected to UPM process).
[Package Manager] Cannot connect to Unity Package Manager local server
Mono: successfully reloaded assembly
- Finished resetting the current domain, in  0.934 seconds
Domain Reload Profiling: 1358ms
	BeginReloadAssembly (158ms)
		ExecutionOrderSort (0ms)
		DisableScriptedObjects (5ms)
		BackupInstance (0ms)
		ReleaseScriptingObjects (0ms)
		CreateAndSetChildDomain (29ms)
	RebuildCommonClasses (40ms)
	RebuildNativeTypeToScriptingClass (11ms)
	initialDomainReloadingComplete (29ms)
	LoadAllAssembliesAndSetupDomain (185ms)
		LoadAssemblies (267ms)
		RebuildTransferFunctionScriptingTraits (0ms)
		AnalyzeDomain (12ms)
			TypeCache.Refresh (5ms)
				TypeCache.ScanAssembly (0ms)
			ScanForSourceGeneratedMonoScriptInfo (0ms)
			ResolveRequiredComponents (5ms)
	FinalizeReload (934ms)
		ReleaseScriptCaches (0ms)
		RebuildScriptCaches (0ms)
		SetupLoadedEditorAssemblies (465ms)
			LogAssemblyErrors (0ms)
			InitializePlatformSupportModulesInManaged (8ms)
			SetLoadedEditorAssemblies (3ms)
			RefreshPlugins (0ms)
			BeforeProcessingInitializeOnLoad (65ms)
			ProcessInitializeOnLoadAttributes (358ms)
			ProcessInitializeOnLoadMethodAttributes (21ms)
			AfterProcessingInitializeOnLoad (10ms)
			EditorAssembliesLoaded (0ms)
		ExecutionOrderSort2 (0ms)
		AwakeInstancesAfterBackupRestoration (7ms)
Refreshing native plugins compatible for Editor in 3.32 ms, found 3 plugins.
Preloading 0 native plugins for Editor in 0.00 ms.
Unloading 3128 Unused Serialized files (Serialized files now loaded: 0)
Unloading 14 unused Assets / (28.6 KB). Loaded Objects now: 3771.
Memory consumption went from 134.7 MB to 134.6 MB.
Total: 2.695400 ms (FindLiveObjects: 0.312000 ms CreateObjectMapping: 0.095200 ms MarkObjects: 2.251200 ms  DeleteObjects: 0.036200 ms)

Prepare: number of updated asset objects reloaded= 0
AssetImportParameters requested are different than current active one (requested -> active):
  custom:container-demuxer-ogg: 62fdf1f143b41e24485cea50d1cbac27 -> 
  custom:scripting/monoscript/fileName/GameManager.cs: f6182d712e34e20e3202214886862cdb -> 9933fbcc6190e2a9171c2ec8808a053e
  custom:scripting/monoscript/fileName/Income.cs: 938d875b4ea58c05495f38a939171226 -> 
  custom:video-decoder-ogg-theora: a1e56fd34408186e4bbccfd4996cb3dc -> 
  custom:framework-win-MediaFoundation: 216162199b28c13a410421893ffa2e32 -> 
  custom:scripting/monoscript/fileName/Tower.cs: 0e51d5638e1e2b20f04394d6225c671a -> 16583eaf01662413665c0a8803428cd6
  custom:scripting/monoscript/fileName/MenuFrame.cs: 575edbd0df24363ab161dfcb310542c7 -> 
  custom:scripting/monoscript/fileName/FadingText.cs: 77e5b1f06a7e356d3547dd4042e206f5 -> 
  custom:CustomObjectIndexerAttribute: 9a22284fe3817be447336de3de66b15e -> 
  custom:scripting/monoscript/fileName/Readme.cs: 5aedf578fb2663036982fb7b05aaf325 -> 
  custom:scripting/monoscript/fileName/Tooltip.cs: b7163f69ad820c51a0cfd3387a68b1d4 -> efb4e7ecf4b2142538150f2477ca1e4e
  custom:container-demuxer-webm: 4f35f7cbe854078d1ac9338744f61a02 -> 
  custom:scripting/monoscript/fileName/GoldMine.cs: bab3e2ee0cdfb32214ea1458d0239fb0 -> 
  custom:container-muxer-webm: aa71ff27fc2769a1b78a27578f13a17b -> 
  custom:scripting/monoscript/fileName/ReadmeEditor.cs: ff7ced1e41c1b99ddf5dfefc88f6bd50 -> 
  custom:video-decoder-webm-vp8: 9c59270c3fd7afecdb556c50c9e8de78 -> 
  custom:SearchIndexIgnoredProperties: e643bd26f0fe6173181afceb89e7c659 -> 
  custom:AudioImporter_EditorPlatform: d09bf68614088b80899f8185d706f6e7 -> 
  custom:scripting/monoscript/fileName/LumberMill.cs: c2d45524fbd0d6e9a670d983de5f81d7 -> 
  custom:scripting/monoscript/fileName/Slime.cs: e872c3a4bc36777cb1cc31d8379690c8 -> 05272bae05f111c6b0609e32e93d89d5
  custom:scripting/monoscript/fileName/Bar.cs: 890822e7dfd0f89892a6fd3ee944f62e -> 71c40e549b4fade8bed144aaff5a79ac
  custom:scripting/monoscript/fileName/TooltipManager.cs: 902a800de15a4facdbc6dbb1be6c1339 -> bc11dd805cb64c1c2f88cd7ae96fba24
  custom:video-encoder-webm-vp8: eb34c28f22e8b96e1ab97ce403110664 -> 
  custom:audio-decoder-ogg-vorbis: bf7c407c2cedff20999df2af8eb42d56 -> 
  custom:scripting/monoscript/fileName/Bullet.cs: 48ff13ede6c310cc0acf4a30e818a1de -> a4f5918e799041ba1f6608f13912eb8b
  custom:scripting/monoscript/fileName/TowerBuild.cs: 3807a8e615ef6a49dfd3f6bc5055a7a9 -> 9ea8b859a681512b782b9b3988d2f5f8
  custom:scripting/monoscript/fileName/Wave.cs: c8b913f1d5cb3bff026a08ce26c83aad -> 6e300e3b5d1a1dd15fa0115918e06e83
  custom:audio-encoder-webm-vorbis: bf7c407c2cedff20999df2af8eb42d56 -> 
  custom:scripting/monoscript/fileName/WaterReflection.cs: f1c57f2ce2c094032b710e8e5eb21bd7 -> 
  custom:scripting/monoscript/fileName/Tile.cs: e6480a408e34695897b31a69fad2b871 -> a94101d916c115d73aff3567a86e16d8
  custom:scripting/precompiled-assembly-types:Assembly-CSharp: c9de57360eaf86b8c89c0551fb2c903b -> e62b66366f159171f02e707cec416dc6
========================================================================
Received Prepare
Caller must complete domain reload
Begin MonoManager ReloadAssembly
- Loaded All Assemblies, in  0.429 seconds
Native extension for WindowsStandalone target not found
Native extension for WebGL target not found
[Package Manager] Server::EnsureServerProcessIsRunning -- launch failed, reason: Unity was launched with the -noUpm command-line argument
[Package Manager] UpmClient::Send -- Unable to send message (not connected to UPM process).
[Package Manager] Cannot connect to Unity Package Manager local server
Mono: successfully reloaded assembly
- Finished resetting the current domain, in  0.964 seconds
Domain Reload Profiling: 1390ms
	BeginReloadAssembly (144ms)
		ExecutionOrderSort (0ms)
		DisableScriptedObjects (4ms)
		BackupInstance (0ms)
		ReleaseScriptingObjects (0ms)
		CreateAndSetChildDomain (26ms)
	RebuildCommonClasses (33ms)
	RebuildNativeTypeToScriptingClass (11ms)
	initialDomainReloadingComplete (29ms)
	LoadAllAssembliesAndSetupDomain (208ms)
		LoadAssemblies (270ms)
		RebuildTransferFunctionScriptingTraits (0ms)
		AnalyzeDomain (21ms)
			TypeCache.Refresh (8ms)
				TypeCache.ScanAssembly (1ms)
			ScanForSourceGeneratedMonoScriptInfo (6ms)
			ResolveRequiredComponents (5ms)
	FinalizeReload (964ms)
		ReleaseScriptCaches (0ms)
		RebuildScriptCaches (0ms)
		SetupLoadedEditorAssemblies (505ms)
			LogAssemblyErrors (0ms)
			InitializePlatformSupportModulesInManaged (8ms)
			SetLoadedEditorAssemblies (3ms)
			RefreshPlugins (0ms)
			BeforeProcessingInitializeOnLoad (57ms)
			ProcessInitializeOnLoadAttributes (407ms)
			ProcessInitializeOnLoadMethodAttributes (22ms)
			AfterProcessingInitializeOnLoad (9ms)
			EditorAssembliesLoaded (0ms)
		ExecutionOrderSort2 (0ms)
		AwakeInstancesAfterBackupRestoration (6ms)
Refreshing native plugins compatible for Editor in 3.32 ms, found 3 plugins.
Preloading 0 native plugins for Editor in 0.00 ms.
Unloading 3128 Unused Serialized files (Serialized files now loaded: 0)
Unloading 14 unused Assets / (28.6 KB). Loaded Objects now: 3774.
Memory consumption went from 134.7 MB to 134.6 MB.
Total: 2.687200 ms (FindLiveObjects: 0.315900 ms CreateObjectMapping: 0.087100 ms MarkObjects: 2.246600 ms  DeleteObjects: 0.036800 ms)

Prepare: number of updated asset objects reloaded= 0
AssetImportParameters requested are different than current active one (requested -> active):
  custom:container-demuxer-ogg: 62fdf1f143b41e24485cea50d1cbac27 -> 
  custom:scripting/monoscript/fileName/GameManager.cs: f6182d712e34e20e3202214886862cdb -> 9933fbcc6190e2a9171c2ec8808a053e
  custom:scripting/monoscript/fileName/Income.cs: 938d875b4ea58c05495f38a939171226 -> 
  custom:video-decoder-ogg-theora: a1e56fd34408186e4bbccfd4996cb3dc -> 
  custom:framework-win-MediaFoundation: 216162199b28c13a410421893ffa2e32 -> 
  custom:scripting/monoscript/fileName/Tower.cs: 0e51d5638e1e2b20f04394d6225c671a -> 16583eaf01662413665c0a8803428cd6
  custom:scripting/monoscript/fileName/MenuFrame.cs: 575edbd0df24363ab161dfcb310542c7 -> 
  custom:scripting/monoscript/fileName/FadingText.cs: 77e5b1f06a7e356d3547dd4042e206f5 -> 
  custom:CustomObjectIndexerAttribute: 9a22284fe3817be447336de3de66b15e -> 
  custom:scripting/monoscript/fileName/Readme.cs: 5aedf578fb2663036982fb7b05aaf325 -> 
  custom:scripting/monoscript/fileName/Tooltip.cs: b7163f69ad820c51a0cfd3387a68b1d4 -> efb4e7ecf4b2142538150f2477ca1e4e
  custom:container-demuxer-webm: 4f35f7cbe854078d1ac9338744f61a02 -> 
  custom:scripting/monoscript/fileName/GoldMine.cs: bab3e2ee0cdfb32214ea1458d0239fb0 -> 
  custom:container-muxer-webm: aa71ff27fc2769a1b78a27578f13a17b -> 
  custom:scripting/monoscript/fileName/ReadmeEditor.cs: ff7ced1e41c1b99ddf5dfefc88f6bd50 -> 
  custom:video-decoder-webm-vp8: 9c59270c3fd7afecdb556c50c9e8de78 -> 
  custom:SearchIndexIgnoredProperties: e643bd26f0fe6173181afceb89e7c659 -> 
  custom:AudioImporter_EditorPlatform: d09bf68614088b80899f8185d706f6e7 -> 
  custom:scripting/monoscript/fileName/LumberMill.cs: c2d45524fbd0d6e9a670d983de5f81d7 -> 
  custom:scripting/monoscript/fileName/Slime.cs: e872c3a4bc36777cb1cc31d8379690c8 -> 05272bae05f111c6b0609e32e93d89d5
  custom:scripting/monoscript/fileName/Bar.cs: 890822e7dfd0f89892a6fd3ee944f62e -> 71c40e549b4fade8bed144aaff5a79ac
  custom:scripting/monoscript/fileName/TooltipManager.cs: 902a800de15a4facdbc6dbb1be6c1339 -> bc11dd805cb64c1c2f88cd7ae96fba24
  custom:video-encoder-webm-vp8: eb34c28f22e8b96e1ab97ce403110664 -> 
  custom:audio-decoder-ogg-vorbis: bf7c407c2cedff20999df2af8eb42d56 -> 
  custom:scripting/monoscript/fileName/Bullet.cs: 48ff13ede6c310cc0acf4a30e818a1de -> a4f5918e799041ba1f6608f13912eb8b
  custom:scripting/monoscript/fileName/TowerBuild.cs: 3807a8e615ef6a49dfd3f6bc5055a7a9 -> 9ea8b859a681512b782b9b3988d2f5f8
  custom:scripting/monoscript/fileName/Wave.cs: c8b913f1d5cb3bff026a08ce26c83aad -> 6e300e3b5d1a1dd15fa0115918e06e83
  custom:audio-encoder-webm-vorbis: bf7c407c2cedff20999df2af8eb42d56 -> 
  custom:scripting/monoscript/fileName/WaterReflection.cs: f1c57f2ce2c094032b710e8e5eb21bd7 -> 
  custom:scripting/monoscript/fileName/Tile.cs: e6480a408e34695897b31a69fad2b871 -> a94101d916c115d73aff3567a86e16d8
  custom:scripting/precompiled-assembly-types:Assembly-CSharp: c9de57360eaf86b8c89c0551fb2c903b -> e62b66366f159171f02e707cec416dc6
========================================================================
Received Prepare
Caller must complete domain reload
Begin MonoManager ReloadAssembly
- Loaded All Assemblies, in  0.397 seconds
Native extension for WindowsStandalone target not found
Native extension for WebGL target not found
[Package Manager] Server::EnsureServerProcessIsRunning -- launch failed, reason: Unity was launched with the -noUpm command-line argument
[Package Manager] UpmClient::Send -- Unable to send message (not connected to UPM process).
[Package Manager] Cannot connect to Unity Package Manager local server
Mono: successfully reloaded assembly
- Finished resetting the current domain, in  0.918 seconds
Domain Reload Profiling: 1313ms
	BeginReloadAssembly (139ms)
		ExecutionOrderSort (0ms)
		DisableScriptedObjects (4ms)
		BackupInstance (0ms)
		ReleaseScriptingObjects (0ms)
		CreateAndSetChildDomain (29ms)
	RebuildCommonClasses (32ms)
	RebuildNativeTypeToScriptingClass (12ms)
	initialDomainReloadingComplete (29ms)
	LoadAllAssembliesAndSetupDomain (182ms)
		LoadAssemblies (245ms)
		RebuildTransferFunctionScriptingTraits (0ms)
		AnalyzeDomain (13ms)
			TypeCache.Refresh (5ms)
				TypeCache.ScanAssembly (0ms)
			ScanForSourceGeneratedMonoScriptInfo (0ms)
			ResolveRequiredComponents (5ms)
	FinalizeReload (918ms)
		ReleaseScriptCaches (0ms)
		RebuildScriptCaches (0ms)
		SetupLoadedEditorAssemblies (463ms)
			LogAssemblyErrors (0ms)
			InitializePlatformSupportModulesInManaged (8ms)
			SetLoadedEditorAssemblies (3ms)
			RefreshPlugins (0ms)
			BeforeProcessingInitializeOnLoad (61ms)
			ProcessInitializeOnLoadAttributes (360ms)
			ProcessInitializeOnLoadMethodAttributes (22ms)
			AfterProcessingInitializeOnLoad (8ms)
			EditorAssembliesLoaded (0ms)
		ExecutionOrderSort2 (0ms)
		AwakeInstancesAfterBackupRestoration (7ms)
Refreshing native plugins compatible for Editor in 3.48 ms, found 3 plugins.
Preloading 0 native plugins for Editor in 0.00 ms.
Unloading 3128 Unused Serialized files (Serialized files now loaded: 0)
Unloading 14 unused Assets / (28.7 KB). Loaded Objects now: 3777.
Memory consumption went from 134.7 MB to 134.7 MB.
Total: 2.995100 ms (FindLiveObjects: 0.384700 ms CreateObjectMapping: 0.124600 ms MarkObjects: 2.438000 ms  DeleteObjects: 0.046800 ms)

Prepare: number of updated asset objects reloaded= 0
AssetImportParameters requested are different than current active one (requested -> active):
  custom:container-demuxer-ogg: 62fdf1f143b41e24485cea50d1cbac27 -> 
  custom:scripting/monoscript/fileName/GameManager.cs: f6182d712e34e20e3202214886862cdb -> 9933fbcc6190e2a9171c2ec8808a053e
  custom:scripting/monoscript/fileName/Income.cs: 938d875b4ea58c05495f38a939171226 -> 
  custom:video-decoder-ogg-theora: a1e56fd34408186e4bbccfd4996cb3dc -> 
  custom:framework-win-MediaFoundation: 216162199b28c13a410421893ffa2e32 -> 
  custom:scripting/monoscript/fileName/Tower.cs: 0e51d5638e1e2b20f04394d6225c671a -> 16583eaf01662413665c0a8803428cd6
  custom:scripting/monoscript/fileName/MenuFrame.cs: 575edbd0df24363ab161dfcb310542c7 -> 
  custom:scripting/monoscript/fileName/FadingText.cs: 77e5b1f06a7e356d3547dd4042e206f5 -> 
  custom:CustomObjectIndexerAttribute: 9a22284fe3817be447336de3de66b15e -> 
  custom:scripting/monoscript/fileName/Readme.cs: 5aedf578fb2663036982fb7b05aaf325 -> 
  custom:scripting/monoscript/fileName/Tooltip.cs: b7163f69ad820c51a0cfd3387a68b1d4 -> efb4e7ecf4b2142538150f2477ca1e4e
  custom:container-demuxer-webm: 4f35f7cbe854078d1ac9338744f61a02 -> 
  custom:scripting/monoscript/fileName/GoldMine.cs: bab3e2ee0cdfb32214ea1458d0239fb0 -> 
  custom:container-muxer-webm: aa71ff27fc2769a1b78a27578f13a17b -> 
  custom:scripting/monoscript/fileName/ReadmeEditor.cs: ff7ced1e41c1b99ddf5dfefc88f6bd50 -> 
  custom:video-decoder-webm-vp8: 9c59270c3fd7afecdb556c50c9e8de78 -> 
  custom:SearchIndexIgnoredProperties: e643bd26f0fe6173181afceb89e7c659 -> 
  custom:AudioImporter_EditorPlatform: d09bf68614088b80899f8185d706f6e7 -> 
  custom:scripting/monoscript/fileName/LumberMill.cs: c2d45524fbd0d6e9a670d983de5f81d7 -> 
  custom:scripting/monoscript/fileName/Slime.cs: e872c3a4bc36777cb1cc31d8379690c8 -> 05272bae05f111c6b0609e32e93d89d5
  custom:scripting/monoscript/fileName/Bar.cs: 890822e7dfd0f89892a6fd3ee944f62e -> 71c40e549b4fade8bed144aaff5a79ac
  custom:scripting/monoscript/fileName/TooltipManager.cs: 902a800de15a4facdbc6dbb1be6c1339 -> bc11dd805cb64c1c2f88cd7ae96fba24
  custom:video-encoder-webm-vp8: eb34c28f22e8b96e1ab97ce403110664 -> 
  custom:audio-decoder-ogg-vorbis: bf7c407c2cedff20999df2af8eb42d56 -> 
  custom:scripting/monoscript/fileName/Bullet.cs: 48ff13ede6c310cc0acf4a30e818a1de -> a4f5918e799041ba1f6608f13912eb8b
  custom:scripting/monoscript/fileName/TowerBuild.cs: 3807a8e615ef6a49dfd3f6bc5055a7a9 -> 9ea8b859a681512b782b9b3988d2f5f8
  custom:scripting/monoscript/fileName/Wave.cs: c8b913f1d5cb3bff026a08ce26c83aad -> 6e300e3b5d1a1dd15fa0115918e06e83
  custom:audio-encoder-webm-vorbis: bf7c407c2cedff20999df2af8eb42d56 -> 
  custom:scripting/monoscript/fileName/WaterReflection.cs: f1c57f2ce2c094032b710e8e5eb21bd7 -> 
  custom:scripting/monoscript/fileName/Tile.cs: e6480a408e34695897b31a69fad2b871 -> a94101d916c115d73aff3567a86e16d8
  custom:scripting/precompiled-assembly-types:Assembly-CSharp: c9de57360eaf86b8c89c0551fb2c903b -> e62b66366f159171f02e707cec416dc6
========================================================================
Received Import Request.
  Time since last request: 249.738490 seconds.
  path: Assets/Prefabs/UI/WoodIncomeText.prefab
  artifactKey: Guid(1bf1730f5c56f4d4aaa515759879260d) Importer(815301076,1909f56bfc062723c751e8b465ee728b)
Start importing Assets/Prefabs/UI/WoodIncomeText.prefab using Guid(1bf1730f5c56f4d4aaa515759879260d) Importer(815301076,1909f56bfc062723c751e8b465ee728b) [PhysX] Initialized MultithreadedTaskDispatcher with 12 workers.
 -> (artifact id: '9a71f579055fce592398ed3eef48aa5c') in 0.001724 seconds
Number of updated asset objects reloaded before import = 0
Number of asset objects unloaded after import = 0
========================================================================
Received Prepare
Caller must complete domain reload
Begin MonoManager ReloadAssembly
- Loaded All Assemblies, in  0.401 seconds
Native extension for WindowsStandalone target not found
Native extension for WebGL target not found
[Package Manager] Server::EnsureServerProcessIsRunning -- launch failed, reason: Unity was launched with the -noUpm command-line argument
[Package Manager] UpmClient::Send -- Unable to send message (not connected to UPM process).
[Package Manager] Cannot connect to Unity Package Manager local server
Mono: successfully reloaded assembly
- Finished resetting the current domain, in  0.902 seconds
Domain Reload Profiling: 1301ms
	BeginReloadAssembly (141ms)
		ExecutionOrderSort (0ms)
		DisableScriptedObjects (4ms)
		BackupInstance (0ms)
		ReleaseScriptingObjects (0ms)
		CreateAndSetChildDomain (29ms)
	RebuildCommonClasses (31ms)
	RebuildNativeTypeToScriptingClass (12ms)
	initialDomainReloadingComplete (28ms)
	LoadAllAssembliesAndSetupDomain (186ms)
		LoadAssemblies (251ms)
		RebuildTransferFunctionScriptingTraits (0ms)
		AnalyzeDomain (12ms)
			TypeCache.Refresh (5ms)
				TypeCache.ScanAssembly (0ms)
			ScanForSourceGeneratedMonoScriptInfo (0ms)
			ResolveRequiredComponents (5ms)
	FinalizeReload (903ms)
		ReleaseScriptCaches (0ms)
		RebuildScriptCaches (0ms)
		SetupLoadedEditorAssemblies (452ms)
			LogAssemblyErrors (0ms)
			InitializePlatformSupportModulesInManaged (8ms)
			SetLoadedEditorAssemblies (4ms)
			RefreshPlugins (0ms)
			BeforeProcessingInitializeOnLoad (62ms)
			ProcessInitializeOnLoadAttributes (349ms)
			ProcessInitializeOnLoadMethodAttributes (21ms)
			AfterProcessingInitializeOnLoad (8ms)
			EditorAssembliesLoaded (0ms)
		ExecutionOrderSort2 (0ms)
		AwakeInstancesAfterBackupRestoration (6ms)
Refreshing native plugins compatible for Editor in 3.08 ms, found 3 plugins.
Preloading 0 native plugins for Editor in 0.00 ms.
Unloading 3127 Unused Serialized files (Serialized files now loaded: 0)
Unloading 14 unused Assets / (28.8 KB). Loaded Objects now: 3780.
Memory consumption went from 134.4 MB to 134.4 MB.
Total: 2.635800 ms (FindLiveObjects: 0.308400 ms CreateObjectMapping: 0.076400 ms MarkObjects: 2.208400 ms  DeleteObjects: 0.041600 ms)

Prepare: number of updated asset objects reloaded= 0
AssetImportParameters requested are different than current active one (requested -> active):
  custom:container-demuxer-ogg: 62fdf1f143b41e24485cea50d1cbac27 -> 
  custom:scripting/monoscript/fileName/GameManager.cs: f6182d712e34e20e3202214886862cdb -> 9933fbcc6190e2a9171c2ec8808a053e
  custom:scripting/monoscript/fileName/Income.cs: 938d875b4ea58c05495f38a939171226 -> 
  custom:video-decoder-ogg-theora: a1e56fd34408186e4bbccfd4996cb3dc -> 
  custom:framework-win-MediaFoundation: 216162199b28c13a410421893ffa2e32 -> 
  custom:scripting/monoscript/fileName/Tower.cs: 0e51d5638e1e2b20f04394d6225c671a -> 16583eaf01662413665c0a8803428cd6
  custom:scripting/monoscript/fileName/MenuFrame.cs: 575edbd0df24363ab161dfcb310542c7 -> 
  custom:scripting/monoscript/fileName/FadingText.cs: 77e5b1f06a7e356d3547dd4042e206f5 -> 
  custom:CustomObjectIndexerAttribute: 9a22284fe3817be447336de3de66b15e -> 
  custom:scripting/monoscript/fileName/Readme.cs: 5aedf578fb2663036982fb7b05aaf325 -> 
  custom:scripting/monoscript/fileName/Tooltip.cs: b7163f69ad820c51a0cfd3387a68b1d4 -> efb4e7ecf4b2142538150f2477ca1e4e
  custom:container-demuxer-webm: 4f35f7cbe854078d1ac9338744f61a02 -> 
  custom:scripting/monoscript/fileName/GoldMine.cs: bab3e2ee0cdfb32214ea1458d0239fb0 -> 
  custom:container-muxer-webm: aa71ff27fc2769a1b78a27578f13a17b -> 
  custom:scripting/monoscript/fileName/ReadmeEditor.cs: ff7ced1e41c1b99ddf5dfefc88f6bd50 -> 
  custom:video-decoder-webm-vp8: 9c59270c3fd7afecdb556c50c9e8de78 -> 
  custom:SearchIndexIgnoredProperties: e643bd26f0fe6173181afceb89e7c659 -> 
  custom:AudioImporter_EditorPlatform: d09bf68614088b80899f8185d706f6e7 -> 
  custom:scripting/monoscript/fileName/LumberMill.cs: c2d45524fbd0d6e9a670d983de5f81d7 -> 
  custom:scripting/monoscript/fileName/Slime.cs: e872c3a4bc36777cb1cc31d8379690c8 -> 05272bae05f111c6b0609e32e93d89d5
  custom:scripting/monoscript/fileName/Bar.cs: 890822e7dfd0f89892a6fd3ee944f62e -> 71c40e549b4fade8bed144aaff5a79ac
  custom:scripting/monoscript/fileName/TooltipManager.cs: 902a800de15a4facdbc6dbb1be6c1339 -> bc11dd805cb64c1c2f88cd7ae96fba24
  custom:video-encoder-webm-vp8: eb34c28f22e8b96e1ab97ce403110664 -> 
  custom:audio-decoder-ogg-vorbis: bf7c407c2cedff20999df2af8eb42d56 -> 
  custom:scripting/monoscript/fileName/Bullet.cs: 48ff13ede6c310cc0acf4a30e818a1de -> a4f5918e799041ba1f6608f13912eb8b
  custom:scripting/monoscript/fileName/TowerBuild.cs: 3807a8e615ef6a49dfd3f6bc5055a7a9 -> 9ea8b859a681512b782b9b3988d2f5f8
  custom:scripting/monoscript/fileName/Wave.cs: c8b913f1d5cb3bff026a08ce26c83aad -> 6e300e3b5d1a1dd15fa0115918e06e83
  custom:audio-encoder-webm-vorbis: bf7c407c2cedff20999df2af8eb42d56 -> 
  custom:scripting/monoscript/fileName/WaterReflection.cs: f1c57f2ce2c094032b710e8e5eb21bd7 -> 
  custom:scripting/monoscript/fileName/Tile.cs: e6480a408e34695897b31a69fad2b871 -> a94101d916c115d73aff3567a86e16d8
  custom:scripting/precompiled-assembly-types:Assembly-CSharp: c9de57360eaf86b8c89c0551fb2c903b -> e62b66366f159171f02e707cec416dc6
========================================================================
Received Import Request.
  Time since last request: 183.264502 seconds.
  path: Assets/Prefabs/UI/WoodIncomeText.prefab
  artifactKey: Guid(1bf1730f5c56f4d4aaa515759879260d) Importer(815301076,1909f56bfc062723c751e8b465ee728b)
Start importing Assets/Prefabs/UI/WoodIncomeText.prefab using Guid(1bf1730f5c56f4d4aaa515759879260d) Importer(815301076,1909f56bfc062723c751e8b465ee728b) [PhysX] Initialized MultithreadedTaskDispatcher with 12 workers.
 -> (artifact id: '9a71f579055fce592398ed3eef48aa5c') in 0.001588 seconds
Number of updated asset objects reloaded before import = 0
Number of asset objects unloaded after import = 0
========================================================================
Received Prepare
Caller must complete domain reload
Begin MonoManager ReloadAssembly
- Loaded All Assemblies, in  0.435 seconds
Native extension for WindowsStandalone target not found
Native extension for WebGL target not found
[Package Manager] Server::EnsureServerProcessIsRunning -- launch failed, reason: Unity was launched with the -noUpm command-line argument
[Package Manager] UpmClient::Send -- Unable to send message (not connected to UPM process).
[Package Manager] Cannot connect to Unity Package Manager local server
Mono: successfully reloaded assembly
- Finished resetting the current domain, in  0.983 seconds
Domain Reload Profiling: 1416ms
	BeginReloadAssembly (142ms)
		ExecutionOrderSort (0ms)
		DisableScriptedObjects (4ms)
		BackupInstance (0ms)
		ReleaseScriptingObjects (0ms)
		CreateAndSetChildDomain (27ms)
	RebuildCommonClasses (33ms)
	RebuildNativeTypeToScriptingClass (12ms)
	initialDomainReloadingComplete (29ms)
	LoadAllAssembliesAndSetupDomain (216ms)
		LoadAssemblies (275ms)
		RebuildTransferFunctionScriptingTraits (0ms)
		AnalyzeDomain (22ms)
			TypeCache.Refresh (9ms)
				TypeCache.ScanAssembly (1ms)
			ScanForSourceGeneratedMonoScriptInfo (6ms)
			ResolveRequiredComponents (5ms)
	FinalizeReload (984ms)
		ReleaseScriptCaches (0ms)
		RebuildScriptCaches (0ms)
		SetupLoadedEditorAssemblies (503ms)
			LogAssemblyErrors (0ms)
			InitializePlatformSupportModulesInManaged (11ms)
			SetLoadedEditorAssemblies (3ms)
			RefreshPlugins (0ms)
			BeforeProcessingInitializeOnLoad (80ms)
			ProcessInitializeOnLoadAttributes (381ms)
			ProcessInitializeOnLoadMethodAttributes (19ms)
			AfterProcessingInitializeOnLoad (8ms)
			EditorAssembliesLoaded (0ms)
		ExecutionOrderSort2 (0ms)
		AwakeInstancesAfterBackupRestoration (6ms)
Script is not up to date after domain reload: guid(ace09f2010261854f98941917ae7a6ee) path("Assets/Scripts/global/GameManager.cs") state(2)
Refreshing native plugins compatible for Editor in 2.93 ms, found 3 plugins.
Preloading 0 native plugins for Editor in 0.00 ms.
Unloading 3126 Unused Serialized files (Serialized files now loaded: 0)
Unloading 14 unused Assets / (28.6 KB). Loaded Objects now: 3782.
Memory consumption went from 134.4 MB to 134.4 MB.
Total: 2.894600 ms (FindLiveObjects: 0.346900 ms CreateObjectMapping: 0.089700 ms MarkObjects: 2.413100 ms  DeleteObjects: 0.043400 ms)

Prepare: number of updated asset objects reloaded= 0
AssetImportParameters requested are different than current active one (requested -> active):
  custom:container-demuxer-ogg: 62fdf1f143b41e24485cea50d1cbac27 -> 
  custom:scripting/monoscript/fileName/GameManager.cs: f6182d712e34e20e3202214886862cdb -> 9933fbcc6190e2a9171c2ec8808a053e
  custom:scripting/monoscript/fileName/Income.cs: 938d875b4ea58c05495f38a939171226 -> 
  custom:video-decoder-ogg-theora: a1e56fd34408186e4bbccfd4996cb3dc -> 
  custom:framework-win-MediaFoundation: 216162199b28c13a410421893ffa2e32 -> 
  custom:scripting/monoscript/fileName/Tower.cs: 0e51d5638e1e2b20f04394d6225c671a -> 16583eaf01662413665c0a8803428cd6
  custom:scripting/monoscript/fileName/MenuFrame.cs: 575edbd0df24363ab161dfcb310542c7 -> 
  custom:scripting/monoscript/fileName/FadingText.cs: 77e5b1f06a7e356d3547dd4042e206f5 -> 
  custom:CustomObjectIndexerAttribute: 9a22284fe3817be447336de3de66b15e -> 
  custom:scripting/monoscript/fileName/Readme.cs: 5aedf578fb2663036982fb7b05aaf325 -> 
  custom:scripting/monoscript/fileName/Tooltip.cs: b7163f69ad820c51a0cfd3387a68b1d4 -> efb4e7ecf4b2142538150f2477ca1e4e
  custom:container-demuxer-webm: 4f35f7cbe854078d1ac9338744f61a02 -> 
  custom:scripting/monoscript/fileName/GoldMine.cs: bab3e2ee0cdfb32214ea1458d0239fb0 -> 
  custom:container-muxer-webm: aa71ff27fc2769a1b78a27578f13a17b -> 
  custom:scripting/monoscript/fileName/ReadmeEditor.cs: ff7ced1e41c1b99ddf5dfefc88f6bd50 -> 
  custom:video-decoder-webm-vp8: 9c59270c3fd7afecdb556c50c9e8de78 -> 
  custom:SearchIndexIgnoredProperties: e643bd26f0fe6173181afceb89e7c659 -> 
  custom:AudioImporter_EditorPlatform: d09bf68614088b80899f8185d706f6e7 -> 
  custom:scripting/monoscript/fileName/LumberMill.cs: c2d45524fbd0d6e9a670d983de5f81d7 -> 
  custom:scripting/monoscript/fileName/Slime.cs: e872c3a4bc36777cb1cc31d8379690c8 -> 05272bae05f111c6b0609e32e93d89d5
  custom:scripting/monoscript/fileName/Bar.cs: 890822e7dfd0f89892a6fd3ee944f62e -> 71c40e549b4fade8bed144aaff5a79ac
  custom:scripting/monoscript/fileName/TooltipManager.cs: 902a800de15a4facdbc6dbb1be6c1339 -> bc11dd805cb64c1c2f88cd7ae96fba24
  custom:video-encoder-webm-vp8: eb34c28f22e8b96e1ab97ce403110664 -> 
  custom:audio-decoder-ogg-vorbis: bf7c407c2cedff20999df2af8eb42d56 -> 
  custom:scripting/monoscript/fileName/Bullet.cs: 48ff13ede6c310cc0acf4a30e818a1de -> a4f5918e799041ba1f6608f13912eb8b
  custom:scripting/monoscript/fileName/TowerBuild.cs: 3807a8e615ef6a49dfd3f6bc5055a7a9 -> 9ea8b859a681512b782b9b3988d2f5f8
  custom:scripting/monoscript/fileName/Wave.cs: c8b913f1d5cb3bff026a08ce26c83aad -> 6e300e3b5d1a1dd15fa0115918e06e83
  custom:audio-encoder-webm-vorbis: bf7c407c2cedff20999df2af8eb42d56 -> 
  custom:scripting/monoscript/fileName/WaterReflection.cs: f1c57f2ce2c094032b710e8e5eb21bd7 -> 
  custom:scripting/monoscript/fileName/Tile.cs: e6480a408e34695897b31a69fad2b871 -> a94101d916c115d73aff3567a86e16d8
  custom:scripting/precompiled-assembly-types:Assembly-CSharp: c9de57360eaf86b8c89c0551fb2c903b -> e62b66366f159171f02e707cec416dc6
========================================================================
Received Prepare
Caller must complete domain reload
Begin MonoManager ReloadAssembly
- Loaded All Assemblies, in  0.430 seconds
Native extension for WindowsStandalone target not found
Native extension for WebGL target not found
[Package Manager] Server::EnsureServerProcessIsRunning -- launch failed, reason: Unity was launched with the -noUpm command-line argument
[Package Manager] UpmClient::Send -- Unable to send message (not connected to UPM process).
[Package Manager] Cannot connect to Unity Package Manager local server
Mono: successfully reloaded assembly
- Finished resetting the current domain, in  0.929 seconds
Domain Reload Profiling: 1355ms
	BeginReloadAssembly (144ms)
		ExecutionOrderSort (0ms)
		DisableScriptedObjects (4ms)
		BackupInstance (0ms)
		ReleaseScriptingObjects (0ms)
		CreateAndSetChildDomain (28ms)
	RebuildCommonClasses (31ms)
	RebuildNativeTypeToScriptingClass (16ms)
	initialDomainReloadingComplete (32ms)
	LoadAllAssembliesAndSetupDomain (203ms)
		LoadAssemblies (256ms)
		RebuildTransferFunctionScriptingTraits (0ms)
		AnalyzeDomain (27ms)
			TypeCache.Refresh (9ms)
				TypeCache.ScanAssembly (1ms)
			ScanForSourceGeneratedMonoScriptInfo (9ms)
			ResolveRequiredComponents (8ms)
	FinalizeReload (929ms)
		ReleaseScriptCaches (0ms)
		RebuildScriptCaches (0ms)
		SetupLoadedEditorAssemblies (496ms)
			LogAssemblyErrors (0ms)
			InitializePlatformSupportModulesInManaged (9ms)
			SetLoadedEditorAssemblies (4ms)
			RefreshPlugins (0ms)
			BeforeProcessingInitializeOnLoad (93ms)
			ProcessInitializeOnLoadAttributes (362ms)
			ProcessInitializeOnLoadMethodAttributes (19ms)
			AfterProcessingInitializeOnLoad (9ms)
			EditorAssembliesLoaded (0ms)
		ExecutionOrderSort2 (0ms)
		AwakeInstancesAfterBackupRestoration (8ms)
Refreshing native plugins compatible for Editor in 3.20 ms, found 3 plugins.
Preloading 0 native plugins for Editor in 0.00 ms.
Unloading 3128 Unused Serialized files (Serialized files now loaded: 0)
Unloading 14 unused Assets / (28.8 KB). Loaded Objects now: 3786.
Memory consumption went from 134.7 MB to 134.7 MB.
Total: 2.852200 ms (FindLiveObjects: 0.358600 ms CreateObjectMapping: 0.099100 ms MarkObjects: 2.353600 ms  DeleteObjects: 0.039800 ms)

Prepare: number of updated asset objects reloaded= 0
AssetImportParameters requested are different than current active one (requested -> active):
  custom:container-demuxer-ogg: 62fdf1f143b41e24485cea50d1cbac27 -> 
  custom:scripting/monoscript/fileName/GameManager.cs: f6182d712e34e20e3202214886862cdb -> 9933fbcc6190e2a9171c2ec8808a053e
  custom:scripting/monoscript/fileName/Income.cs: 938d875b4ea58c05495f38a939171226 -> 
  custom:video-decoder-ogg-theora: a1e56fd34408186e4bbccfd4996cb3dc -> 
  custom:framework-win-MediaFoundation: 216162199b28c13a410421893ffa2e32 -> 
  custom:scripting/monoscript/fileName/Tower.cs: 0e51d5638e1e2b20f04394d6225c671a -> 16583eaf01662413665c0a8803428cd6
  custom:scripting/monoscript/fileName/MenuFrame.cs: 575edbd0df24363ab161dfcb310542c7 -> 
  custom:scripting/monoscript/fileName/FadingText.cs: 77e5b1f06a7e356d3547dd4042e206f5 -> 
  custom:CustomObjectIndexerAttribute: 9a22284fe3817be447336de3de66b15e -> 
  custom:scripting/monoscript/fileName/Readme.cs: 5aedf578fb2663036982fb7b05aaf325 -> 
  custom:scripting/monoscript/fileName/Tooltip.cs: b7163f69ad820c51a0cfd3387a68b1d4 -> efb4e7ecf4b2142538150f2477ca1e4e
  custom:container-demuxer-webm: 4f35f7cbe854078d1ac9338744f61a02 -> 
  custom:scripting/monoscript/fileName/GoldMine.cs: bab3e2ee0cdfb32214ea1458d0239fb0 -> 
  custom:container-muxer-webm: aa71ff27fc2769a1b78a27578f13a17b -> 
  custom:scripting/monoscript/fileName/ReadmeEditor.cs: ff7ced1e41c1b99ddf5dfefc88f6bd50 -> 
  custom:video-decoder-webm-vp8: 9c59270c3fd7afecdb556c50c9e8de78 -> 
  custom:SearchIndexIgnoredProperties: e643bd26f0fe6173181afceb89e7c659 -> 
  custom:AudioImporter_EditorPlatform: d09bf68614088b80899f8185d706f6e7 -> 
  custom:scripting/monoscript/fileName/LumberMill.cs: c2d45524fbd0d6e9a670d983de5f81d7 -> 
  custom:scripting/monoscript/fileName/Slime.cs: e872c3a4bc36777cb1cc31d8379690c8 -> 05272bae05f111c6b0609e32e93d89d5
  custom:scripting/monoscript/fileName/Bar.cs: 890822e7dfd0f89892a6fd3ee944f62e -> 71c40e549b4fade8bed144aaff5a79ac
  custom:scripting/monoscript/fileName/TooltipManager.cs: 902a800de15a4facdbc6dbb1be6c1339 -> bc11dd805cb64c1c2f88cd7ae96fba24
  custom:video-encoder-webm-vp8: eb34c28f22e8b96e1ab97ce403110664 -> 
  custom:audio-decoder-ogg-vorbis: bf7c407c2cedff20999df2af8eb42d56 -> 
  custom:scripting/monoscript/fileName/Bullet.cs: 48ff13ede6c310cc0acf4a30e818a1de -> a4f5918e799041ba1f6608f13912eb8b
  custom:scripting/monoscript/fileName/TowerBuild.cs: 3807a8e615ef6a49dfd3f6bc5055a7a9 -> 9ea8b859a681512b782b9b3988d2f5f8
  custom:scripting/monoscript/fileName/Wave.cs: c8b913f1d5cb3bff026a08ce26c83aad -> 6e300e3b5d1a1dd15fa0115918e06e83
  custom:audio-encoder-webm-vorbis: bf7c407c2cedff20999df2af8eb42d56 -> 
  custom:scripting/monoscript/fileName/WaterReflection.cs: f1c57f2ce2c094032b710e8e5eb21bd7 -> 
  custom:scripting/monoscript/fileName/Tile.cs: e6480a408e34695897b31a69fad2b871 -> a94101d916c115d73aff3567a86e16d8
  custom:scripting/precompiled-assembly-types:Assembly-CSharp: c9de57360eaf86b8c89c0551fb2c903b -> e62b66366f159171f02e707cec416dc6
========================================================================
Received Import Request.
  Time since last request: 9.362835 seconds.
  path: Assets/Prefabs/UI/WoodIncomeText.prefab
  artifactKey: Guid(1bf1730f5c56f4d4aaa515759879260d) Importer(815301076,1909f56bfc062723c751e8b465ee728b)
Start importing Assets/Prefabs/UI/WoodIncomeText.prefab using Guid(1bf1730f5c56f4d4aaa515759879260d) Importer(815301076,1909f56bfc062723c751e8b465ee728b) [PhysX] Initialized MultithreadedTaskDispatcher with 12 workers.
 -> (artifact id: '9a71f579055fce592398ed3eef48aa5c') in 0.001646 seconds
Number of updated asset objects reloaded before import = 0
Number of asset objects unloaded after import = 0
========================================================================
Received Import Request.
  Time since last request: 0.000028 seconds.
  path: Assets/Prefabs/UI/GoldIncomeText.prefab
  artifactKey: Guid(bc113bf969e9c60459f3c0ed97a94aad) Importer(815301076,1909f56bfc062723c751e8b465ee728b)
Start importing Assets/Prefabs/UI/GoldIncomeText.prefab using Guid(bc113bf969e9c60459f3c0ed97a94aad) Importer(815301076,1909f56bfc062723c751e8b465ee728b) [PhysX] Initialized MultithreadedTaskDispatcher with 12 workers.
 -> (artifact id: '734a5abf9689ee02fb00a78cddef457f') in 0.000470 seconds
Number of updated asset objects reloaded before import = 0
Number of asset objects unloaded after import = 0
========================================================================
Received Prepare
Caller must complete domain reload
Begin MonoManager ReloadAssembly
- Loaded All Assemblies, in  0.403 seconds
Native extension for WindowsStandalone target not found
Native extension for WebGL target not found
[Package Manager] Server::EnsureServerProcessIsRunning -- launch failed, reason: Unity was launched with the -noUpm command-line argument
[Package Manager] UpmClient::Send -- Unable to send message (not connected to UPM process).
[Package Manager] Cannot connect to Unity Package Manager local server
Mono: successfully reloaded assembly
- Finished resetting the current domain, in  0.913 seconds
Domain Reload Profiling: 1313ms
	BeginReloadAssembly (138ms)
		ExecutionOrderSort (0ms)
		DisableScriptedObjects (4ms)
		BackupInstance (0ms)
		ReleaseScriptingObjects (0ms)
		CreateAndSetChildDomain (27ms)
	RebuildCommonClasses (33ms)
	RebuildNativeTypeToScriptingClass (14ms)
	initialDomainReloadingComplete (27ms)
	LoadAllAssembliesAndSetupDomain (187ms)
		LoadAssemblies (250ms)
		RebuildTransferFunctionScriptingTraits (0ms)
		AnalyzeDomain (15ms)
			TypeCache.Refresh (6ms)
				TypeCache.ScanAssembly (0ms)
			ScanForSourceGeneratedMonoScriptInfo (0ms)
			ResolveRequiredComponents (7ms)
	FinalizeReload (913ms)
		ReleaseScriptCaches (0ms)
		RebuildScriptCaches (0ms)
		SetupLoadedEditorAssemblies (447ms)
			LogAssemblyErrors (0ms)
			InitializePlatformSupportModulesInManaged (8ms)
			SetLoadedEditorAssemblies (3ms)
			RefreshPlugins (0ms)
			BeforeProcessingInitializeOnLoad (61ms)
			ProcessInitializeOnLoadAttributes (345ms)
			ProcessInitializeOnLoadMethodAttributes (21ms)
			AfterProcessingInitializeOnLoad (9ms)
			EditorAssembliesLoaded (0ms)
		ExecutionOrderSort2 (0ms)
		AwakeInstancesAfterBackupRestoration (6ms)
Refreshing native plugins compatible for Editor in 3.43 ms, found 3 plugins.
Preloading 0 native plugins for Editor in 0.00 ms.
Unloading 3127 Unused Serialized files (Serialized files now loaded: 0)
Unloading 14 unused Assets / (28.6 KB). Loaded Objects now: 3789.
Memory consumption went from 134.4 MB to 134.4 MB.
Total: 3.520900 ms (FindLiveObjects: 0.333500 ms CreateObjectMapping: 0.090300 ms MarkObjects: 3.050900 ms  DeleteObjects: 0.045100 ms)

Prepare: number of updated asset objects reloaded= 0
AssetImportParameters requested are different than current active one (requested -> active):
  custom:container-demuxer-ogg: 62fdf1f143b41e24485cea50d1cbac27 -> 
  custom:scripting/monoscript/fileName/GameManager.cs: f6182d712e34e20e3202214886862cdb -> 9933fbcc6190e2a9171c2ec8808a053e
  custom:scripting/monoscript/fileName/Income.cs: 938d875b4ea58c05495f38a939171226 -> 
  custom:video-decoder-ogg-theora: a1e56fd34408186e4bbccfd4996cb3dc -> 
  custom:framework-win-MediaFoundation: 216162199b28c13a410421893ffa2e32 -> 
  custom:scripting/monoscript/fileName/Tower.cs: 0e51d5638e1e2b20f04394d6225c671a -> 16583eaf01662413665c0a8803428cd6
  custom:scripting/monoscript/fileName/MenuFrame.cs: 575edbd0df24363ab161dfcb310542c7 -> 
  custom:scripting/monoscript/fileName/FadingText.cs: 77e5b1f06a7e356d3547dd4042e206f5 -> 
  custom:CustomObjectIndexerAttribute: 9a22284fe3817be447336de3de66b15e -> 
  custom:scripting/monoscript/fileName/Readme.cs: 5aedf578fb2663036982fb7b05aaf325 -> 
  custom:scripting/monoscript/fileName/Tooltip.cs: b7163f69ad820c51a0cfd3387a68b1d4 -> efb4e7ecf4b2142538150f2477ca1e4e
  custom:container-demuxer-webm: 4f35f7cbe854078d1ac9338744f61a02 -> 
  custom:scripting/monoscript/fileName/GoldMine.cs: bab3e2ee0cdfb32214ea1458d0239fb0 -> 
  custom:container-muxer-webm: aa71ff27fc2769a1b78a27578f13a17b -> 
  custom:scripting/monoscript/fileName/ReadmeEditor.cs: ff7ced1e41c1b99ddf5dfefc88f6bd50 -> 
  custom:video-decoder-webm-vp8: 9c59270c3fd7afecdb556c50c9e8de78 -> 
  custom:SearchIndexIgnoredProperties: e643bd26f0fe6173181afceb89e7c659 -> 
  custom:AudioImporter_EditorPlatform: d09bf68614088b80899f8185d706f6e7 -> 
  custom:scripting/monoscript/fileName/LumberMill.cs: c2d45524fbd0d6e9a670d983de5f81d7 -> 
  custom:scripting/monoscript/fileName/Slime.cs: e872c3a4bc36777cb1cc31d8379690c8 -> 05272bae05f111c6b0609e32e93d89d5
  custom:scripting/monoscript/fileName/Bar.cs: 890822e7dfd0f89892a6fd3ee944f62e -> 71c40e549b4fade8bed144aaff5a79ac
  custom:scripting/monoscript/fileName/TooltipManager.cs: 902a800de15a4facdbc6dbb1be6c1339 -> bc11dd805cb64c1c2f88cd7ae96fba24
  custom:video-encoder-webm-vp8: eb34c28f22e8b96e1ab97ce403110664 -> 
  custom:audio-decoder-ogg-vorbis: bf7c407c2cedff20999df2af8eb42d56 -> 
  custom:scripting/monoscript/fileName/Bullet.cs: 48ff13ede6c310cc0acf4a30e818a1de -> a4f5918e799041ba1f6608f13912eb8b
  custom:scripting/monoscript/fileName/TowerBuild.cs: 3807a8e615ef6a49dfd3f6bc5055a7a9 -> 9ea8b859a681512b782b9b3988d2f5f8
  custom:scripting/monoscript/fileName/Wave.cs: c8b913f1d5cb3bff026a08ce26c83aad -> 6e300e3b5d1a1dd15fa0115918e06e83
  custom:audio-encoder-webm-vorbis: bf7c407c2cedff20999df2af8eb42d56 -> 
  custom:scripting/monoscript/fileName/WaterReflection.cs: f1c57f2ce2c094032b710e8e5eb21bd7 -> 
  custom:scripting/monoscript/fileName/Tile.cs: e6480a408e34695897b31a69fad2b871 -> a94101d916c115d73aff3567a86e16d8
  custom:scripting/precompiled-assembly-types:Assembly-CSharp: c9de57360eaf86b8c89c0551fb2c903b -> e62b66366f159171f02e707cec416dc6
========================================================================
Received Import Request.
  Time since last request: 4.273564 seconds.
  path: Assets/Prefabs/UI/WoodIncomeText.prefab
  artifactKey: Guid(1bf1730f5c56f4d4aaa515759879260d) Importer(815301076,1909f56bfc062723c751e8b465ee728b)
Start importing Assets/Prefabs/UI/WoodIncomeText.prefab using Guid(1bf1730f5c56f4d4aaa515759879260d) Importer(815301076,1909f56bfc062723c751e8b465ee728b) [PhysX] Initialized MultithreadedTaskDispatcher with 12 workers.
 -> (artifact id: '9a71f579055fce592398ed3eef48aa5c') in 0.002388 seconds
Number of updated asset objects reloaded before import = 0
Number of asset objects unloaded after import = 0
========================================================================
Received Import Request.
  Time since last request: 0.000024 seconds.
  path: Assets/Prefabs/UI/GoldIncomeText.prefab
  artifactKey: Guid(bc113bf969e9c60459f3c0ed97a94aad) Importer(815301076,1909f56bfc062723c751e8b465ee728b)
Start importing Assets/Prefabs/UI/GoldIncomeText.prefab using Guid(bc113bf969e9c60459f3c0ed97a94aad) Importer(815301076,1909f56bfc062723c751e8b465ee728b) [PhysX] Initialized MultithreadedTaskDispatcher with 12 workers.
 -> (artifact id: '734a5abf9689ee02fb00a78cddef457f') in 0.000522 seconds
Number of updated asset objects reloaded before import = 0
Number of asset objects unloaded after import = 0
========================================================================
Received Import Request.
  Time since last request: 285.833078 seconds.
  path: Assets/Prefabs/UI/WoodIncomeText.prefab
  artifactKey: Guid(1bf1730f5c56f4d4aaa515759879260d) Importer(815301076,1909f56bfc062723c751e8b465ee728b)
Start importing Assets/Prefabs/UI/WoodIncomeText.prefab using Guid(1bf1730f5c56f4d4aaa515759879260d) Importer(815301076,1909f56bfc062723c751e8b465ee728b) [PhysX] Initialized MultithreadedTaskDispatcher with 12 workers.
 -> (artifact id: '9a71f579055fce592398ed3eef48aa5c') in 0.000574 seconds
Number of updated asset objects reloaded before import = 0
Number of asset objects unloaded after import = 0
========================================================================
Received Import Request.
  Time since last request: 6.359386 seconds.
  path: Assets/Prefabs/UI/WoodIncomeText.prefab
  artifactKey: Guid(1bf1730f5c56f4d4aaa515759879260d) Importer(815301076,1909f56bfc062723c751e8b465ee728b)
Start importing Assets/Prefabs/UI/WoodIncomeText.prefab using Guid(1bf1730f5c56f4d4aaa515759879260d) Importer(815301076,1909f56bfc062723c751e8b465ee728b) [PhysX] Initialized MultithreadedTaskDispatcher with 12 workers.
 -> (artifact id: '9a71f579055fce592398ed3eef48aa5c') in 0.000463 seconds
Number of updated asset objects reloaded before import = 0
Number of asset objects unloaded after import = 0
========================================================================
Received Prepare
Caller must complete domain reload
Begin MonoManager ReloadAssembly
- Loaded All Assemblies, in  0.424 seconds
Native extension for WindowsStandalone target not found
Native extension for WebGL target not found
[Package Manager] Server::EnsureServerProcessIsRunning -- launch failed, reason: Unity was launched with the -noUpm command-line argument
[Package Manager] UpmClient::Send -- Unable to send message (not connected to UPM process).
[Package Manager] Cannot connect to Unity Package Manager local server
Mono: successfully reloaded assembly
- Finished resetting the current domain, in  0.861 seconds
Domain Reload Profiling: 1282ms
	BeginReloadAssembly (139ms)
		ExecutionOrderSort (0ms)
		DisableScriptedObjects (4ms)
		BackupInstance (0ms)
		ReleaseScriptingObjects (0ms)
		CreateAndSetChildDomain (27ms)
	RebuildCommonClasses (36ms)
	RebuildNativeTypeToScriptingClass (14ms)
	initialDomainReloadingComplete (29ms)
	LoadAllAssembliesAndSetupDomain (204ms)
		LoadAssemblies (256ms)
		RebuildTransferFunctionScriptingTraits (0ms)
		AnalyzeDomain (24ms)
			TypeCache.Refresh (10ms)
				TypeCache.ScanAssembly (1ms)
			ScanForSourceGeneratedMonoScriptInfo (7ms)
			ResolveRequiredComponents (5ms)
	FinalizeReload (861ms)
		ReleaseScriptCaches (0ms)
		RebuildScriptCaches (0ms)
		SetupLoadedEditorAssemblies (415ms)
			LogAssemblyErrors (0ms)
			InitializePlatformSupportModulesInManaged (7ms)
			SetLoadedEditorAssemblies (3ms)
			RefreshPlugins (0ms)
			BeforeProcessingInitializeOnLoad (60ms)
			ProcessInitializeOnLoadAttributes (317ms)
			ProcessInitializeOnLoadMethodAttributes (19ms)
			AfterProcessingInitializeOnLoad (8ms)
			EditorAssembliesLoaded (0ms)
		ExecutionOrderSort2 (0ms)
		AwakeInstancesAfterBackupRestoration (6ms)
Refreshing native plugins compatible for Editor in 3.20 ms, found 3 plugins.
Preloading 0 native plugins for Editor in 0.00 ms.
Unloading 3127 Unused Serialized files (Serialized files now loaded: 0)
Unloading 14 unused Assets / (28.7 KB). Loaded Objects now: 3792.
Memory consumption went from 134.4 MB to 134.4 MB.
Total: 3.051800 ms (FindLiveObjects: 0.324300 ms CreateObjectMapping: 0.091800 ms MarkObjects: 2.589400 ms  DeleteObjects: 0.045200 ms)

Prepare: number of updated asset objects reloaded= 0
AssetImportParameters requested are different than current active one (requested -> active):
  custom:container-demuxer-ogg: 62fdf1f143b41e24485cea50d1cbac27 -> 
  custom:scripting/monoscript/fileName/GameManager.cs: f6182d712e34e20e3202214886862cdb -> 9933fbcc6190e2a9171c2ec8808a053e
  custom:scripting/monoscript/fileName/Income.cs: 938d875b4ea58c05495f38a939171226 -> 
  custom:video-decoder-ogg-theora: a1e56fd34408186e4bbccfd4996cb3dc -> 
  custom:framework-win-MediaFoundation: 216162199b28c13a410421893ffa2e32 -> 
  custom:scripting/monoscript/fileName/Tower.cs: 0e51d5638e1e2b20f04394d6225c671a -> 16583eaf01662413665c0a8803428cd6
  custom:scripting/monoscript/fileName/MenuFrame.cs: 575edbd0df24363ab161dfcb310542c7 -> 
  custom:scripting/monoscript/fileName/FadingText.cs: 77e5b1f06a7e356d3547dd4042e206f5 -> 
  custom:CustomObjectIndexerAttribute: 9a22284fe3817be447336de3de66b15e -> 
  custom:scripting/monoscript/fileName/Readme.cs: 5aedf578fb2663036982fb7b05aaf325 -> 
  custom:scripting/monoscript/fileName/Tooltip.cs: b7163f69ad820c51a0cfd3387a68b1d4 -> efb4e7ecf4b2142538150f2477ca1e4e
  custom:container-demuxer-webm: 4f35f7cbe854078d1ac9338744f61a02 -> 
  custom:scripting/monoscript/fileName/GoldMine.cs: bab3e2ee0cdfb32214ea1458d0239fb0 -> 
  custom:container-muxer-webm: aa71ff27fc2769a1b78a27578f13a17b -> 
  custom:scripting/monoscript/fileName/ReadmeEditor.cs: ff7ced1e41c1b99ddf5dfefc88f6bd50 -> 
  custom:video-decoder-webm-vp8: 9c59270c3fd7afecdb556c50c9e8de78 -> 
  custom:SearchIndexIgnoredProperties: e643bd26f0fe6173181afceb89e7c659 -> 
  custom:AudioImporter_EditorPlatform: d09bf68614088b80899f8185d706f6e7 -> 
  custom:scripting/monoscript/fileName/LumberMill.cs: c2d45524fbd0d6e9a670d983de5f81d7 -> 
  custom:scripting/monoscript/fileName/Slime.cs: e872c3a4bc36777cb1cc31d8379690c8 -> 05272bae05f111c6b0609e32e93d89d5
  custom:scripting/monoscript/fileName/Bar.cs: 890822e7dfd0f89892a6fd3ee944f62e -> 71c40e549b4fade8bed144aaff5a79ac
  custom:scripting/monoscript/fileName/TooltipManager.cs: 902a800de15a4facdbc6dbb1be6c1339 -> bc11dd805cb64c1c2f88cd7ae96fba24
  custom:video-encoder-webm-vp8: eb34c28f22e8b96e1ab97ce403110664 -> 
  custom:audio-decoder-ogg-vorbis: bf7c407c2cedff20999df2af8eb42d56 -> 
  custom:scripting/monoscript/fileName/Bullet.cs: 48ff13ede6c310cc0acf4a30e818a1de -> a4f5918e799041ba1f6608f13912eb8b
  custom:scripting/monoscript/fileName/TowerBuild.cs: 3807a8e615ef6a49dfd3f6bc5055a7a9 -> 9ea8b859a681512b782b9b3988d2f5f8
  custom:scripting/monoscript/fileName/Wave.cs: c8b913f1d5cb3bff026a08ce26c83aad -> 6e300e3b5d1a1dd15fa0115918e06e83
  custom:audio-encoder-webm-vorbis: bf7c407c2cedff20999df2af8eb42d56 -> 
  custom:scripting/monoscript/fileName/WaterReflection.cs: f1c57f2ce2c094032b710e8e5eb21bd7 -> 
  custom:scripting/monoscript/fileName/Tile.cs: e6480a408e34695897b31a69fad2b871 -> a94101d916c115d73aff3567a86e16d8
  custom:scripting/precompiled-assembly-types:Assembly-CSharp: c9de57360eaf86b8c89c0551fb2c903b -> e62b66366f159171f02e707cec416dc6
========================================================================
Received Import Request.
  Time since last request: 253.996869 seconds.
  path: Assets/Prefabs/ArrowTower.prefab
  artifactKey: Guid(5824a3eb4c50251438fc8288b90d6a00) Importer(815301076,1909f56bfc062723c751e8b465ee728b)
Start importing Assets/Prefabs/ArrowTower.prefab using Guid(5824a3eb4c50251438fc8288b90d6a00) Importer(815301076,1909f56bfc062723c751e8b465ee728b) [PhysX] Initialized MultithreadedTaskDispatcher with 12 workers.
 -> (artifact id: '7b07732095333d1611439fd4475f127a') in 0.001705 seconds
Number of updated asset objects reloaded before import = 0
Number of asset objects unloaded after import = 0
========================================================================
Received Import Request.
  Time since last request: 0.006483 seconds.
  path: Assets/Prefabs/PremiumTower.prefab
  artifactKey: Guid(8542e3db9bff02e4b92f25a033b7ef8e) Importer(815301076,1909f56bfc062723c751e8b465ee728b)
Start importing Assets/Prefabs/PremiumTower.prefab using Guid(8542e3db9bff02e4b92f25a033b7ef8e) Importer(815301076,1909f56bfc062723c751e8b465ee728b) [PhysX] Initialized MultithreadedTaskDispatcher with 12 workers.
 -> (artifact id: '49aa00a1e5e92f34cdc2f02e2071832e') in 0.000646 seconds
Number of updated asset objects reloaded before import = 0
Number of asset objects unloaded after import = 0
========================================================================
Received Import Request.
  Time since last request: 0.000022 seconds.
  path: Assets/Prefabs/MagicTower.prefab
  artifactKey: Guid(20b1348b4ae7d5742bfd536fd769621d) Importer(815301076,1909f56bfc062723c751e8b465ee728b)
Start importing Assets/Prefabs/MagicTower.prefab using Guid(20b1348b4ae7d5742bfd536fd769621d) Importer(815301076,1909f56bfc062723c751e8b465ee728b) [PhysX] Initialized MultithreadedTaskDispatcher with 12 workers.
 -> (artifact id: '1e1f0346f5fd940cc17bb1de9fc9d9dd') in 0.000389 seconds
Number of updated asset objects reloaded before import = 0
Number of asset objects unloaded after import = 0
========================================================================
Received Import Request.
  Time since last request: 15.353902 seconds.
  path: Assets/Prefabs/ArrowTower.prefab
  artifactKey: Guid(5824a3eb4c50251438fc8288b90d6a00) Importer(815301076,1909f56bfc062723c751e8b465ee728b)
Start importing Assets/Prefabs/ArrowTower.prefab using Guid(5824a3eb4c50251438fc8288b90d6a00) Importer(815301076,1909f56bfc062723c751e8b465ee728b) [PhysX] Initialized MultithreadedTaskDispatcher with 12 workers.
 -> (artifact id: 'bebff7a23df68947f4a7af5d9a44beb7') in 0.000526 seconds
Number of updated asset objects reloaded before import = 0
Number of asset objects unloaded after import = 0
========================================================================
Received Import Request.
  Time since last request: 2.283120 seconds.
  path: Assets/Prefabs/ArrowTower.prefab
  artifactKey: Guid(5824a3eb4c50251438fc8288b90d6a00) Importer(815301076,1909f56bfc062723c751e8b465ee728b)
Start importing Assets/Prefabs/ArrowTower.prefab using Guid(5824a3eb4c50251438fc8288b90d6a00) Importer(815301076,1909f56bfc062723c751e8b465ee728b) [PhysX] Initialized MultithreadedTaskDispatcher with 12 workers.
 -> (artifact id: 'bebff7a23df68947f4a7af5d9a44beb7') in 0.000471 seconds
Number of updated asset objects reloaded before import = 0
Number of asset objects unloaded after import = 0
========================================================================
Received Import Request.
  Time since last request: 0.000013 seconds.
  path: Assets/Prefabs/Wall.prefab
  artifactKey: Guid(b3ab60e276eaeb34587e23f3e44e0fb8) Importer(815301076,1909f56bfc062723c751e8b465ee728b)
Start importing Assets/Prefabs/Wall.prefab using Guid(b3ab60e276eaeb34587e23f3e44e0fb8) Importer(815301076,1909f56bfc062723c751e8b465ee728b) [PhysX] Initialized MultithreadedTaskDispatcher with 12 workers.
 -> (artifact id: 'fb5c26b19a0534c54e5431ea09620989') in 0.000330 seconds
Number of updated asset objects reloaded before import = 0
Number of asset objects unloaded after import = 0
========================================================================
Received Import Request.
  Time since last request: 1.856951 seconds.
  path: Assets/Prefabs/ArrowTower.prefab
  artifactKey: Guid(5824a3eb4c50251438fc8288b90d6a00) Importer(815301076,1909f56bfc062723c751e8b465ee728b)
Start importing Assets/Prefabs/ArrowTower.prefab using Guid(5824a3eb4c50251438fc8288b90d6a00) Importer(815301076,1909f56bfc062723c751e8b465ee728b) [PhysX] Initialized MultithreadedTaskDispatcher with 12 workers.
 -> (artifact id: 'bebff7a23df68947f4a7af5d9a44beb7') in 0.000480 seconds
Number of updated asset objects reloaded before import = 0
Number of asset objects unloaded after import = 0
========================================================================
Received Import Request.
  Time since last request: 295.056849 seconds.
  path: Assets/Prefabs/Arrow.prefab
  artifactKey: Guid(e530754f8a214b643a54123eaa798bef) Importer(815301076,1909f56bfc062723c751e8b465ee728b)
Start importing Assets/Prefabs/Arrow.prefab using Guid(e530754f8a214b643a54123eaa798bef) Importer(815301076,1909f56bfc062723c751e8b465ee728b) [PhysX] Initialized MultithreadedTaskDispatcher with 12 workers.
 -> (artifact id: 'c5cc7a11c0c8d509b26fe38ea92241b7') in 0.000588 seconds
Number of updated asset objects reloaded before import = 0
Number of asset objects unloaded after import = 0
========================================================================
Received Import Request.
  Time since last request: 0.007471 seconds.
  path: Assets/Prefabs/Wall.prefab
  artifactKey: Guid(b3ab60e276eaeb34587e23f3e44e0fb8) Importer(815301076,1909f56bfc062723c751e8b465ee728b)
Start importing Assets/Prefabs/Wall.prefab using Guid(b3ab60e276eaeb34587e23f3e44e0fb8) Importer(815301076,1909f56bfc062723c751e8b465ee728b) [PhysX] Initialized MultithreadedTaskDispatcher with 12 workers.
 -> (artifact id: 'fb5c26b19a0534c54e5431ea09620989') in 0.001139 seconds
Number of updated asset objects reloaded before import = 0
Number of asset objects unloaded after import = 0
========================================================================
Received Import Request.
  Time since last request: 0.000024 seconds.
  path: Assets/Prefabs/PremiumTower.prefab
  artifactKey: Guid(8542e3db9bff02e4b92f25a033b7ef8e) Importer(815301076,1909f56bfc062723c751e8b465ee728b)
Start importing Assets/Prefabs/PremiumTower.prefab using Guid(8542e3db9bff02e4b92f25a033b7ef8e) Importer(815301076,1909f56bfc062723c751e8b465ee728b) [PhysX] Initialized MultithreadedTaskDispatcher with 12 workers.
 -> (artifact id: '5d548078af6f03e04ca9d75a00d6ae3a') in 0.000612 seconds
Number of updated asset objects reloaded before import = 0
Number of asset objects unloaded after import = 0
========================================================================
Received Import Request.
  Time since last request: 0.000057 seconds.
  path: Assets/Prefabs/MagicTower.prefab
  artifactKey: Guid(20b1348b4ae7d5742bfd536fd769621d) Importer(815301076,1909f56bfc062723c751e8b465ee728b)
Start importing Assets/Prefabs/MagicTower.prefab using Guid(20b1348b4ae7d5742bfd536fd769621d) Importer(815301076,1909f56bfc062723c751e8b465ee728b) [PhysX] Initialized MultithreadedTaskDispatcher with 12 workers.
 -> (artifact id: '6b112b50de7a5cdc4b1def79f7065898') in 0.000681 seconds
Number of updated asset objects reloaded before import = 0
Number of asset objects unloaded after import = 0
========================================================================
Received Prepare
Caller must complete domain reload
Begin MonoManager ReloadAssembly
- Loaded All Assemblies, in  0.460 seconds
Native extension for WindowsStandalone target not found
Native extension for WebGL target not found
[Package Manager] Server::EnsureServerProcessIsRunning -- launch failed, reason: Unity was launched with the -noUpm command-line argument
[Package Manager] UpmClient::Send -- Unable to send message (not connected to UPM process).
[Package Manager] Cannot connect to Unity Package Manager local server
Mono: successfully reloaded assembly
- Finished resetting the current domain, in  0.871 seconds
Domain Reload Profiling: 1328ms
	BeginReloadAssembly (154ms)
		ExecutionOrderSort (0ms)
		DisableScriptedObjects (4ms)
		BackupInstance (0ms)
		ReleaseScriptingObjects (0ms)
		CreateAndSetChildDomain (31ms)
	RebuildCommonClasses (42ms)
	RebuildNativeTypeToScriptingClass (12ms)
	initialDomainReloadingComplete (34ms)
	LoadAllAssembliesAndSetupDomain (216ms)
		LoadAssemblies (277ms)
		RebuildTransferFunctionScriptingTraits (0ms)
		AnalyzeDomain (24ms)
			TypeCache.Refresh (8ms)
				TypeCache.ScanAssembly (1ms)
			ScanForSourceGeneratedMonoScriptInfo (6ms)
			ResolveRequiredComponents (8ms)
	FinalizeReload (871ms)
		ReleaseScriptCaches (0ms)
		RebuildScriptCaches (0ms)
		SetupLoadedEditorAssemblies (427ms)
			LogAssemblyErrors (0ms)
			InitializePlatformSupportModulesInManaged (10ms)
			SetLoadedEditorAssemblies (3ms)
			RefreshPlugins (0ms)
			BeforeProcessingInitializeOnLoad (57ms)
			ProcessInitializeOnLoadAttributes (325ms)
			ProcessInitializeOnLoadMethodAttributes (23ms)
			AfterProcessingInitializeOnLoad (10ms)
			EditorAssembliesLoaded (0ms)
		ExecutionOrderSort2 (0ms)
		AwakeInstancesAfterBackupRestoration (7ms)
Refreshing native plugins compatible for Editor in 2.89 ms, found 3 plugins.
Preloading 0 native plugins for Editor in 0.00 ms.
Unloading 3127 Unused Serialized files (Serialized files now loaded: 0)
Unloading 14 unused Assets / (28.6 KB). Loaded Objects now: 3795.
Memory consumption went from 134.4 MB to 134.4 MB.
Total: 2.957700 ms (FindLiveObjects: 0.357700 ms CreateObjectMapping: 0.181600 ms MarkObjects: 2.375500 ms  DeleteObjects: 0.041400 ms)

Prepare: number of updated asset objects reloaded= 0
AssetImportParameters requested are different than current active one (requested -> active):
  custom:container-demuxer-ogg: 62fdf1f143b41e24485cea50d1cbac27 -> 
  custom:scripting/monoscript/fileName/GameManager.cs: f6182d712e34e20e3202214886862cdb -> 9933fbcc6190e2a9171c2ec8808a053e
  custom:scripting/monoscript/fileName/Income.cs: 938d875b4ea58c05495f38a939171226 -> 
  custom:video-decoder-ogg-theora: a1e56fd34408186e4bbccfd4996cb3dc -> 
  custom:framework-win-MediaFoundation: 216162199b28c13a410421893ffa2e32 -> 
  custom:scripting/monoscript/fileName/Tower.cs: 0e51d5638e1e2b20f04394d6225c671a -> 16583eaf01662413665c0a8803428cd6
  custom:scripting/monoscript/fileName/MenuFrame.cs: 575edbd0df24363ab161dfcb310542c7 -> 
  custom:scripting/monoscript/fileName/FadingText.cs: 77e5b1f06a7e356d3547dd4042e206f5 -> 
  custom:CustomObjectIndexerAttribute: 9a22284fe3817be447336de3de66b15e -> 
  custom:scripting/monoscript/fileName/Readme.cs: 5aedf578fb2663036982fb7b05aaf325 -> 
  custom:scripting/monoscript/fileName/Tooltip.cs: b7163f69ad820c51a0cfd3387a68b1d4 -> efb4e7ecf4b2142538150f2477ca1e4e
  custom:container-demuxer-webm: 4f35f7cbe854078d1ac9338744f61a02 -> 
  custom:scripting/monoscript/fileName/GoldMine.cs: bab3e2ee0cdfb32214ea1458d0239fb0 -> 
  custom:container-muxer-webm: aa71ff27fc2769a1b78a27578f13a17b -> 
  custom:scripting/monoscript/fileName/ReadmeEditor.cs: ff7ced1e41c1b99ddf5dfefc88f6bd50 -> 
  custom:video-decoder-webm-vp8: 9c59270c3fd7afecdb556c50c9e8de78 -> 
  custom:SearchIndexIgnoredProperties: e643bd26f0fe6173181afceb89e7c659 -> 
  custom:AudioImporter_EditorPlatform: d09bf68614088b80899f8185d706f6e7 -> 
  custom:scripting/monoscript/fileName/LumberMill.cs: c2d45524fbd0d6e9a670d983de5f81d7 -> 
  custom:scripting/monoscript/fileName/Slime.cs: e872c3a4bc36777cb1cc31d8379690c8 -> 05272bae05f111c6b0609e32e93d89d5
  custom:scripting/monoscript/fileName/Bar.cs: 890822e7dfd0f89892a6fd3ee944f62e -> 71c40e549b4fade8bed144aaff5a79ac
  custom:scripting/monoscript/fileName/TooltipManager.cs: 902a800de15a4facdbc6dbb1be6c1339 -> bc11dd805cb64c1c2f88cd7ae96fba24
  custom:video-encoder-webm-vp8: eb34c28f22e8b96e1ab97ce403110664 -> 
  custom:audio-decoder-ogg-vorbis: bf7c407c2cedff20999df2af8eb42d56 -> 
  custom:scripting/monoscript/fileName/Bullet.cs: 48ff13ede6c310cc0acf4a30e818a1de -> a4f5918e799041ba1f6608f13912eb8b
  custom:scripting/monoscript/fileName/TowerBuild.cs: 3807a8e615ef6a49dfd3f6bc5055a7a9 -> 9ea8b859a681512b782b9b3988d2f5f8
  custom:scripting/monoscript/fileName/Wave.cs: c8b913f1d5cb3bff026a08ce26c83aad -> 6e300e3b5d1a1dd15fa0115918e06e83
  custom:audio-encoder-webm-vorbis: bf7c407c2cedff20999df2af8eb42d56 -> 
  custom:scripting/monoscript/fileName/WaterReflection.cs: f1c57f2ce2c094032b710e8e5eb21bd7 -> 
  custom:scripting/monoscript/fileName/Tile.cs: e6480a408e34695897b31a69fad2b871 -> a94101d916c115d73aff3567a86e16d8
  custom:scripting/precompiled-assembly-types:Assembly-CSharp: c9de57360eaf86b8c89c0551fb2c903b -> e62b66366f159171f02e707cec416dc6
Editor requested this worker to shutdown with reason: Scaling down because of idle timeout
TcpMessagingSession - receive error: operation aborted. errorcode: 995, details: Vstupnì-výstupní operace byla pøerušena buï z dùvodu ukonèení vlákna, nebo na žádost aplikace.
AssetImportWorker is now disconnected from the server
Process exiting
Exiting without the bug reporter. Application will terminate with return code 0