Using pre-set license
Built from '2022.3/staging' branch; Version is '2022.3.45f1 (a13dfa44d684) revision 10567162'; Using compiler version '192829333'; Build Type 'Release'
OS: 'Windows 10  (10.0.19045) 64bit Professional' Language: 'cs' Physical Memory: 16307 MB
BatchMode: 1, IsHumanControllingUs: 0, StartBugReporterOnCrash: 0, Is64bit: 1, IsPro: 1

COMMAND LINE ARGUMENTS:
C:\Program Files\Unity\Hub\Editor\2022.3.45f1\Editor\Unity.exe
-adb2
-batchMode
-noUpm
-name
AssetImportWorker17
-projectPath
C:/Users/voky/AgainstTheSlimeStorm/Against the slime storm
-logFile
Logs/AssetImportWorker17.log
-srvPort
57713
Successfully changed project path to: C:/Users/voky/AgainstTheSlimeStorm/Against the slime storm
C:/Users/voky/AgainstTheSlimeStorm/Against the slime storm
[UnityMemory] Configuration Parameters - Can be set up in boot.config
    "memorysetup-bucket-allocator-granularity=16"
    "memorysetup-bucket-allocator-bucket-count=8"
    "memorysetup-bucket-allocator-block-size=33554432"
    "memorysetup-bucket-allocator-block-count=8"
    "memorysetup-main-allocator-block-size=16777216"
    "memorysetup-thread-allocator-block-size=16777216"
    "memorysetup-gfx-main-allocator-block-size=16777216"
    "memorysetup-gfx-thread-allocator-block-size=16777216"
    "memorysetup-cache-allocator-block-size=4194304"
    "memorysetup-typetree-allocator-block-size=2097152"
    "memorysetup-profiler-bucket-allocator-granularity=16"
    "memorysetup-profiler-bucket-allocator-bucket-count=8"
    "memorysetup-profiler-bucket-allocator-block-size=33554432"
    "memorysetup-profiler-bucket-allocator-block-count=8"
    "memorysetup-profiler-allocator-block-size=16777216"
    "memorysetup-profiler-editor-allocator-block-size=1048576"
    "memorysetup-temp-allocator-size-main=16777216"
    "memorysetup-job-temp-allocator-block-size=2097152"
    "memorysetup-job-temp-allocator-block-size-background=1048576"
    "memorysetup-job-temp-allocator-reduction-small-platforms=262144"
    "memorysetup-allocator-temp-initial-block-size-main=262144"
    "memorysetup-allocator-temp-initial-block-size-worker=262144"
    "memorysetup-temp-allocator-size-background-worker=32768"
    "memorysetup-temp-allocator-size-job-worker=262144"
    "memorysetup-temp-allocator-size-preload-manager=33554432"
    "memorysetup-temp-allocator-size-nav-mesh-worker=65536"
    "memorysetup-temp-allocator-size-audio-worker=65536"
    "memorysetup-temp-allocator-size-cloud-worker=32768"
    "memorysetup-temp-allocator-size-gi-baking-worker=262144"
    "memorysetup-temp-allocator-size-gfx=262144"
Player connection [30680]  Target information:

Player connection [30680]  * "[IP] 192.168.100.2 [Port] 0 [Flags] 2 [Guid] 2852116826 [EditorId] 2852116826 [Version] 1048832 [Id] WindowsEditor(7,DESKTOP-V7SGJ0O) [Debug] 1 [PackageName] WindowsEditor [ProjectName] Editor" 

Player connection [30680]  * "[IP] 26.131.182.46 [Port] 0 [Flags] 2 [Guid] 2852116826 [EditorId] 2852116826 [Version] 1048832 [Id] WindowsEditor(7,DESKTOP-V7SGJ0O) [Debug] 1 [PackageName] WindowsEditor [ProjectName] Editor" 

Player connection [30680] Host joined multi-casting on [225.0.0.222:54997]...
Player connection [30680] Host joined alternative multi-casting on [225.0.0.222:34997]...
[PhysX] Initialized MultithreadedTaskDispatcher with 12 workers.
Refreshing native plugins compatible for Editor in 8.34 ms, found 3 plugins.
Preloading 0 native plugins for Editor in 0.00 ms.
Initialize engine version: 2022.3.45f1 (a13dfa44d684)
[Subsystems] Discovering subsystems at path C:/Program Files/Unity/Hub/Editor/2022.3.45f1/Editor/Data/Resources/UnitySubsystems
[Subsystems] Discovering subsystems at path C:/Users/voky/AgainstTheSlimeStorm/Against the slime storm/Assets
GfxDevice: creating device client; threaded=0; jobified=0
Direct3D:
    Version:  Direct3D 11.0 [level 11.1]
    Renderer: Radeon RX 570 Series (ID=0x67df)
    Vendor:   ATI
    VRAM:     4074 MB
    Driver:   31.0.21916.2
Initialize mono
Mono path[0] = 'C:/Program Files/Unity/Hub/Editor/2022.3.45f1/Editor/Data/Managed'
Mono path[1] = 'C:/Program Files/Unity/Hub/Editor/2022.3.45f1/Editor/Data/MonoBleedingEdge/lib/mono/unityjit-win32'
Mono config path = 'C:/Program Files/Unity/Hub/Editor/2022.3.45f1/Editor/Data/MonoBleedingEdge/etc'
Using monoOptions --debugger-agent=transport=dt_socket,embedding=1,server=y,suspend=n,address=127.0.0.1:56316
Begin MonoManager ReloadAssembly
Registering precompiled unity dll's ...
Register platform support module: C:/Program Files/Unity/Hub/Editor/2022.3.45f1/Editor/Data/PlaybackEngines/WebGLSupport/UnityEditor.WebGL.Extensions.dll
Register platform support module: C:/Program Files/Unity/Hub/Editor/2022.3.45f1/Editor/Data/PlaybackEngines/WindowsStandaloneSupport/UnityEditor.WindowsStandalone.Extensions.dll
Registered in 0.009887 seconds.
- Loaded All Assemblies, in  0.367 seconds
Native extension for WindowsStandalone target not found
Native extension for WebGL target not found
Mono: successfully reloaded assembly
- Finished resetting the current domain, in  0.287 seconds
Domain Reload Profiling: 652ms
	BeginReloadAssembly (105ms)
		ExecutionOrderSort (0ms)
		DisableScriptedObjects (0ms)
		BackupInstance (0ms)
		ReleaseScriptingObjects (0ms)
		CreateAndSetChildDomain (1ms)
	RebuildCommonClasses (36ms)
	RebuildNativeTypeToScriptingClass (12ms)
	initialDomainReloadingComplete (63ms)
	LoadAllAssembliesAndSetupDomain (150ms)
		LoadAssemblies (103ms)
		RebuildTransferFunctionScriptingTraits (0ms)
		AnalyzeDomain (148ms)
			TypeCache.Refresh (146ms)
				TypeCache.ScanAssembly (129ms)
			ScanForSourceGeneratedMonoScriptInfo (0ms)
			ResolveRequiredComponents (1ms)
	FinalizeReload (288ms)
		ReleaseScriptCaches (0ms)
		RebuildScriptCaches (0ms)
		SetupLoadedEditorAssemblies (238ms)
			LogAssemblyErrors (0ms)
			InitializePlatformSupportModulesInManaged (12ms)
			SetLoadedEditorAssemblies (6ms)
			RefreshPlugins (0ms)
			BeforeProcessingInitializeOnLoad (3ms)
			ProcessInitializeOnLoadAttributes (162ms)
			ProcessInitializeOnLoadMethodAttributes (55ms)
			AfterProcessingInitializeOnLoad (0ms)
			EditorAssembliesLoaded (0ms)
		ExecutionOrderSort2 (0ms)
		AwakeInstancesAfterBackupRestoration (0ms)
========================================================================
Worker process is ready to serve import requests
Caller must complete domain reload
Begin MonoManager ReloadAssembly
- Loaded All Assemblies, in  0.578 seconds
Native extension for WindowsStandalone target not found
Native extension for WebGL target not found
Package Manager log level set to [2]
[Package Manager] Server::EnsureServerProcessIsRunning -- launch failed, reason: Unity was launched with the -noUpm command-line argument
[Package Manager] UpmClient::Send -- Unable to send message (not connected to UPM process).
[Package Manager] Cannot connect to Unity Package Manager local server
Mono: successfully reloaded assembly
- Finished resetting the current domain, in  0.572 seconds
Domain Reload Profiling: 1148ms
	BeginReloadAssembly (140ms)
		ExecutionOrderSort (0ms)
		DisableScriptedObjects (5ms)
		BackupInstance (0ms)
		ReleaseScriptingObjects (0ms)
		CreateAndSetChildDomain (21ms)
	RebuildCommonClasses (34ms)
	RebuildNativeTypeToScriptingClass (11ms)
	initialDomainReloadingComplete (41ms)
	LoadAllAssembliesAndSetupDomain (349ms)
		LoadAssemblies (262ms)
		RebuildTransferFunctionScriptingTraits (0ms)
		AnalyzeDomain (165ms)
			TypeCache.Refresh (146ms)
				TypeCache.ScanAssembly (133ms)
			ScanForSourceGeneratedMonoScriptInfo (13ms)
			ResolveRequiredComponents (5ms)
	FinalizeReload (573ms)
		ReleaseScriptCaches (0ms)
		RebuildScriptCaches (0ms)
		SetupLoadedEditorAssemblies (443ms)
			LogAssemblyErrors (0ms)
			InitializePlatformSupportModulesInManaged (7ms)
			SetLoadedEditorAssemblies (3ms)
			RefreshPlugins (0ms)
			BeforeProcessingInitializeOnLoad (57ms)
			ProcessInitializeOnLoadAttributes (348ms)
			ProcessInitializeOnLoadMethodAttributes (20ms)
			AfterProcessingInitializeOnLoad (7ms)
			EditorAssembliesLoaded (0ms)
		ExecutionOrderSort2 (0ms)
		AwakeInstancesAfterBackupRestoration (7ms)
Launched and connected shader compiler UnityShaderCompiler.exe after 0.04 seconds
Refreshing native plugins compatible for Editor in 3.10 ms, found 3 plugins.
Preloading 0 native plugins for Editor in 0.00 ms.
Unloading 3148 Unused Serialized files (Serialized files now loaded: 0)
Unloading 19 unused Assets / (54.7 KB). Loaded Objects now: 3638.
Memory consumption went from 133.9 MB to 133.9 MB.
Total: 2.813700 ms (FindLiveObjects: 0.284200 ms CreateObjectMapping: 0.074800 ms MarkObjects: 2.352500 ms  DeleteObjects: 0.101200 ms)

AssetImportParameters requested are different than current active one (requested -> active):
  custom:container-demuxer-ogg: 62fdf1f143b41e24485cea50d1cbac27 -> 
  custom:scripting/monoscript/fileName/GameManager.cs: f6182d712e34e20e3202214886862cdb -> 9933fbcc6190e2a9171c2ec8808a053e
  custom:scripting/monoscript/fileName/Income.cs: 938d875b4ea58c05495f38a939171226 -> 
  custom:video-decoder-ogg-theora: a1e56fd34408186e4bbccfd4996cb3dc -> 
  custom:framework-win-MediaFoundation: 216162199b28c13a410421893ffa2e32 -> 
  custom:scripting/monoscript/fileName/Tower.cs: 0e51d5638e1e2b20f04394d6225c671a -> 16583eaf01662413665c0a8803428cd6
  custom:scripting/monoscript/fileName/MenuFrame.cs: 575edbd0df24363ab161dfcb310542c7 -> 
  custom:CustomObjectIndexerAttribute: 9a22284fe3817be447336de3de66b15e -> 
  custom:scripting/monoscript/fileName/Readme.cs: 5aedf578fb2663036982fb7b05aaf325 -> 
  custom:scripting/monoscript/fileName/Tooltip.cs: b7163f69ad820c51a0cfd3387a68b1d4 -> efb4e7ecf4b2142538150f2477ca1e4e
  custom:container-demuxer-webm: 4f35f7cbe854078d1ac9338744f61a02 -> 
  custom:scripting/monoscript/fileName/GoldMine.cs: bab3e2ee0cdfb32214ea1458d0239fb0 -> 
  custom:container-muxer-webm: aa71ff27fc2769a1b78a27578f13a17b -> 
  custom:scripting/monoscript/fileName/ReadmeEditor.cs: ff7ced1e41c1b99ddf5dfefc88f6bd50 -> 
  custom:video-decoder-webm-vp8: 9c59270c3fd7afecdb556c50c9e8de78 -> 
  custom:SearchIndexIgnoredProperties: e643bd26f0fe6173181afceb89e7c659 -> 
  custom:AudioImporter_EditorPlatform: d09bf68614088b80899f8185d706f6e7 -> 
  custom:scripting/monoscript/fileName/LumberMill.cs: c2d45524fbd0d6e9a670d983de5f81d7 -> 
  custom:scripting/monoscript/fileName/Slime.cs: e872c3a4bc36777cb1cc31d8379690c8 -> 05272bae05f111c6b0609e32e93d89d5
  custom:scripting/monoscript/fileName/Bar.cs: 890822e7dfd0f89892a6fd3ee944f62e -> 71c40e549b4fade8bed144aaff5a79ac
  custom:scripting/monoscript/fileName/TooltipManager.cs: 902a800de15a4facdbc6dbb1be6c1339 -> bc11dd805cb64c1c2f88cd7ae96fba24
  custom:video-encoder-webm-vp8: eb34c28f22e8b96e1ab97ce403110664 -> 
  custom:audio-decoder-ogg-vorbis: bf7c407c2cedff20999df2af8eb42d56 -> 
  custom:scripting/monoscript/fileName/Bullet.cs: 48ff13ede6c310cc0acf4a30e818a1de -> a4f5918e799041ba1f6608f13912eb8b
  custom:scripting/monoscript/fileName/TowerBuild.cs: 3807a8e615ef6a49dfd3f6bc5055a7a9 -> 9ea8b859a681512b782b9b3988d2f5f8
  custom:scripting/monoscript/fileName/Wave.cs: c8b913f1d5cb3bff026a08ce26c83aad -> 6e300e3b5d1a1dd15fa0115918e06e83
  custom:audio-encoder-webm-vorbis: bf7c407c2cedff20999df2af8eb42d56 -> 
  custom:scripting/monoscript/fileName/WaterReflection.cs: f1c57f2ce2c094032b710e8e5eb21bd7 -> 
  custom:scripting/monoscript/fileName/Tile.cs: e6480a408e34695897b31a69fad2b871 -> a94101d916c115d73aff3567a86e16d8
========================================================================
Received Import Request.
  Time since last request: 22367.638137 seconds.
  path: Assets/Prefabs/Arrow.prefab
  artifactKey: Guid(e530754f8a214b643a54123eaa798bef) Importer(815301076,1909f56bfc062723c751e8b465ee728b)
Start importing Assets/Prefabs/Arrow.prefab using Guid(e530754f8a214b643a54123eaa798bef) Importer(815301076,1909f56bfc062723c751e8b465ee728b) [PhysX] Initialized MultithreadedTaskDispatcher with 12 workers.
[PhysX] Initialized MultithreadedTaskDispatcher with 12 workers.
 -> (artifact id: 'a483b456dfc2d7e047553e77a0e8305a') in 0.207342 seconds
Number of updated asset objects reloaded before import = 0
Number of asset objects unloaded after import = 11
========================================================================
Received Prepare
Caller must complete domain reload
Begin MonoManager ReloadAssembly
- Loaded All Assemblies, in  0.444 seconds
Native extension for WindowsStandalone target not found
Native extension for WebGL target not found
[Package Manager] Server::EnsureServerProcessIsRunning -- launch failed, reason: Unity was launched with the -noUpm command-line argument
[Package Manager] UpmClient::Send -- Unable to send message (not connected to UPM process).
[Package Manager] Cannot connect to Unity Package Manager local server
Mono: successfully reloaded assembly
- Finished resetting the current domain, in  0.906 seconds
Domain Reload Profiling: 1348ms
	BeginReloadAssembly (152ms)
		ExecutionOrderSort (0ms)
		DisableScriptedObjects (4ms)
		BackupInstance (0ms)
		ReleaseScriptingObjects (0ms)
		CreateAndSetChildDomain (33ms)
	RebuildCommonClasses (33ms)
	RebuildNativeTypeToScriptingClass (11ms)
	initialDomainReloadingComplete (27ms)
	LoadAllAssembliesAndSetupDomain (217ms)
		LoadAssemblies (279ms)
		RebuildTransferFunctionScriptingTraits (0ms)
		AnalyzeDomain (22ms)
			TypeCache.Refresh (8ms)
				TypeCache.ScanAssembly (1ms)
			ScanForSourceGeneratedMonoScriptInfo (7ms)
			ResolveRequiredComponents (6ms)
	FinalizeReload (907ms)
		ReleaseScriptCaches (0ms)
		RebuildScriptCaches (0ms)
		SetupLoadedEditorAssemblies (433ms)
			LogAssemblyErrors (0ms)
			InitializePlatformSupportModulesInManaged (7ms)
			SetLoadedEditorAssemblies (3ms)
			RefreshPlugins (0ms)
			BeforeProcessingInitializeOnLoad (62ms)
			ProcessInitializeOnLoadAttributes (331ms)
			ProcessInitializeOnLoadMethodAttributes (22ms)
			AfterProcessingInitializeOnLoad (8ms)
			EditorAssembliesLoaded (0ms)
		ExecutionOrderSort2 (0ms)
		AwakeInstancesAfterBackupRestoration (7ms)
Refreshing native plugins compatible for Editor in 3.50 ms, found 3 plugins.
Preloading 0 native plugins for Editor in 0.00 ms.
Unloading 3127 Unused Serialized files (Serialized files now loaded: 0)
Unloading 14 unused Assets / (28.5 KB). Loaded Objects now: 3650.
Memory consumption went from 134.3 MB to 134.3 MB.
Total: 2.849400 ms (FindLiveObjects: 0.339000 ms CreateObjectMapping: 0.098000 ms MarkObjects: 2.365700 ms  DeleteObjects: 0.045600 ms)

Prepare: number of updated asset objects reloaded= 0
AssetImportParameters requested are different than current active one (requested -> active):
  custom:container-demuxer-ogg: 62fdf1f143b41e24485cea50d1cbac27 -> 
  custom:scripting/monoscript/fileName/GameManager.cs: f6182d712e34e20e3202214886862cdb -> 9933fbcc6190e2a9171c2ec8808a053e
  custom:scripting/monoscript/fileName/Income.cs: 938d875b4ea58c05495f38a939171226 -> 
  custom:video-decoder-ogg-theora: a1e56fd34408186e4bbccfd4996cb3dc -> 
  custom:framework-win-MediaFoundation: 216162199b28c13a410421893ffa2e32 -> 
  custom:scripting/monoscript/fileName/Tower.cs: 0e51d5638e1e2b20f04394d6225c671a -> 16583eaf01662413665c0a8803428cd6
  custom:scripting/monoscript/fileName/MenuFrame.cs: 575edbd0df24363ab161dfcb310542c7 -> 
  custom:CustomObjectIndexerAttribute: 9a22284fe3817be447336de3de66b15e -> 
  custom:scripting/monoscript/fileName/Readme.cs: 5aedf578fb2663036982fb7b05aaf325 -> 
  custom:scripting/monoscript/fileName/Tooltip.cs: b7163f69ad820c51a0cfd3387a68b1d4 -> efb4e7ecf4b2142538150f2477ca1e4e
  custom:container-demuxer-webm: 4f35f7cbe854078d1ac9338744f61a02 -> 
  custom:scripting/monoscript/fileName/GoldMine.cs: bab3e2ee0cdfb32214ea1458d0239fb0 -> 
  custom:container-muxer-webm: aa71ff27fc2769a1b78a27578f13a17b -> 
  custom:scripting/monoscript/fileName/ReadmeEditor.cs: ff7ced1e41c1b99ddf5dfefc88f6bd50 -> 
  custom:video-decoder-webm-vp8: 9c59270c3fd7afecdb556c50c9e8de78 -> 
  custom:SearchIndexIgnoredProperties: e643bd26f0fe6173181afceb89e7c659 -> 
  custom:AudioImporter_EditorPlatform: d09bf68614088b80899f8185d706f6e7 -> 
  custom:scripting/monoscript/fileName/LumberMill.cs: c2d45524fbd0d6e9a670d983de5f81d7 -> 
  custom:scripting/monoscript/fileName/Slime.cs: e872c3a4bc36777cb1cc31d8379690c8 -> 05272bae05f111c6b0609e32e93d89d5
  custom:scripting/monoscript/fileName/Bar.cs: 890822e7dfd0f89892a6fd3ee944f62e -> 71c40e549b4fade8bed144aaff5a79ac
  custom:scripting/monoscript/fileName/TooltipManager.cs: 902a800de15a4facdbc6dbb1be6c1339 -> bc11dd805cb64c1c2f88cd7ae96fba24
  custom:video-encoder-webm-vp8: eb34c28f22e8b96e1ab97ce403110664 -> 
  custom:audio-decoder-ogg-vorbis: bf7c407c2cedff20999df2af8eb42d56 -> 
  custom:scripting/monoscript/fileName/Bullet.cs: 48ff13ede6c310cc0acf4a30e818a1de -> a4f5918e799041ba1f6608f13912eb8b
  custom:scripting/monoscript/fileName/TowerBuild.cs: 3807a8e615ef6a49dfd3f6bc5055a7a9 -> 9ea8b859a681512b782b9b3988d2f5f8
  custom:scripting/monoscript/fileName/Wave.cs: c8b913f1d5cb3bff026a08ce26c83aad -> 6e300e3b5d1a1dd15fa0115918e06e83
  custom:audio-encoder-webm-vorbis: bf7c407c2cedff20999df2af8eb42d56 -> 
  custom:scripting/monoscript/fileName/WaterReflection.cs: f1c57f2ce2c094032b710e8e5eb21bd7 -> 
  custom:scripting/monoscript/fileName/Tile.cs: e6480a408e34695897b31a69fad2b871 -> a94101d916c115d73aff3567a86e16d8
========================================================================
Received Import Request.
  Time since last request: 5.367901 seconds.
  path: Assets/Prefabs/Wall.prefab
  artifactKey: Guid(b3ab60e276eaeb34587e23f3e44e0fb8) Importer(815301076,1909f56bfc062723c751e8b465ee728b)
Start importing Assets/Prefabs/Wall.prefab using Guid(b3ab60e276eaeb34587e23f3e44e0fb8) Importer(815301076,1909f56bfc062723c751e8b465ee728b) [PhysX] Initialized MultithreadedTaskDispatcher with 12 workers.
 -> (artifact id: 'fb5c26b19a0534c54e5431ea09620989') in 0.002252 seconds
Number of updated asset objects reloaded before import = 0
Number of asset objects unloaded after import = 0
========================================================================
Received Import Request.
  Time since last request: 0.000019 seconds.
  path: Assets/Prefabs/PremiumTower.prefab
  artifactKey: Guid(8542e3db9bff02e4b92f25a033b7ef8e) Importer(815301076,1909f56bfc062723c751e8b465ee728b)
Start importing Assets/Prefabs/PremiumTower.prefab using Guid(8542e3db9bff02e4b92f25a033b7ef8e) Importer(815301076,1909f56bfc062723c751e8b465ee728b) [PhysX] Initialized MultithreadedTaskDispatcher with 12 workers.
 -> (artifact id: '5d548078af6f03e04ca9d75a00d6ae3a') in 0.000543 seconds
Number of updated asset objects reloaded before import = 0
Number of asset objects unloaded after import = 0
========================================================================
Received Import Request.
  Time since last request: 0.000039 seconds.
  path: Assets/Prefabs/ArrowTower.prefab
  artifactKey: Guid(5824a3eb4c50251438fc8288b90d6a00) Importer(815301076,1909f56bfc062723c751e8b465ee728b)
Start importing Assets/Prefabs/ArrowTower.prefab using Guid(5824a3eb4c50251438fc8288b90d6a00) Importer(815301076,1909f56bfc062723c751e8b465ee728b) [PhysX] Initialized MultithreadedTaskDispatcher with 12 workers.
 -> (artifact id: 'bebff7a23df68947f4a7af5d9a44beb7') in 0.000453 seconds
Number of updated asset objects reloaded before import = 0
Number of asset objects unloaded after import = 0
========================================================================
Received Import Request.
  Time since last request: 0.000041 seconds.
  path: Assets/Prefabs/MagicTower.prefab
  artifactKey: Guid(20b1348b4ae7d5742bfd536fd769621d) Importer(815301076,1909f56bfc062723c751e8b465ee728b)
Start importing Assets/Prefabs/MagicTower.prefab using Guid(20b1348b4ae7d5742bfd536fd769621d) Importer(815301076,1909f56bfc062723c751e8b465ee728b) [PhysX] Initialized MultithreadedTaskDispatcher with 12 workers.
 -> (artifact id: '6b112b50de7a5cdc4b1def79f7065898') in 0.000641 seconds
Number of updated asset objects reloaded before import = 0
Number of asset objects unloaded after import = 0
========================================================================
Received Prepare
Caller must complete domain reload
Begin MonoManager ReloadAssembly
- Loaded All Assemblies, in  0.417 seconds
Native extension for WindowsStandalone target not found
Native extension for WebGL target not found
[Package Manager] Server::EnsureServerProcessIsRunning -- launch failed, reason: Unity was launched with the -noUpm command-line argument
[Package Manager] UpmClient::Send -- Unable to send message (not connected to UPM process).
[Package Manager] Cannot connect to Unity Package Manager local server
Mono: successfully reloaded assembly
- Finished resetting the current domain, in  0.921 seconds
Domain Reload Profiling: 1335ms
	BeginReloadAssembly (145ms)
		ExecutionOrderSort (0ms)
		DisableScriptedObjects (4ms)
		BackupInstance (0ms)
		ReleaseScriptingObjects (0ms)
		CreateAndSetChildDomain (27ms)
	RebuildCommonClasses (34ms)
	RebuildNativeTypeToScriptingClass (12ms)
	initialDomainReloadingComplete (28ms)
	LoadAllAssembliesAndSetupDomain (195ms)
		LoadAssemblies (265ms)
		RebuildTransferFunctionScriptingTraits (0ms)
		AnalyzeDomain (13ms)
			TypeCache.Refresh (6ms)
				TypeCache.ScanAssembly (0ms)
			ScanForSourceGeneratedMonoScriptInfo (0ms)
			ResolveRequiredComponents (5ms)
	FinalizeReload (921ms)
		ReleaseScriptCaches (0ms)
		RebuildScriptCaches (0ms)
		SetupLoadedEditorAssemblies (442ms)
			LogAssemblyErrors (0ms)
			InitializePlatformSupportModulesInManaged (8ms)
			SetLoadedEditorAssemblies (3ms)
			RefreshPlugins (0ms)
			BeforeProcessingInitializeOnLoad (63ms)
			ProcessInitializeOnLoadAttributes (338ms)
			ProcessInitializeOnLoadMethodAttributes (21ms)
			AfterProcessingInitializeOnLoad (9ms)
			EditorAssembliesLoaded (0ms)
		ExecutionOrderSort2 (0ms)
		AwakeInstancesAfterBackupRestoration (7ms)
Refreshing native plugins compatible for Editor in 3.38 ms, found 3 plugins.
Preloading 0 native plugins for Editor in 0.00 ms.
Unloading 3127 Unused Serialized files (Serialized files now loaded: 0)
Unloading 14 unused Assets / (28.6 KB). Loaded Objects now: 3653.
Memory consumption went from 134.3 MB to 134.2 MB.
Total: 2.896400 ms (FindLiveObjects: 0.314000 ms CreateObjectMapping: 0.096600 ms MarkObjects: 2.429700 ms  DeleteObjects: 0.055300 ms)

Prepare: number of updated asset objects reloaded= 0
AssetImportParameters requested are different than current active one (requested -> active):
  custom:container-demuxer-ogg: 62fdf1f143b41e24485cea50d1cbac27 -> 
  custom:scripting/monoscript/fileName/GameManager.cs: f6182d712e34e20e3202214886862cdb -> 9933fbcc6190e2a9171c2ec8808a053e
  custom:scripting/monoscript/fileName/Income.cs: 938d875b4ea58c05495f38a939171226 -> 
  custom:video-decoder-ogg-theora: a1e56fd34408186e4bbccfd4996cb3dc -> 
  custom:framework-win-MediaFoundation: 216162199b28c13a410421893ffa2e32 -> 
  custom:scripting/monoscript/fileName/Tower.cs: 0e51d5638e1e2b20f04394d6225c671a -> 16583eaf01662413665c0a8803428cd6
  custom:scripting/monoscript/fileName/MenuFrame.cs: 575edbd0df24363ab161dfcb310542c7 -> 
  custom:CustomObjectIndexerAttribute: 9a22284fe3817be447336de3de66b15e -> 
  custom:scripting/monoscript/fileName/Readme.cs: 5aedf578fb2663036982fb7b05aaf325 -> 
  custom:scripting/monoscript/fileName/Tooltip.cs: b7163f69ad820c51a0cfd3387a68b1d4 -> efb4e7ecf4b2142538150f2477ca1e4e
  custom:container-demuxer-webm: 4f35f7cbe854078d1ac9338744f61a02 -> 
  custom:scripting/monoscript/fileName/GoldMine.cs: bab3e2ee0cdfb32214ea1458d0239fb0 -> 
  custom:container-muxer-webm: aa71ff27fc2769a1b78a27578f13a17b -> 
  custom:scripting/monoscript/fileName/ReadmeEditor.cs: ff7ced1e41c1b99ddf5dfefc88f6bd50 -> 
  custom:video-decoder-webm-vp8: 9c59270c3fd7afecdb556c50c9e8de78 -> 
  custom:SearchIndexIgnoredProperties: e643bd26f0fe6173181afceb89e7c659 -> 
  custom:AudioImporter_EditorPlatform: d09bf68614088b80899f8185d706f6e7 -> 
  custom:scripting/monoscript/fileName/LumberMill.cs: c2d45524fbd0d6e9a670d983de5f81d7 -> 
  custom:scripting/monoscript/fileName/Slime.cs: e872c3a4bc36777cb1cc31d8379690c8 -> 05272bae05f111c6b0609e32e93d89d5
  custom:scripting/monoscript/fileName/Bar.cs: 890822e7dfd0f89892a6fd3ee944f62e -> 71c40e549b4fade8bed144aaff5a79ac
  custom:scripting/monoscript/fileName/TooltipManager.cs: 902a800de15a4facdbc6dbb1be6c1339 -> bc11dd805cb64c1c2f88cd7ae96fba24
  custom:video-encoder-webm-vp8: eb34c28f22e8b96e1ab97ce403110664 -> 
  custom:audio-decoder-ogg-vorbis: bf7c407c2cedff20999df2af8eb42d56 -> 
  custom:scripting/monoscript/fileName/Bullet.cs: 48ff13ede6c310cc0acf4a30e818a1de -> a4f5918e799041ba1f6608f13912eb8b
  custom:scripting/monoscript/fileName/TowerBuild.cs: 3807a8e615ef6a49dfd3f6bc5055a7a9 -> 9ea8b859a681512b782b9b3988d2f5f8
  custom:scripting/monoscript/fileName/Wave.cs: c8b913f1d5cb3bff026a08ce26c83aad -> 6e300e3b5d1a1dd15fa0115918e06e83
  custom:audio-encoder-webm-vorbis: bf7c407c2cedff20999df2af8eb42d56 -> 
  custom:scripting/monoscript/fileName/WaterReflection.cs: f1c57f2ce2c094032b710e8e5eb21bd7 -> 
  custom:scripting/monoscript/fileName/Tile.cs: e6480a408e34695897b31a69fad2b871 -> a94101d916c115d73aff3567a86e16d8
========================================================================
Received Import Request.
  Time since last request: 5.156188 seconds.
  path: Assets/Prefabs/Wall.prefab
  artifactKey: Guid(b3ab60e276eaeb34587e23f3e44e0fb8) Importer(815301076,1909f56bfc062723c751e8b465ee728b)
Start importing Assets/Prefabs/Wall.prefab using Guid(b3ab60e276eaeb34587e23f3e44e0fb8) Importer(815301076,1909f56bfc062723c751e8b465ee728b) [PhysX] Initialized MultithreadedTaskDispatcher with 12 workers.
 -> (artifact id: 'fb5c26b19a0534c54e5431ea09620989') in 0.002158 seconds
Number of updated asset objects reloaded before import = 0
Number of asset objects unloaded after import = 0
========================================================================
Received Import Request.
  Time since last request: 0.000026 seconds.
  path: Assets/Prefabs/ArrowTower.prefab
  artifactKey: Guid(5824a3eb4c50251438fc8288b90d6a00) Importer(815301076,1909f56bfc062723c751e8b465ee728b)
Start importing Assets/Prefabs/ArrowTower.prefab using Guid(5824a3eb4c50251438fc8288b90d6a00) Importer(815301076,1909f56bfc062723c751e8b465ee728b) [PhysX] Initialized MultithreadedTaskDispatcher with 12 workers.
 -> (artifact id: 'bebff7a23df68947f4a7af5d9a44beb7') in 0.000515 seconds
Number of updated asset objects reloaded before import = 0
Number of asset objects unloaded after import = 0
========================================================================
Received Import Request.
  Time since last request: 11.485256 seconds.
  path: Assets/Prefabs/ArrowTower.prefab
  artifactKey: Guid(5824a3eb4c50251438fc8288b90d6a00) Importer(815301076,1909f56bfc062723c751e8b465ee728b)
Start importing Assets/Prefabs/ArrowTower.prefab using Guid(5824a3eb4c50251438fc8288b90d6a00) Importer(815301076,1909f56bfc062723c751e8b465ee728b) [PhysX] Initialized MultithreadedTaskDispatcher with 12 workers.
 -> (artifact id: 'bebff7a23df68947f4a7af5d9a44beb7') in 0.000492 seconds
Number of updated asset objects reloaded before import = 0
Number of asset objects unloaded after import = 0
========================================================================
Received Import Request.
  Time since last request: 0.000015 seconds.
  path: Assets/Prefabs/Wall.prefab
  artifactKey: Guid(b3ab60e276eaeb34587e23f3e44e0fb8) Importer(815301076,1909f56bfc062723c751e8b465ee728b)
Start importing Assets/Prefabs/Wall.prefab using Guid(b3ab60e276eaeb34587e23f3e44e0fb8) Importer(815301076,1909f56bfc062723c751e8b465ee728b) [PhysX] Initialized MultithreadedTaskDispatcher with 12 workers.
 -> (artifact id: 'fb5c26b19a0534c54e5431ea09620989') in 0.000311 seconds
Number of updated asset objects reloaded before import = 0
Number of asset objects unloaded after import = 0
========================================================================
Received Prepare
Caller must complete domain reload
Begin MonoManager ReloadAssembly
- Loaded All Assemblies, in  0.445 seconds
Native extension for WindowsStandalone target not found
Native extension for WebGL target not found
[Package Manager] Server::EnsureServerProcessIsRunning -- launch failed, reason: Unity was launched with the -noUpm command-line argument
[Package Manager] UpmClient::Send -- Unable to send message (not connected to UPM process).
[Package Manager] Cannot connect to Unity Package Manager local server
Mono: successfully reloaded assembly
- Finished resetting the current domain, in  1.186 seconds
Domain Reload Profiling: 1627ms
	BeginReloadAssembly (146ms)
		ExecutionOrderSort (0ms)
		DisableScriptedObjects (4ms)
		BackupInstance (0ms)
		ReleaseScriptingObjects (0ms)
		CreateAndSetChildDomain (28ms)
	RebuildCommonClasses (32ms)
	RebuildNativeTypeToScriptingClass (11ms)
	initialDomainReloadingComplete (29ms)
	LoadAllAssembliesAndSetupDomain (223ms)
		LoadAssemblies (284ms)
		RebuildTransferFunctionScriptingTraits (0ms)
		AnalyzeDomain (23ms)
			TypeCache.Refresh (9ms)
				TypeCache.ScanAssembly (1ms)
			ScanForSourceGeneratedMonoScriptInfo (6ms)
			ResolveRequiredComponents (5ms)
	FinalizeReload (1186ms)
		ReleaseScriptCaches (0ms)
		RebuildScriptCaches (0ms)
		SetupLoadedEditorAssemblies (496ms)
			LogAssemblyErrors (0ms)
			InitializePlatformSupportModulesInManaged (12ms)
			SetLoadedEditorAssemblies (4ms)
			RefreshPlugins (0ms)
			BeforeProcessingInitializeOnLoad (75ms)
			ProcessInitializeOnLoadAttributes (373ms)
			ProcessInitializeOnLoadMethodAttributes (24ms)
			AfterProcessingInitializeOnLoad (7ms)
			EditorAssembliesLoaded (0ms)
		ExecutionOrderSort2 (0ms)
		AwakeInstancesAfterBackupRestoration (6ms)
Refreshing native plugins compatible for Editor in 4.03 ms, found 3 plugins.
Preloading 0 native plugins for Editor in 0.00 ms.
Unloading 3127 Unused Serialized files (Serialized files now loaded: 0)
Unloading 14 unused Assets / (28.6 KB). Loaded Objects now: 3656.
Memory consumption went from 134.3 MB to 134.3 MB.
Total: 2.904200 ms (FindLiveObjects: 0.352800 ms CreateObjectMapping: 0.077500 ms MarkObjects: 2.423300 ms  DeleteObjects: 0.049000 ms)

Prepare: number of updated asset objects reloaded= 0
AssetImportParameters requested are different than current active one (requested -> active):
  custom:container-demuxer-ogg: 62fdf1f143b41e24485cea50d1cbac27 -> 
  custom:scripting/monoscript/fileName/GameManager.cs: f6182d712e34e20e3202214886862cdb -> 9933fbcc6190e2a9171c2ec8808a053e
  custom:scripting/monoscript/fileName/Income.cs: 938d875b4ea58c05495f38a939171226 -> 
  custom:video-decoder-ogg-theora: a1e56fd34408186e4bbccfd4996cb3dc -> 
  custom:framework-win-MediaFoundation: 216162199b28c13a410421893ffa2e32 -> 
  custom:scripting/monoscript/fileName/Tower.cs: 0e51d5638e1e2b20f04394d6225c671a -> 16583eaf01662413665c0a8803428cd6
  custom:scripting/monoscript/fileName/MenuFrame.cs: 575edbd0df24363ab161dfcb310542c7 -> 
  custom:CustomObjectIndexerAttribute: 9a22284fe3817be447336de3de66b15e -> 
  custom:scripting/monoscript/fileName/Readme.cs: 5aedf578fb2663036982fb7b05aaf325 -> 
  custom:scripting/monoscript/fileName/Tooltip.cs: b7163f69ad820c51a0cfd3387a68b1d4 -> efb4e7ecf4b2142538150f2477ca1e4e
  custom:container-demuxer-webm: 4f35f7cbe854078d1ac9338744f61a02 -> 
  custom:scripting/monoscript/fileName/GoldMine.cs: bab3e2ee0cdfb32214ea1458d0239fb0 -> 
  custom:container-muxer-webm: aa71ff27fc2769a1b78a27578f13a17b -> 
  custom:scripting/monoscript/fileName/ReadmeEditor.cs: ff7ced1e41c1b99ddf5dfefc88f6bd50 -> 
  custom:video-decoder-webm-vp8: 9c59270c3fd7afecdb556c50c9e8de78 -> 
  custom:SearchIndexIgnoredProperties: e643bd26f0fe6173181afceb89e7c659 -> 
  custom:AudioImporter_EditorPlatform: d09bf68614088b80899f8185d706f6e7 -> 
  custom:scripting/monoscript/fileName/LumberMill.cs: c2d45524fbd0d6e9a670d983de5f81d7 -> 
  custom:scripting/monoscript/fileName/Slime.cs: e872c3a4bc36777cb1cc31d8379690c8 -> 05272bae05f111c6b0609e32e93d89d5
  custom:scripting/monoscript/fileName/Bar.cs: 890822e7dfd0f89892a6fd3ee944f62e -> 71c40e549b4fade8bed144aaff5a79ac
  custom:scripting/monoscript/fileName/TooltipManager.cs: 902a800de15a4facdbc6dbb1be6c1339 -> bc11dd805cb64c1c2f88cd7ae96fba24
  custom:video-encoder-webm-vp8: eb34c28f22e8b96e1ab97ce403110664 -> 
  custom:audio-decoder-ogg-vorbis: bf7c407c2cedff20999df2af8eb42d56 -> 
  custom:scripting/monoscript/fileName/Bullet.cs: 48ff13ede6c310cc0acf4a30e818a1de -> a4f5918e799041ba1f6608f13912eb8b
  custom:scripting/monoscript/fileName/TowerBuild.cs: 3807a8e615ef6a49dfd3f6bc5055a7a9 -> 9ea8b859a681512b782b9b3988d2f5f8
  custom:scripting/monoscript/fileName/Wave.cs: c8b913f1d5cb3bff026a08ce26c83aad -> 6e300e3b5d1a1dd15fa0115918e06e83
  custom:audio-encoder-webm-vorbis: bf7c407c2cedff20999df2af8eb42d56 -> 
  custom:scripting/monoscript/fileName/WaterReflection.cs: f1c57f2ce2c094032b710e8e5eb21bd7 -> 
  custom:scripting/monoscript/fileName/Tile.cs: e6480a408e34695897b31a69fad2b871 -> a94101d916c115d73aff3567a86e16d8
========================================================================
Received Import Request.
  Time since last request: 5.560470 seconds.
  path: Assets/Prefabs/Wall.prefab
  artifactKey: Guid(b3ab60e276eaeb34587e23f3e44e0fb8) Importer(815301076,1909f56bfc062723c751e8b465ee728b)
Start importing Assets/Prefabs/Wall.prefab using Guid(b3ab60e276eaeb34587e23f3e44e0fb8) Importer(815301076,1909f56bfc062723c751e8b465ee728b) [PhysX] Initialized MultithreadedTaskDispatcher with 12 workers.
 -> (artifact id: 'fb5c26b19a0534c54e5431ea09620989') in 0.001962 seconds
Number of updated asset objects reloaded before import = 0
Number of asset objects unloaded after import = 0
========================================================================
Received Import Request.
  Time since last request: 0.000024 seconds.
  path: Assets/Prefabs/ArrowTower.prefab
  artifactKey: Guid(5824a3eb4c50251438fc8288b90d6a00) Importer(815301076,1909f56bfc062723c751e8b465ee728b)
Start importing Assets/Prefabs/ArrowTower.prefab using Guid(5824a3eb4c50251438fc8288b90d6a00) Importer(815301076,1909f56bfc062723c751e8b465ee728b) [PhysX] Initialized MultithreadedTaskDispatcher with 12 workers.
 -> (artifact id: 'bebff7a23df68947f4a7af5d9a44beb7') in 0.000517 seconds
Number of updated asset objects reloaded before import = 0
Number of asset objects unloaded after import = 0
========================================================================
Received Import Request.
  Time since last request: 0.000038 seconds.
  path: Assets/Prefabs/MagicTower.prefab
  artifactKey: Guid(20b1348b4ae7d5742bfd536fd769621d) Importer(815301076,1909f56bfc062723c751e8b465ee728b)
Start importing Assets/Prefabs/MagicTower.prefab using Guid(20b1348b4ae7d5742bfd536fd769621d) Importer(815301076,1909f56bfc062723c751e8b465ee728b) [PhysX] Initialized MultithreadedTaskDispatcher with 12 workers.
 -> (artifact id: '6b112b50de7a5cdc4b1def79f7065898') in 0.000344 seconds
Number of updated asset objects reloaded before import = 0
Number of asset objects unloaded after import = 0
========================================================================
Received Import Request.
  Time since last request: 0.946565 seconds.
  path: Assets/Prefabs/ArrowTower.prefab
  artifactKey: Guid(5824a3eb4c50251438fc8288b90d6a00) Importer(815301076,1909f56bfc062723c751e8b465ee728b)
Start importing Assets/Prefabs/ArrowTower.prefab using Guid(5824a3eb4c50251438fc8288b90d6a00) Importer(815301076,1909f56bfc062723c751e8b465ee728b) [PhysX] Initialized MultithreadedTaskDispatcher with 12 workers.
 -> (artifact id: 'bebff7a23df68947f4a7af5d9a44beb7') in 0.000597 seconds
Number of updated asset objects reloaded before import = 0
Number of asset objects unloaded after import = 0
========================================================================
Received Import Request.
  Time since last request: 0.000022 seconds.
  path: Assets/Prefabs/Wall.prefab
  artifactKey: Guid(b3ab60e276eaeb34587e23f3e44e0fb8) Importer(815301076,1909f56bfc062723c751e8b465ee728b)
Start importing Assets/Prefabs/Wall.prefab using Guid(b3ab60e276eaeb34587e23f3e44e0fb8) Importer(815301076,1909f56bfc062723c751e8b465ee728b) [PhysX] Initialized MultithreadedTaskDispatcher with 12 workers.
 -> (artifact id: 'fb5c26b19a0534c54e5431ea09620989') in 0.000582 seconds
Number of updated asset objects reloaded before import = 0
Number of asset objects unloaded after import = 0
========================================================================
Received Prepare
Caller must complete domain reload
Begin MonoManager ReloadAssembly
- Loaded All Assemblies, in  0.439 seconds
Native extension for WindowsStandalone target not found
Native extension for WebGL target not found
[Package Manager] Server::EnsureServerProcessIsRunning -- launch failed, reason: Unity was launched with the -noUpm command-line argument
[Package Manager] UpmClient::Send -- Unable to send message (not connected to UPM process).
[Package Manager] Cannot connect to Unity Package Manager local server
Mono: successfully reloaded assembly
- Finished resetting the current domain, in  0.888 seconds
Domain Reload Profiling: 1325ms
	BeginReloadAssembly (144ms)
		ExecutionOrderSort (0ms)
		DisableScriptedObjects (4ms)
		BackupInstance (0ms)
		ReleaseScriptingObjects (0ms)
		CreateAndSetChildDomain (27ms)
	RebuildCommonClasses (31ms)
	RebuildNativeTypeToScriptingClass (11ms)
	initialDomainReloadingComplete (30ms)
	LoadAllAssembliesAndSetupDomain (220ms)
		LoadAssemblies (278ms)
		RebuildTransferFunctionScriptingTraits (0ms)
		AnalyzeDomain (24ms)
			TypeCache.Refresh (9ms)
				TypeCache.ScanAssembly (1ms)
			ScanForSourceGeneratedMonoScriptInfo (7ms)
			ResolveRequiredComponents (6ms)
	FinalizeReload (889ms)
		ReleaseScriptCaches (0ms)
		RebuildScriptCaches (0ms)
		SetupLoadedEditorAssemblies (422ms)
			LogAssemblyErrors (0ms)
			InitializePlatformSupportModulesInManaged (10ms)
			SetLoadedEditorAssemblies (3ms)
			RefreshPlugins (0ms)
			BeforeProcessingInitializeOnLoad (58ms)
			ProcessInitializeOnLoadAttributes (323ms)
			ProcessInitializeOnLoadMethodAttributes (21ms)
			AfterProcessingInitializeOnLoad (8ms)
			EditorAssembliesLoaded (0ms)
		ExecutionOrderSort2 (0ms)
		AwakeInstancesAfterBackupRestoration (6ms)
Refreshing native plugins compatible for Editor in 3.13 ms, found 3 plugins.
Preloading 0 native plugins for Editor in 0.00 ms.
Unloading 3127 Unused Serialized files (Serialized files now loaded: 0)
Unloading 14 unused Assets / (28.6 KB). Loaded Objects now: 3659.
Memory consumption went from 134.3 MB to 134.3 MB.
Total: 2.661400 ms (FindLiveObjects: 0.296100 ms CreateObjectMapping: 0.083700 ms MarkObjects: 2.242200 ms  DeleteObjects: 0.038400 ms)

Prepare: number of updated asset objects reloaded= 0
AssetImportParameters requested are different than current active one (requested -> active):
  custom:container-demuxer-ogg: 62fdf1f143b41e24485cea50d1cbac27 -> 
  custom:scripting/monoscript/fileName/GameManager.cs: f6182d712e34e20e3202214886862cdb -> 9933fbcc6190e2a9171c2ec8808a053e
  custom:scripting/monoscript/fileName/Income.cs: 938d875b4ea58c05495f38a939171226 -> 
  custom:video-decoder-ogg-theora: a1e56fd34408186e4bbccfd4996cb3dc -> 
  custom:framework-win-MediaFoundation: 216162199b28c13a410421893ffa2e32 -> 
  custom:scripting/monoscript/fileName/Tower.cs: 0e51d5638e1e2b20f04394d6225c671a -> 16583eaf01662413665c0a8803428cd6
  custom:scripting/monoscript/fileName/MenuFrame.cs: 575edbd0df24363ab161dfcb310542c7 -> 
  custom:CustomObjectIndexerAttribute: 9a22284fe3817be447336de3de66b15e -> 
  custom:scripting/monoscript/fileName/Readme.cs: 5aedf578fb2663036982fb7b05aaf325 -> 
  custom:scripting/monoscript/fileName/Tooltip.cs: b7163f69ad820c51a0cfd3387a68b1d4 -> efb4e7ecf4b2142538150f2477ca1e4e
  custom:container-demuxer-webm: 4f35f7cbe854078d1ac9338744f61a02 -> 
  custom:scripting/monoscript/fileName/GoldMine.cs: bab3e2ee0cdfb32214ea1458d0239fb0 -> 
  custom:container-muxer-webm: aa71ff27fc2769a1b78a27578f13a17b -> 
  custom:scripting/monoscript/fileName/ReadmeEditor.cs: ff7ced1e41c1b99ddf5dfefc88f6bd50 -> 
  custom:video-decoder-webm-vp8: 9c59270c3fd7afecdb556c50c9e8de78 -> 
  custom:SearchIndexIgnoredProperties: e643bd26f0fe6173181afceb89e7c659 -> 
  custom:AudioImporter_EditorPlatform: d09bf68614088b80899f8185d706f6e7 -> 
  custom:scripting/monoscript/fileName/LumberMill.cs: c2d45524fbd0d6e9a670d983de5f81d7 -> 
  custom:scripting/monoscript/fileName/Slime.cs: e872c3a4bc36777cb1cc31d8379690c8 -> 05272bae05f111c6b0609e32e93d89d5
  custom:scripting/monoscript/fileName/Bar.cs: 890822e7dfd0f89892a6fd3ee944f62e -> 71c40e549b4fade8bed144aaff5a79ac
  custom:scripting/monoscript/fileName/TooltipManager.cs: 902a800de15a4facdbc6dbb1be6c1339 -> bc11dd805cb64c1c2f88cd7ae96fba24
  custom:video-encoder-webm-vp8: eb34c28f22e8b96e1ab97ce403110664 -> 
  custom:audio-decoder-ogg-vorbis: bf7c407c2cedff20999df2af8eb42d56 -> 
  custom:scripting/monoscript/fileName/Bullet.cs: 48ff13ede6c310cc0acf4a30e818a1de -> a4f5918e799041ba1f6608f13912eb8b
  custom:scripting/monoscript/fileName/TowerBuild.cs: 3807a8e615ef6a49dfd3f6bc5055a7a9 -> 9ea8b859a681512b782b9b3988d2f5f8
  custom:scripting/monoscript/fileName/Wave.cs: c8b913f1d5cb3bff026a08ce26c83aad -> 6e300e3b5d1a1dd15fa0115918e06e83
  custom:audio-encoder-webm-vorbis: bf7c407c2cedff20999df2af8eb42d56 -> 
  custom:scripting/monoscript/fileName/WaterReflection.cs: f1c57f2ce2c094032b710e8e5eb21bd7 -> 
  custom:scripting/monoscript/fileName/Tile.cs: e6480a408e34695897b31a69fad2b871 -> a94101d916c115d73aff3567a86e16d8
========================================================================
Received Prepare
Caller must complete domain reload
Begin MonoManager ReloadAssembly
- Loaded All Assemblies, in  0.423 seconds
Native extension for WindowsStandalone target not found
Native extension for WebGL target not found
[Package Manager] Server::EnsureServerProcessIsRunning -- launch failed, reason: Unity was launched with the -noUpm command-line argument
[Package Manager] UpmClient::Send -- Unable to send message (not connected to UPM process).
[Package Manager] Cannot connect to Unity Package Manager local server
Mono: successfully reloaded assembly
- Finished resetting the current domain, in  0.910 seconds
Domain Reload Profiling: 1331ms
	BeginReloadAssembly (144ms)
		ExecutionOrderSort (0ms)
		DisableScriptedObjects (4ms)
		BackupInstance (0ms)
		ReleaseScriptingObjects (0ms)
		CreateAndSetChildDomain (28ms)
	RebuildCommonClasses (35ms)
	RebuildNativeTypeToScriptingClass (11ms)
	initialDomainReloadingComplete (29ms)
	LoadAllAssembliesAndSetupDomain (201ms)
		LoadAssemblies (269ms)
		RebuildTransferFunctionScriptingTraits (0ms)
		AnalyzeDomain (14ms)
			TypeCache.Refresh (6ms)
				TypeCache.ScanAssembly (0ms)
			ScanForSourceGeneratedMonoScriptInfo (0ms)
			ResolveRequiredComponents (6ms)
	FinalizeReload (911ms)
		ReleaseScriptCaches (0ms)
		RebuildScriptCaches (0ms)
		SetupLoadedEditorAssemblies (448ms)
			LogAssemblyErrors (0ms)
			InitializePlatformSupportModulesInManaged (8ms)
			SetLoadedEditorAssemblies (3ms)
			RefreshPlugins (0ms)
			BeforeProcessingInitializeOnLoad (65ms)
			ProcessInitializeOnLoadAttributes (342ms)
			ProcessInitializeOnLoadMethodAttributes (22ms)
			AfterProcessingInitializeOnLoad (8ms)
			EditorAssembliesLoaded (0ms)
		ExecutionOrderSort2 (0ms)
		AwakeInstancesAfterBackupRestoration (7ms)
Refreshing native plugins compatible for Editor in 3.92 ms, found 3 plugins.
Preloading 0 native plugins for Editor in 0.00 ms.
Unloading 3128 Unused Serialized files (Serialized files now loaded: 0)
Unloading 14 unused Assets / (28.5 KB). Loaded Objects now: 3662.
Memory consumption went from 134.5 MB to 134.5 MB.
Total: 2.675900 ms (FindLiveObjects: 0.294100 ms CreateObjectMapping: 0.088400 ms MarkObjects: 2.250000 ms  DeleteObjects: 0.042700 ms)

Prepare: number of updated asset objects reloaded= 0
AssetImportParameters requested are different than current active one (requested -> active):
  custom:container-demuxer-ogg: 62fdf1f143b41e24485cea50d1cbac27 -> 
  custom:scripting/monoscript/fileName/GameManager.cs: f6182d712e34e20e3202214886862cdb -> 9933fbcc6190e2a9171c2ec8808a053e
  custom:scripting/monoscript/fileName/Income.cs: 938d875b4ea58c05495f38a939171226 -> 
  custom:video-decoder-ogg-theora: a1e56fd34408186e4bbccfd4996cb3dc -> 
  custom:framework-win-MediaFoundation: 216162199b28c13a410421893ffa2e32 -> 
  custom:scripting/monoscript/fileName/Tower.cs: 0e51d5638e1e2b20f04394d6225c671a -> 16583eaf01662413665c0a8803428cd6
  custom:scripting/monoscript/fileName/MenuFrame.cs: 575edbd0df24363ab161dfcb310542c7 -> 
  custom:CustomObjectIndexerAttribute: 9a22284fe3817be447336de3de66b15e -> 
  custom:scripting/monoscript/fileName/Readme.cs: 5aedf578fb2663036982fb7b05aaf325 -> 
  custom:scripting/monoscript/fileName/Tooltip.cs: b7163f69ad820c51a0cfd3387a68b1d4 -> efb4e7ecf4b2142538150f2477ca1e4e
  custom:container-demuxer-webm: 4f35f7cbe854078d1ac9338744f61a02 -> 
  custom:scripting/monoscript/fileName/GoldMine.cs: bab3e2ee0cdfb32214ea1458d0239fb0 -> 
  custom:container-muxer-webm: aa71ff27fc2769a1b78a27578f13a17b -> 
  custom:scripting/monoscript/fileName/ReadmeEditor.cs: ff7ced1e41c1b99ddf5dfefc88f6bd50 -> 
  custom:video-decoder-webm-vp8: 9c59270c3fd7afecdb556c50c9e8de78 -> 
  custom:SearchIndexIgnoredProperties: e643bd26f0fe6173181afceb89e7c659 -> 
  custom:AudioImporter_EditorPlatform: d09bf68614088b80899f8185d706f6e7 -> 
  custom:scripting/monoscript/fileName/LumberMill.cs: c2d45524fbd0d6e9a670d983de5f81d7 -> 
  custom:scripting/monoscript/fileName/Slime.cs: e872c3a4bc36777cb1cc31d8379690c8 -> 05272bae05f111c6b0609e32e93d89d5
  custom:scripting/monoscript/fileName/Bar.cs: 890822e7dfd0f89892a6fd3ee944f62e -> 71c40e549b4fade8bed144aaff5a79ac
  custom:scripting/monoscript/fileName/TooltipManager.cs: 902a800de15a4facdbc6dbb1be6c1339 -> bc11dd805cb64c1c2f88cd7ae96fba24
  custom:video-encoder-webm-vp8: eb34c28f22e8b96e1ab97ce403110664 -> 
  custom:audio-decoder-ogg-vorbis: bf7c407c2cedff20999df2af8eb42d56 -> 
  custom:scripting/monoscript/fileName/Bullet.cs: 48ff13ede6c310cc0acf4a30e818a1de -> a4f5918e799041ba1f6608f13912eb8b
  custom:scripting/monoscript/fileName/TowerBuild.cs: 3807a8e615ef6a49dfd3f6bc5055a7a9 -> 9ea8b859a681512b782b9b3988d2f5f8
  custom:scripting/monoscript/fileName/Wave.cs: c8b913f1d5cb3bff026a08ce26c83aad -> 6e300e3b5d1a1dd15fa0115918e06e83
  custom:audio-encoder-webm-vorbis: bf7c407c2cedff20999df2af8eb42d56 -> 
  custom:scripting/monoscript/fileName/WaterReflection.cs: f1c57f2ce2c094032b710e8e5eb21bd7 -> 
  custom:scripting/monoscript/fileName/Tile.cs: e6480a408e34695897b31a69fad2b871 -> a94101d916c115d73aff3567a86e16d8
========================================================================
Received Import Request.
  Time since last request: 9.069120 seconds.
  path: Assets/Prefabs/Wall.prefab
  artifactKey: Guid(b3ab60e276eaeb34587e23f3e44e0fb8) Importer(815301076,1909f56bfc062723c751e8b465ee728b)
Start importing Assets/Prefabs/Wall.prefab using Guid(b3ab60e276eaeb34587e23f3e44e0fb8) Importer(815301076,1909f56bfc062723c751e8b465ee728b) [PhysX] Initialized MultithreadedTaskDispatcher with 12 workers.
 -> (artifact id: 'fb5c26b19a0534c54e5431ea09620989') in 0.002162 seconds
Number of updated asset objects reloaded before import = 0
Number of asset objects unloaded after import = 0
========================================================================
Received Import Request.
  Time since last request: 0.000033 seconds.
  path: Assets/Prefabs/PremiumTower.prefab
  artifactKey: Guid(8542e3db9bff02e4b92f25a033b7ef8e) Importer(815301076,1909f56bfc062723c751e8b465ee728b)
Start importing Assets/Prefabs/PremiumTower.prefab using Guid(8542e3db9bff02e4b92f25a033b7ef8e) Importer(815301076,1909f56bfc062723c751e8b465ee728b) [PhysX] Initialized MultithreadedTaskDispatcher with 12 workers.
 -> (artifact id: '5d548078af6f03e04ca9d75a00d6ae3a') in 0.000633 seconds
Number of updated asset objects reloaded before import = 0
Number of asset objects unloaded after import = 0
========================================================================
Received Import Request.
  Time since last request: 0.000029 seconds.
  path: Assets/Prefabs/ArrowTower.prefab
  artifactKey: Guid(5824a3eb4c50251438fc8288b90d6a00) Importer(815301076,1909f56bfc062723c751e8b465ee728b)
Start importing Assets/Prefabs/ArrowTower.prefab using Guid(5824a3eb4c50251438fc8288b90d6a00) Importer(815301076,1909f56bfc062723c751e8b465ee728b) [PhysX] Initialized MultithreadedTaskDispatcher with 12 workers.
 -> (artifact id: 'bebff7a23df68947f4a7af5d9a44beb7') in 0.000471 seconds
Number of updated asset objects reloaded before import = 0
Number of asset objects unloaded after import = 0
========================================================================
Received Import Request.
  Time since last request: 0.000012 seconds.
  path: Assets/Prefabs/MagicTower.prefab
  artifactKey: Guid(20b1348b4ae7d5742bfd536fd769621d) Importer(815301076,1909f56bfc062723c751e8b465ee728b)
Start importing Assets/Prefabs/MagicTower.prefab using Guid(20b1348b4ae7d5742bfd536fd769621d) Importer(815301076,1909f56bfc062723c751e8b465ee728b) [PhysX] Initialized MultithreadedTaskDispatcher with 12 workers.
 -> (artifact id: '6b112b50de7a5cdc4b1def79f7065898') in 0.000310 seconds
Number of updated asset objects reloaded before import = 0
Number of asset objects unloaded after import = 0
========================================================================
Received Import Request.
  Time since last request: 36.224791 seconds.
  path: Assets/Prefabs/ArrowTower.prefab
  artifactKey: Guid(5824a3eb4c50251438fc8288b90d6a00) Importer(815301076,1909f56bfc062723c751e8b465ee728b)
Start importing Assets/Prefabs/ArrowTower.prefab using Guid(5824a3eb4c50251438fc8288b90d6a00) Importer(815301076,1909f56bfc062723c751e8b465ee728b) [PhysX] Initialized MultithreadedTaskDispatcher with 12 workers.
 -> (artifact id: '6bda74f9b338f98168bdbaf7af038e8b') in 0.000690 seconds
Number of updated asset objects reloaded before import = 0
Number of asset objects unloaded after import = 0
========================================================================
Received Import Request.
  Time since last request: 0.000019 seconds.
  path: Assets/Prefabs/Wall.prefab
  artifactKey: Guid(b3ab60e276eaeb34587e23f3e44e0fb8) Importer(815301076,1909f56bfc062723c751e8b465ee728b)
Start importing Assets/Prefabs/Wall.prefab using Guid(b3ab60e276eaeb34587e23f3e44e0fb8) Importer(815301076,1909f56bfc062723c751e8b465ee728b) [PhysX] Initialized MultithreadedTaskDispatcher with 12 workers.
 -> (artifact id: 'fb5c26b19a0534c54e5431ea09620989') in 0.000537 seconds
Number of updated asset objects reloaded before import = 0
Number of asset objects unloaded after import = 0
========================================================================
Received Import Request.
  Time since last request: 26.622670 seconds.
  path: Assets/Prefabs/ArrowTower.prefab
  artifactKey: Guid(5824a3eb4c50251438fc8288b90d6a00) Importer(815301076,1909f56bfc062723c751e8b465ee728b)
Start importing Assets/Prefabs/ArrowTower.prefab using Guid(5824a3eb4c50251438fc8288b90d6a00) Importer(815301076,1909f56bfc062723c751e8b465ee728b) [PhysX] Initialized MultithreadedTaskDispatcher with 12 workers.
 -> (artifact id: '0bfac8e85737a0dae852fea95268d8d5') in 0.000717 seconds
Number of updated asset objects reloaded before import = 0
Number of asset objects unloaded after import = 0
========================================================================
Received Import Request.
  Time since last request: 0.000019 seconds.
  path: Assets/Prefabs/Wall.prefab
  artifactKey: Guid(b3ab60e276eaeb34587e23f3e44e0fb8) Importer(815301076,1909f56bfc062723c751e8b465ee728b)
Start importing Assets/Prefabs/Wall.prefab using Guid(b3ab60e276eaeb34587e23f3e44e0fb8) Importer(815301076,1909f56bfc062723c751e8b465ee728b) [PhysX] Initialized MultithreadedTaskDispatcher with 12 workers.
 -> (artifact id: 'fb5c26b19a0534c54e5431ea09620989') in 0.000535 seconds
Number of updated asset objects reloaded before import = 0
Number of asset objects unloaded after import = 0
========================================================================
Received Import Request.
  Time since last request: 2.803721 seconds.
  path: Assets/Prefabs/ArrowTower.prefab
  artifactKey: Guid(5824a3eb4c50251438fc8288b90d6a00) Importer(815301076,1909f56bfc062723c751e8b465ee728b)
Start importing Assets/Prefabs/ArrowTower.prefab using Guid(5824a3eb4c50251438fc8288b90d6a00) Importer(815301076,1909f56bfc062723c751e8b465ee728b) [PhysX] Initialized MultithreadedTaskDispatcher with 12 workers.
 -> (artifact id: 'eaf578039e197c7376e0607cbbe1c13e') in 0.000591 seconds
Number of updated asset objects reloaded before import = 0
Number of asset objects unloaded after import = 0
========================================================================
Received Import Request.
  Time since last request: 0.000017 seconds.
  path: Assets/Prefabs/Wall.prefab
  artifactKey: Guid(b3ab60e276eaeb34587e23f3e44e0fb8) Importer(815301076,1909f56bfc062723c751e8b465ee728b)
Start importing Assets/Prefabs/Wall.prefab using Guid(b3ab60e276eaeb34587e23f3e44e0fb8) Importer(815301076,1909f56bfc062723c751e8b465ee728b) [PhysX] Initialized MultithreadedTaskDispatcher with 12 workers.
 -> (artifact id: 'fb5c26b19a0534c54e5431ea09620989') in 0.000316 seconds
Number of updated asset objects reloaded before import = 0
Number of asset objects unloaded after import = 0
========================================================================
Received Import Request.
  Time since last request: 3.416030 seconds.
  path: Assets/Prefabs/ArrowTower.prefab
  artifactKey: Guid(5824a3eb4c50251438fc8288b90d6a00) Importer(815301076,1909f56bfc062723c751e8b465ee728b)
Start importing Assets/Prefabs/ArrowTower.prefab using Guid(5824a3eb4c50251438fc8288b90d6a00) Importer(815301076,1909f56bfc062723c751e8b465ee728b) [PhysX] Initialized MultithreadedTaskDispatcher with 12 workers.
 -> (artifact id: '5ed5835888bc50349431e6082bdf6a06') in 0.000496 seconds
Number of updated asset objects reloaded before import = 0
Number of asset objects unloaded after import = 0
========================================================================
Received Import Request.
  Time since last request: 0.000016 seconds.
  path: Assets/Prefabs/Wall.prefab
  artifactKey: Guid(b3ab60e276eaeb34587e23f3e44e0fb8) Importer(815301076,1909f56bfc062723c751e8b465ee728b)
Start importing Assets/Prefabs/Wall.prefab using Guid(b3ab60e276eaeb34587e23f3e44e0fb8) Importer(815301076,1909f56bfc062723c751e8b465ee728b) [PhysX] Initialized MultithreadedTaskDispatcher with 12 workers.
 -> (artifact id: 'fb5c26b19a0534c54e5431ea09620989') in 0.000345 seconds
Number of updated asset objects reloaded before import = 0
Number of asset objects unloaded after import = 0
========================================================================
Received Import Request.
  Time since last request: 10.896524 seconds.
  path: Assets/Prefabs/ArrowTower.prefab
  artifactKey: Guid(5824a3eb4c50251438fc8288b90d6a00) Importer(815301076,1909f56bfc062723c751e8b465ee728b)
Start importing Assets/Prefabs/ArrowTower.prefab using Guid(5824a3eb4c50251438fc8288b90d6a00) Importer(815301076,1909f56bfc062723c751e8b465ee728b) [PhysX] Initialized MultithreadedTaskDispatcher with 12 workers.
 -> (artifact id: '5ed5835888bc50349431e6082bdf6a06') in 0.000486 seconds
Number of updated asset objects reloaded before import = 0
Number of asset objects unloaded after import = 0
========================================================================
Received Import Request.
  Time since last request: 0.000015 seconds.
  path: Assets/Prefabs/Wall.prefab
  artifactKey: Guid(b3ab60e276eaeb34587e23f3e44e0fb8) Importer(815301076,1909f56bfc062723c751e8b465ee728b)
Start importing Assets/Prefabs/Wall.prefab using Guid(b3ab60e276eaeb34587e23f3e44e0fb8) Importer(815301076,1909f56bfc062723c751e8b465ee728b) [PhysX] Initialized MultithreadedTaskDispatcher with 12 workers.
 -> (artifact id: 'c9e10002b14e64a3c0ae0cf8167609e7') in 0.000331 seconds
Number of updated asset objects reloaded before import = 0
Number of asset objects unloaded after import = 0
========================================================================
Received Import Request.
  Time since last request: 3.464351 seconds.
  path: Assets/Prefabs/ArrowTower.prefab
  artifactKey: Guid(5824a3eb4c50251438fc8288b90d6a00) Importer(815301076,1909f56bfc062723c751e8b465ee728b)
Start importing Assets/Prefabs/ArrowTower.prefab using Guid(5824a3eb4c50251438fc8288b90d6a00) Importer(815301076,1909f56bfc062723c751e8b465ee728b) [PhysX] Initialized MultithreadedTaskDispatcher with 12 workers.
 -> (artifact id: '5ed5835888bc50349431e6082bdf6a06') in 0.000538 seconds
Number of updated asset objects reloaded before import = 0
Number of asset objects unloaded after import = 0
========================================================================
Received Import Request.
  Time since last request: 0.000013 seconds.
  path: Assets/Prefabs/Wall.prefab
  artifactKey: Guid(b3ab60e276eaeb34587e23f3e44e0fb8) Importer(815301076,1909f56bfc062723c751e8b465ee728b)
Start importing Assets/Prefabs/Wall.prefab using Guid(b3ab60e276eaeb34587e23f3e44e0fb8) Importer(815301076,1909f56bfc062723c751e8b465ee728b) [PhysX] Initialized MultithreadedTaskDispatcher with 12 workers.
 -> (artifact id: '8dc0f6d370069d73b7b1192aa23b1987') in 0.000333 seconds
Number of updated asset objects reloaded before import = 0
Number of asset objects unloaded after import = 0
========================================================================
Received Prepare
Caller must complete domain reload
Begin MonoManager ReloadAssembly
- Loaded All Assemblies, in  0.427 seconds
Native extension for WindowsStandalone target not found
Native extension for WebGL target not found
[Package Manager] Server::EnsureServerProcessIsRunning -- launch failed, reason: Unity was launched with the -noUpm command-line argument
[Package Manager] UpmClient::Send -- Unable to send message (not connected to UPM process).
[Package Manager] Cannot connect to Unity Package Manager local server
Mono: successfully reloaded assembly
- Finished resetting the current domain, in  0.908 seconds
Domain Reload Profiling: 1331ms
	BeginReloadAssembly (152ms)
		ExecutionOrderSort (0ms)
		DisableScriptedObjects (4ms)
		BackupInstance (0ms)
		ReleaseScriptingObjects (0ms)
		CreateAndSetChildDomain (32ms)
	RebuildCommonClasses (32ms)
	RebuildNativeTypeToScriptingClass (12ms)
	initialDomainReloadingComplete (33ms)
	LoadAllAssembliesAndSetupDomain (194ms)
		LoadAssemblies (265ms)
		RebuildTransferFunctionScriptingTraits (0ms)
		AnalyzeDomain (14ms)
			TypeCache.Refresh (7ms)
				TypeCache.ScanAssembly (0ms)
			ScanForSourceGeneratedMonoScriptInfo (0ms)
			ResolveRequiredComponents (6ms)
	FinalizeReload (908ms)
		ReleaseScriptCaches (0ms)
		RebuildScriptCaches (0ms)
		SetupLoadedEditorAssemblies (450ms)
			LogAssemblyErrors (0ms)
			InitializePlatformSupportModulesInManaged (8ms)
			SetLoadedEditorAssemblies (3ms)
			RefreshPlugins (0ms)
			BeforeProcessingInitializeOnLoad (66ms)
			ProcessInitializeOnLoadAttributes (342ms)
			ProcessInitializeOnLoadMethodAttributes (22ms)
			AfterProcessingInitializeOnLoad (10ms)
			EditorAssembliesLoaded (0ms)
		ExecutionOrderSort2 (0ms)
		AwakeInstancesAfterBackupRestoration (7ms)
Refreshing native plugins compatible for Editor in 3.64 ms, found 3 plugins.
Preloading 0 native plugins for Editor in 0.00 ms.
Unloading 3127 Unused Serialized files (Serialized files now loaded: 0)
Unloading 14 unused Assets / (28.5 KB). Loaded Objects now: 3665.
Memory consumption went from 134.3 MB to 134.3 MB.
Total: 2.870300 ms (FindLiveObjects: 0.325200 ms CreateObjectMapping: 0.077900 ms MarkObjects: 2.422100 ms  DeleteObjects: 0.043600 ms)

Prepare: number of updated asset objects reloaded= 0
AssetImportParameters requested are different than current active one (requested -> active):
  custom:container-demuxer-ogg: 62fdf1f143b41e24485cea50d1cbac27 -> 
  custom:scripting/monoscript/fileName/GameManager.cs: f6182d712e34e20e3202214886862cdb -> 9933fbcc6190e2a9171c2ec8808a053e
  custom:scripting/monoscript/fileName/Income.cs: 938d875b4ea58c05495f38a939171226 -> 
  custom:video-decoder-ogg-theora: a1e56fd34408186e4bbccfd4996cb3dc -> 
  custom:framework-win-MediaFoundation: 216162199b28c13a410421893ffa2e32 -> 
  custom:scripting/monoscript/fileName/Tower.cs: 0e51d5638e1e2b20f04394d6225c671a -> 16583eaf01662413665c0a8803428cd6
  custom:scripting/monoscript/fileName/MenuFrame.cs: 575edbd0df24363ab161dfcb310542c7 -> 
  custom:CustomObjectIndexerAttribute: 9a22284fe3817be447336de3de66b15e -> 
  custom:scripting/monoscript/fileName/Readme.cs: 5aedf578fb2663036982fb7b05aaf325 -> 
  custom:scripting/monoscript/fileName/Tooltip.cs: b7163f69ad820c51a0cfd3387a68b1d4 -> efb4e7ecf4b2142538150f2477ca1e4e
  custom:container-demuxer-webm: 4f35f7cbe854078d1ac9338744f61a02 -> 
  custom:scripting/monoscript/fileName/GoldMine.cs: bab3e2ee0cdfb32214ea1458d0239fb0 -> 
  custom:container-muxer-webm: aa71ff27fc2769a1b78a27578f13a17b -> 
  custom:scripting/monoscript/fileName/ReadmeEditor.cs: ff7ced1e41c1b99ddf5dfefc88f6bd50 -> 
  custom:video-decoder-webm-vp8: 9c59270c3fd7afecdb556c50c9e8de78 -> 
  custom:SearchIndexIgnoredProperties: e643bd26f0fe6173181afceb89e7c659 -> 
  custom:AudioImporter_EditorPlatform: d09bf68614088b80899f8185d706f6e7 -> 
  custom:scripting/monoscript/fileName/LumberMill.cs: c2d45524fbd0d6e9a670d983de5f81d7 -> 
  custom:scripting/monoscript/fileName/Slime.cs: e872c3a4bc36777cb1cc31d8379690c8 -> 05272bae05f111c6b0609e32e93d89d5
  custom:scripting/monoscript/fileName/Bar.cs: 890822e7dfd0f89892a6fd3ee944f62e -> 71c40e549b4fade8bed144aaff5a79ac
  custom:scripting/monoscript/fileName/TooltipManager.cs: 902a800de15a4facdbc6dbb1be6c1339 -> bc11dd805cb64c1c2f88cd7ae96fba24
  custom:video-encoder-webm-vp8: eb34c28f22e8b96e1ab97ce403110664 -> 
  custom:audio-decoder-ogg-vorbis: bf7c407c2cedff20999df2af8eb42d56 -> 
  custom:scripting/monoscript/fileName/Bullet.cs: 48ff13ede6c310cc0acf4a30e818a1de -> a4f5918e799041ba1f6608f13912eb8b
  custom:scripting/monoscript/fileName/TowerBuild.cs: 3807a8e615ef6a49dfd3f6bc5055a7a9 -> 9ea8b859a681512b782b9b3988d2f5f8
  custom:scripting/monoscript/fileName/Wave.cs: c8b913f1d5cb3bff026a08ce26c83aad -> 6e300e3b5d1a1dd15fa0115918e06e83
  custom:audio-encoder-webm-vorbis: bf7c407c2cedff20999df2af8eb42d56 -> 
  custom:scripting/monoscript/fileName/WaterReflection.cs: f1c57f2ce2c094032b710e8e5eb21bd7 -> 
  custom:scripting/monoscript/fileName/Tile.cs: e6480a408e34695897b31a69fad2b871 -> a94101d916c115d73aff3567a86e16d8
========================================================================
Received Import Request.
  Time since last request: 11.210650 seconds.
  path: Assets/Prefabs/Wall.prefab
  artifactKey: Guid(b3ab60e276eaeb34587e23f3e44e0fb8) Importer(815301076,1909f56bfc062723c751e8b465ee728b)
Start importing Assets/Prefabs/Wall.prefab using Guid(b3ab60e276eaeb34587e23f3e44e0fb8) Importer(815301076,1909f56bfc062723c751e8b465ee728b) [PhysX] Initialized MultithreadedTaskDispatcher with 12 workers.
 -> (artifact id: '8dc0f6d370069d73b7b1192aa23b1987') in 0.002696 seconds
Number of updated asset objects reloaded before import = 0
Number of asset objects unloaded after import = 0
========================================================================
Received Import Request.
  Time since last request: 0.000026 seconds.
  path: Assets/Prefabs/PremiumTower.prefab
  artifactKey: Guid(8542e3db9bff02e4b92f25a033b7ef8e) Importer(815301076,1909f56bfc062723c751e8b465ee728b)
Start importing Assets/Prefabs/PremiumTower.prefab using Guid(8542e3db9bff02e4b92f25a033b7ef8e) Importer(815301076,1909f56bfc062723c751e8b465ee728b) [PhysX] Initialized MultithreadedTaskDispatcher with 12 workers.
 -> (artifact id: '7c58069f4bed3314aa3fd5711084a324') in 0.000449 seconds
Number of updated asset objects reloaded before import = 0
Number of asset objects unloaded after import = 0
========================================================================
Received Import Request.
  Time since last request: 0.000045 seconds.
  path: Assets/Prefabs/ArrowTower.prefab
  artifactKey: Guid(5824a3eb4c50251438fc8288b90d6a00) Importer(815301076,1909f56bfc062723c751e8b465ee728b)
Start importing Assets/Prefabs/ArrowTower.prefab using Guid(5824a3eb4c50251438fc8288b90d6a00) Importer(815301076,1909f56bfc062723c751e8b465ee728b) [PhysX] Initialized MultithreadedTaskDispatcher with 12 workers.
 -> (artifact id: '5ed5835888bc50349431e6082bdf6a06') in 0.000600 seconds
Number of updated asset objects reloaded before import = 0
Number of asset objects unloaded after import = 0
========================================================================
Received Import Request.
  Time since last request: 0.000025 seconds.
  path: Assets/Prefabs/MagicTower.prefab
  artifactKey: Guid(20b1348b4ae7d5742bfd536fd769621d) Importer(815301076,1909f56bfc062723c751e8b465ee728b)
Start importing Assets/Prefabs/MagicTower.prefab using Guid(20b1348b4ae7d5742bfd536fd769621d) Importer(815301076,1909f56bfc062723c751e8b465ee728b) [PhysX] Initialized MultithreadedTaskDispatcher with 12 workers.
 -> (artifact id: '3b9de398107979ee7900291bf775278d') in 0.000506 seconds
Number of updated asset objects reloaded before import = 0
Number of asset objects unloaded after import = 0
========================================================================
Received Prepare
Caller must complete domain reload
Begin MonoManager ReloadAssembly
- Loaded All Assemblies, in  0.406 seconds
Native extension for WindowsStandalone target not found
Native extension for WebGL target not found
[Package Manager] Server::EnsureServerProcessIsRunning -- launch failed, reason: Unity was launched with the -noUpm command-line argument
[Package Manager] UpmClient::Send -- Unable to send message (not connected to UPM process).
[Package Manager] Cannot connect to Unity Package Manager local server
Mono: successfully reloaded assembly
- Finished resetting the current domain, in  0.843 seconds
Domain Reload Profiling: 1247ms
	BeginReloadAssembly (141ms)
		ExecutionOrderSort (0ms)
		DisableScriptedObjects (4ms)
		BackupInstance (0ms)
		ReleaseScriptingObjects (0ms)
		CreateAndSetChildDomain (28ms)
	RebuildCommonClasses (36ms)
	RebuildNativeTypeToScriptingClass (12ms)
	initialDomainReloadingComplete (28ms)
	LoadAllAssembliesAndSetupDomain (186ms)
		LoadAssemblies (253ms)
		RebuildTransferFunctionScriptingTraits (0ms)
		AnalyzeDomain (13ms)
			TypeCache.Refresh (5ms)
				TypeCache.ScanAssembly (0ms)
			ScanForSourceGeneratedMonoScriptInfo (0ms)
			ResolveRequiredComponents (6ms)
	FinalizeReload (843ms)
		ReleaseScriptCaches (0ms)
		RebuildScriptCaches (0ms)
		SetupLoadedEditorAssemblies (415ms)
			LogAssemblyErrors (0ms)
			InitializePlatformSupportModulesInManaged (7ms)
			SetLoadedEditorAssemblies (3ms)
			RefreshPlugins (0ms)
			BeforeProcessingInitializeOnLoad (58ms)
			ProcessInitializeOnLoadAttributes (319ms)
			ProcessInitializeOnLoadMethodAttributes (20ms)
			AfterProcessingInitializeOnLoad (8ms)
			EditorAssembliesLoaded (0ms)
		ExecutionOrderSort2 (0ms)
		AwakeInstancesAfterBackupRestoration (7ms)
Refreshing native plugins compatible for Editor in 3.30 ms, found 3 plugins.
Preloading 0 native plugins for Editor in 0.00 ms.
Unloading 3127 Unused Serialized files (Serialized files now loaded: 0)
Unloading 14 unused Assets / (28.5 KB). Loaded Objects now: 3668.
Memory consumption went from 134.3 MB to 134.3 MB.
Total: 2.826800 ms (FindLiveObjects: 0.313800 ms CreateObjectMapping: 0.088300 ms MarkObjects: 2.380300 ms  DeleteObjects: 0.042900 ms)

Prepare: number of updated asset objects reloaded= 0
AssetImportParameters requested are different than current active one (requested -> active):
  custom:container-demuxer-ogg: 62fdf1f143b41e24485cea50d1cbac27 -> 
  custom:scripting/monoscript/fileName/GameManager.cs: f6182d712e34e20e3202214886862cdb -> 9933fbcc6190e2a9171c2ec8808a053e
  custom:scripting/monoscript/fileName/Income.cs: 938d875b4ea58c05495f38a939171226 -> 
  custom:video-decoder-ogg-theora: a1e56fd34408186e4bbccfd4996cb3dc -> 
  custom:framework-win-MediaFoundation: 216162199b28c13a410421893ffa2e32 -> 
  custom:scripting/monoscript/fileName/Tower.cs: 0e51d5638e1e2b20f04394d6225c671a -> 16583eaf01662413665c0a8803428cd6
  custom:scripting/monoscript/fileName/MenuFrame.cs: 575edbd0df24363ab161dfcb310542c7 -> 
  custom:CustomObjectIndexerAttribute: 9a22284fe3817be447336de3de66b15e -> 
  custom:scripting/monoscript/fileName/Readme.cs: 5aedf578fb2663036982fb7b05aaf325 -> 
  custom:scripting/monoscript/fileName/Tooltip.cs: b7163f69ad820c51a0cfd3387a68b1d4 -> efb4e7ecf4b2142538150f2477ca1e4e
  custom:container-demuxer-webm: 4f35f7cbe854078d1ac9338744f61a02 -> 
  custom:scripting/monoscript/fileName/GoldMine.cs: bab3e2ee0cdfb32214ea1458d0239fb0 -> 
  custom:container-muxer-webm: aa71ff27fc2769a1b78a27578f13a17b -> 
  custom:scripting/monoscript/fileName/ReadmeEditor.cs: ff7ced1e41c1b99ddf5dfefc88f6bd50 -> 
  custom:video-decoder-webm-vp8: 9c59270c3fd7afecdb556c50c9e8de78 -> 
  custom:SearchIndexIgnoredProperties: e643bd26f0fe6173181afceb89e7c659 -> 
  custom:AudioImporter_EditorPlatform: d09bf68614088b80899f8185d706f6e7 -> 
  custom:scripting/monoscript/fileName/LumberMill.cs: c2d45524fbd0d6e9a670d983de5f81d7 -> 
  custom:scripting/monoscript/fileName/Slime.cs: e872c3a4bc36777cb1cc31d8379690c8 -> 05272bae05f111c6b0609e32e93d89d5
  custom:scripting/monoscript/fileName/Bar.cs: 890822e7dfd0f89892a6fd3ee944f62e -> 71c40e549b4fade8bed144aaff5a79ac
  custom:scripting/monoscript/fileName/TooltipManager.cs: 902a800de15a4facdbc6dbb1be6c1339 -> bc11dd805cb64c1c2f88cd7ae96fba24
  custom:video-encoder-webm-vp8: eb34c28f22e8b96e1ab97ce403110664 -> 
  custom:audio-decoder-ogg-vorbis: bf7c407c2cedff20999df2af8eb42d56 -> 
  custom:scripting/monoscript/fileName/Bullet.cs: 48ff13ede6c310cc0acf4a30e818a1de -> a4f5918e799041ba1f6608f13912eb8b
  custom:scripting/monoscript/fileName/TowerBuild.cs: 3807a8e615ef6a49dfd3f6bc5055a7a9 -> 9ea8b859a681512b782b9b3988d2f5f8
  custom:scripting/monoscript/fileName/Wave.cs: c8b913f1d5cb3bff026a08ce26c83aad -> 6e300e3b5d1a1dd15fa0115918e06e83
  custom:audio-encoder-webm-vorbis: bf7c407c2cedff20999df2af8eb42d56 -> 
  custom:scripting/monoscript/fileName/WaterReflection.cs: f1c57f2ce2c094032b710e8e5eb21bd7 -> 
  custom:scripting/monoscript/fileName/Tile.cs: e6480a408e34695897b31a69fad2b871 -> a94101d916c115d73aff3567a86e16d8
========================================================================
Received Import Request.
  Time since last request: 299.747980 seconds.
  path: Assets/Prefabs/ArrowTower.prefab
  artifactKey: Guid(5824a3eb4c50251438fc8288b90d6a00) Importer(815301076,1909f56bfc062723c751e8b465ee728b)
Start importing Assets/Prefabs/ArrowTower.prefab using Guid(5824a3eb4c50251438fc8288b90d6a00) Importer(815301076,1909f56bfc062723c751e8b465ee728b) [PhysX] Initialized MultithreadedTaskDispatcher with 12 workers.
 -> (artifact id: 'a13810ee32b6ec20834b29d74fcb3429') in 0.001973 seconds
Number of updated asset objects reloaded before import = 0
Number of asset objects unloaded after import = 0
========================================================================
Received Import Request.
  Time since last request: 0.025170 seconds.
  path: Assets/Prefabs/MagicTower.prefab
  artifactKey: Guid(20b1348b4ae7d5742bfd536fd769621d) Importer(815301076,1909f56bfc062723c751e8b465ee728b)
Start importing Assets/Prefabs/MagicTower.prefab using Guid(20b1348b4ae7d5742bfd536fd769621d) Importer(815301076,1909f56bfc062723c751e8b465ee728b) [PhysX] Initialized MultithreadedTaskDispatcher with 12 workers.
 -> (artifact id: '75245277805ebb1cf14ef88a243e8ef4') in 0.000659 seconds
Number of updated asset objects reloaded before import = 0
Number of asset objects unloaded after import = 0
========================================================================
Received Import Request.
  Time since last request: 0.000015 seconds.
  path: Assets/Prefabs/Wall.prefab
  artifactKey: Guid(b3ab60e276eaeb34587e23f3e44e0fb8) Importer(815301076,1909f56bfc062723c751e8b465ee728b)
Start importing Assets/Prefabs/Wall.prefab using Guid(b3ab60e276eaeb34587e23f3e44e0fb8) Importer(815301076,1909f56bfc062723c751e8b465ee728b) [PhysX] Initialized MultithreadedTaskDispatcher with 12 workers.
 -> (artifact id: 'a016d057f36f23b8dc67aa33367418d0') in 0.000423 seconds
Number of updated asset objects reloaded before import = 0
Number of asset objects unloaded after import = 0
========================================================================
Received Import Request.
  Time since last request: 3.178223 seconds.
  path: Assets/Prefabs/ArrowTower.prefab
  artifactKey: Guid(5824a3eb4c50251438fc8288b90d6a00) Importer(815301076,1909f56bfc062723c751e8b465ee728b)
Start importing Assets/Prefabs/ArrowTower.prefab using Guid(5824a3eb4c50251438fc8288b90d6a00) Importer(815301076,1909f56bfc062723c751e8b465ee728b) [PhysX] Initialized MultithreadedTaskDispatcher with 12 workers.
 -> (artifact id: '4659f895fee31b6ecff84d29163e1a71') in 0.000491 seconds
Number of updated asset objects reloaded before import = 0
Number of asset objects unloaded after import = 0
========================================================================
Received Import Request.
  Time since last request: 0.000013 seconds.
  path: Assets/Prefabs/Wall.prefab
  artifactKey: Guid(b3ab60e276eaeb34587e23f3e44e0fb8) Importer(815301076,1909f56bfc062723c751e8b465ee728b)
Start importing Assets/Prefabs/Wall.prefab using Guid(b3ab60e276eaeb34587e23f3e44e0fb8) Importer(815301076,1909f56bfc062723c751e8b465ee728b) [PhysX] Initialized MultithreadedTaskDispatcher with 12 workers.
 -> (artifact id: '4404a4221afd6475abd637f67579c32e') in 0.000331 seconds
Number of updated asset objects reloaded before import = 0
Number of asset objects unloaded after import = 0
========================================================================
Received Import Request.
  Time since last request: 3.344099 seconds.
  path: Assets/Prefabs/ArrowTower.prefab
  artifactKey: Guid(5824a3eb4c50251438fc8288b90d6a00) Importer(815301076,1909f56bfc062723c751e8b465ee728b)
Start importing Assets/Prefabs/ArrowTower.prefab using Guid(5824a3eb4c50251438fc8288b90d6a00) Importer(815301076,1909f56bfc062723c751e8b465ee728b) [PhysX] Initialized MultithreadedTaskDispatcher with 12 workers.
 -> (artifact id: '03bfdf5f20397c4c83cf7eb022091f01') in 0.000503 seconds
Number of updated asset objects reloaded before import = 0
Number of asset objects unloaded after import = 0
========================================================================
Received Import Request.
  Time since last request: 0.000012 seconds.
  path: Assets/Prefabs/Wall.prefab
  artifactKey: Guid(b3ab60e276eaeb34587e23f3e44e0fb8) Importer(815301076,1909f56bfc062723c751e8b465ee728b)
Start importing Assets/Prefabs/Wall.prefab using Guid(b3ab60e276eaeb34587e23f3e44e0fb8) Importer(815301076,1909f56bfc062723c751e8b465ee728b) [PhysX] Initialized MultithreadedTaskDispatcher with 12 workers.
 -> (artifact id: 'a3f6b61967b96ec12cced7389049f728') in 0.000325 seconds
Number of updated asset objects reloaded before import = 0
Number of asset objects unloaded after import = 0
========================================================================
Received Prepare
Caller must complete domain reload
Begin MonoManager ReloadAssembly
- Loaded All Assemblies, in  0.391 seconds
Native extension for WindowsStandalone target not found
Native extension for WebGL target not found
[Package Manager] Server::EnsureServerProcessIsRunning -- launch failed, reason: Unity was launched with the -noUpm command-line argument
[Package Manager] UpmClient::Send -- Unable to send message (not connected to UPM process).
[Package Manager] Cannot connect to Unity Package Manager local server
Mono: successfully reloaded assembly
- Finished resetting the current domain, in  0.878 seconds
Domain Reload Profiling: 1266ms
	BeginReloadAssembly (136ms)
		ExecutionOrderSort (0ms)
		DisableScriptedObjects (4ms)
		BackupInstance (0ms)
		ReleaseScriptingObjects (0ms)
		CreateAndSetChildDomain (27ms)
	RebuildCommonClasses (32ms)
	RebuildNativeTypeToScriptingClass (11ms)
	initialDomainReloadingComplete (28ms)
	LoadAllAssembliesAndSetupDomain (181ms)
		LoadAssemblies (244ms)
		RebuildTransferFunctionScriptingTraits (0ms)
		AnalyzeDomain (13ms)
			TypeCache.Refresh (5ms)
				TypeCache.ScanAssembly (0ms)
			ScanForSourceGeneratedMonoScriptInfo (0ms)
			ResolveRequiredComponents (6ms)
	FinalizeReload (878ms)
		ReleaseScriptCaches (0ms)
		RebuildScriptCaches (0ms)
		SetupLoadedEditorAssemblies (424ms)
			LogAssemblyErrors (0ms)
			InitializePlatformSupportModulesInManaged (7ms)
			SetLoadedEditorAssemblies (3ms)
			RefreshPlugins (0ms)
			BeforeProcessingInitializeOnLoad (60ms)
			ProcessInitializeOnLoadAttributes (327ms)
			ProcessInitializeOnLoadMethodAttributes (19ms)
			AfterProcessingInitializeOnLoad (8ms)
			EditorAssembliesLoaded (0ms)
		ExecutionOrderSort2 (0ms)
		AwakeInstancesAfterBackupRestoration (6ms)
Refreshing native plugins compatible for Editor in 3.13 ms, found 3 plugins.
Preloading 0 native plugins for Editor in 0.00 ms.
Unloading 3127 Unused Serialized files (Serialized files now loaded: 0)
Unloading 14 unused Assets / (28.6 KB). Loaded Objects now: 3671.
Memory consumption went from 134.3 MB to 134.3 MB.
Total: 2.690800 ms (FindLiveObjects: 0.313000 ms CreateObjectMapping: 0.085200 ms MarkObjects: 2.251400 ms  DeleteObjects: 0.040200 ms)

Prepare: number of updated asset objects reloaded= 0
AssetImportParameters requested are different than current active one (requested -> active):
  custom:container-demuxer-ogg: 62fdf1f143b41e24485cea50d1cbac27 -> 
  custom:scripting/monoscript/fileName/GameManager.cs: f6182d712e34e20e3202214886862cdb -> 9933fbcc6190e2a9171c2ec8808a053e
  custom:scripting/monoscript/fileName/Income.cs: 938d875b4ea58c05495f38a939171226 -> 
  custom:video-decoder-ogg-theora: a1e56fd34408186e4bbccfd4996cb3dc -> 
  custom:framework-win-MediaFoundation: 216162199b28c13a410421893ffa2e32 -> 
  custom:scripting/monoscript/fileName/Tower.cs: 0e51d5638e1e2b20f04394d6225c671a -> 16583eaf01662413665c0a8803428cd6
  custom:scripting/monoscript/fileName/MenuFrame.cs: 575edbd0df24363ab161dfcb310542c7 -> 
  custom:CustomObjectIndexerAttribute: 9a22284fe3817be447336de3de66b15e -> 
  custom:scripting/monoscript/fileName/Readme.cs: 5aedf578fb2663036982fb7b05aaf325 -> 
  custom:scripting/monoscript/fileName/Tooltip.cs: b7163f69ad820c51a0cfd3387a68b1d4 -> efb4e7ecf4b2142538150f2477ca1e4e
  custom:container-demuxer-webm: 4f35f7cbe854078d1ac9338744f61a02 -> 
  custom:scripting/monoscript/fileName/GoldMine.cs: bab3e2ee0cdfb32214ea1458d0239fb0 -> 
  custom:container-muxer-webm: aa71ff27fc2769a1b78a27578f13a17b -> 
  custom:scripting/monoscript/fileName/ReadmeEditor.cs: ff7ced1e41c1b99ddf5dfefc88f6bd50 -> 
  custom:video-decoder-webm-vp8: 9c59270c3fd7afecdb556c50c9e8de78 -> 
  custom:SearchIndexIgnoredProperties: e643bd26f0fe6173181afceb89e7c659 -> 
  custom:AudioImporter_EditorPlatform: d09bf68614088b80899f8185d706f6e7 -> 
  custom:scripting/monoscript/fileName/LumberMill.cs: c2d45524fbd0d6e9a670d983de5f81d7 -> 
  custom:scripting/monoscript/fileName/Slime.cs: e872c3a4bc36777cb1cc31d8379690c8 -> 05272bae05f111c6b0609e32e93d89d5
  custom:scripting/monoscript/fileName/Bar.cs: 890822e7dfd0f89892a6fd3ee944f62e -> 71c40e549b4fade8bed144aaff5a79ac
  custom:scripting/monoscript/fileName/TooltipManager.cs: 902a800de15a4facdbc6dbb1be6c1339 -> bc11dd805cb64c1c2f88cd7ae96fba24
  custom:video-encoder-webm-vp8: eb34c28f22e8b96e1ab97ce403110664 -> 
  custom:audio-decoder-ogg-vorbis: bf7c407c2cedff20999df2af8eb42d56 -> 
  custom:scripting/monoscript/fileName/Bullet.cs: 48ff13ede6c310cc0acf4a30e818a1de -> a4f5918e799041ba1f6608f13912eb8b
  custom:scripting/monoscript/fileName/TowerBuild.cs: 3807a8e615ef6a49dfd3f6bc5055a7a9 -> 9ea8b859a681512b782b9b3988d2f5f8
  custom:scripting/monoscript/fileName/Wave.cs: c8b913f1d5cb3bff026a08ce26c83aad -> 6e300e3b5d1a1dd15fa0115918e06e83
  custom:audio-encoder-webm-vorbis: bf7c407c2cedff20999df2af8eb42d56 -> 
  custom:scripting/monoscript/fileName/WaterReflection.cs: f1c57f2ce2c094032b710e8e5eb21bd7 -> 
  custom:scripting/monoscript/fileName/Tile.cs: e6480a408e34695897b31a69fad2b871 -> a94101d916c115d73aff3567a86e16d8
========================================================================
Received Import Request.
  Time since last request: 4.074488 seconds.
  path: Assets/Prefabs/Wall.prefab
  artifactKey: Guid(b3ab60e276eaeb34587e23f3e44e0fb8) Importer(815301076,1909f56bfc062723c751e8b465ee728b)
Start importing Assets/Prefabs/Wall.prefab using Guid(b3ab60e276eaeb34587e23f3e44e0fb8) Importer(815301076,1909f56bfc062723c751e8b465ee728b) [PhysX] Initialized MultithreadedTaskDispatcher with 12 workers.
 -> (artifact id: 'a3f6b61967b96ec12cced7389049f728') in 0.002063 seconds
Number of updated asset objects reloaded before import = 0
Number of asset objects unloaded after import = 0
========================================================================
Received Import Request.
  Time since last request: 0.000020 seconds.
  path: Assets/Prefabs/PremiumTower.prefab
  artifactKey: Guid(8542e3db9bff02e4b92f25a033b7ef8e) Importer(815301076,1909f56bfc062723c751e8b465ee728b)
Start importing Assets/Prefabs/PremiumTower.prefab using Guid(8542e3db9bff02e4b92f25a033b7ef8e) Importer(815301076,1909f56bfc062723c751e8b465ee728b) [PhysX] Initialized MultithreadedTaskDispatcher with 12 workers.
 -> (artifact id: '65508defdd8c8335a1b4f929c19a97ab') in 0.000338 seconds
Number of updated asset objects reloaded before import = 0
Number of asset objects unloaded after import = 0
========================================================================
Received Import Request.
  Time since last request: 0.000067 seconds.
  path: Assets/Prefabs/ArrowTower.prefab
  artifactKey: Guid(5824a3eb4c50251438fc8288b90d6a00) Importer(815301076,1909f56bfc062723c751e8b465ee728b)
Start importing Assets/Prefabs/ArrowTower.prefab using Guid(5824a3eb4c50251438fc8288b90d6a00) Importer(815301076,1909f56bfc062723c751e8b465ee728b) [PhysX] Initialized MultithreadedTaskDispatcher with 12 workers.
 -> (artifact id: '03bfdf5f20397c4c83cf7eb022091f01') in 0.000309 seconds
Number of updated asset objects reloaded before import = 0
Number of asset objects unloaded after import = 0
========================================================================
Received Import Request.
  Time since last request: 0.000040 seconds.
  path: Assets/Prefabs/MagicTower.prefab
  artifactKey: Guid(20b1348b4ae7d5742bfd536fd769621d) Importer(815301076,1909f56bfc062723c751e8b465ee728b)
Start importing Assets/Prefabs/MagicTower.prefab using Guid(20b1348b4ae7d5742bfd536fd769621d) Importer(815301076,1909f56bfc062723c751e8b465ee728b) [PhysX] Initialized MultithreadedTaskDispatcher with 12 workers.
 -> (artifact id: '50b558e6f93d377e4f90dba78a639464') in 0.000303 seconds
Number of updated asset objects reloaded before import = 0
Number of asset objects unloaded after import = 0
========================================================================
Received Prepare
Caller must complete domain reload
Begin MonoManager ReloadAssembly
- Loaded All Assemblies, in  0.410 seconds
Native extension for WindowsStandalone target not found
Native extension for WebGL target not found
[Package Manager] Server::EnsureServerProcessIsRunning -- launch failed, reason: Unity was launched with the -noUpm command-line argument
[Package Manager] UpmClient::Send -- Unable to send message (not connected to UPM process).
[Package Manager] Cannot connect to Unity Package Manager local server
Mono: successfully reloaded assembly
- Finished resetting the current domain, in  0.862 seconds
Domain Reload Profiling: 1270ms
	BeginReloadAssembly (145ms)
		ExecutionOrderSort (0ms)
		DisableScriptedObjects (5ms)
		BackupInstance (0ms)
		ReleaseScriptingObjects (0ms)
		CreateAndSetChildDomain (29ms)
	RebuildCommonClasses (32ms)
	RebuildNativeTypeToScriptingClass (14ms)
	initialDomainReloadingComplete (28ms)
	LoadAllAssembliesAndSetupDomain (188ms)
		LoadAssemblies (249ms)
		RebuildTransferFunctionScriptingTraits (0ms)
		AnalyzeDomain (22ms)
			TypeCache.Refresh (8ms)
				TypeCache.ScanAssembly (1ms)
			ScanForSourceGeneratedMonoScriptInfo (6ms)
			ResolveRequiredComponents (6ms)
	FinalizeReload (863ms)
		ReleaseScriptCaches (0ms)
		RebuildScriptCaches (0ms)
		SetupLoadedEditorAssemblies (413ms)
			LogAssemblyErrors (0ms)
			InitializePlatformSupportModulesInManaged (9ms)
			SetLoadedEditorAssemblies (3ms)
			RefreshPlugins (0ms)
			BeforeProcessingInitializeOnLoad (62ms)
			ProcessInitializeOnLoadAttributes (312ms)
			ProcessInitializeOnLoadMethodAttributes (19ms)
			AfterProcessingInitializeOnLoad (9ms)
			EditorAssembliesLoaded (0ms)
		ExecutionOrderSort2 (0ms)
		AwakeInstancesAfterBackupRestoration (7ms)
Refreshing native plugins compatible for Editor in 3.07 ms, found 3 plugins.
Preloading 0 native plugins for Editor in 0.00 ms.
Unloading 3127 Unused Serialized files (Serialized files now loaded: 0)
Unloading 14 unused Assets / (28.5 KB). Loaded Objects now: 3674.
Memory consumption went from 134.3 MB to 134.3 MB.
Total: 2.703200 ms (FindLiveObjects: 0.316000 ms CreateObjectMapping: 0.087000 ms MarkObjects: 2.260100 ms  DeleteObjects: 0.039000 ms)

Prepare: number of updated asset objects reloaded= 0
AssetImportParameters requested are different than current active one (requested -> active):
  custom:container-demuxer-ogg: 62fdf1f143b41e24485cea50d1cbac27 -> 
  custom:scripting/monoscript/fileName/GameManager.cs: f6182d712e34e20e3202214886862cdb -> 9933fbcc6190e2a9171c2ec8808a053e
  custom:scripting/monoscript/fileName/Income.cs: 938d875b4ea58c05495f38a939171226 -> 
  custom:video-decoder-ogg-theora: a1e56fd34408186e4bbccfd4996cb3dc -> 
  custom:framework-win-MediaFoundation: 216162199b28c13a410421893ffa2e32 -> 
  custom:scripting/monoscript/fileName/Tower.cs: 0e51d5638e1e2b20f04394d6225c671a -> 16583eaf01662413665c0a8803428cd6
  custom:scripting/monoscript/fileName/MenuFrame.cs: 575edbd0df24363ab161dfcb310542c7 -> 
  custom:CustomObjectIndexerAttribute: 9a22284fe3817be447336de3de66b15e -> 
  custom:scripting/monoscript/fileName/Readme.cs: 5aedf578fb2663036982fb7b05aaf325 -> 
  custom:scripting/monoscript/fileName/Tooltip.cs: b7163f69ad820c51a0cfd3387a68b1d4 -> efb4e7ecf4b2142538150f2477ca1e4e
  custom:container-demuxer-webm: 4f35f7cbe854078d1ac9338744f61a02 -> 
  custom:scripting/monoscript/fileName/GoldMine.cs: bab3e2ee0cdfb32214ea1458d0239fb0 -> 
  custom:container-muxer-webm: aa71ff27fc2769a1b78a27578f13a17b -> 
  custom:scripting/monoscript/fileName/ReadmeEditor.cs: ff7ced1e41c1b99ddf5dfefc88f6bd50 -> 
  custom:video-decoder-webm-vp8: 9c59270c3fd7afecdb556c50c9e8de78 -> 
  custom:SearchIndexIgnoredProperties: e643bd26f0fe6173181afceb89e7c659 -> 
  custom:AudioImporter_EditorPlatform: d09bf68614088b80899f8185d706f6e7 -> 
  custom:scripting/monoscript/fileName/LumberMill.cs: c2d45524fbd0d6e9a670d983de5f81d7 -> 
  custom:scripting/monoscript/fileName/Slime.cs: e872c3a4bc36777cb1cc31d8379690c8 -> 05272bae05f111c6b0609e32e93d89d5
  custom:scripting/monoscript/fileName/Bar.cs: 890822e7dfd0f89892a6fd3ee944f62e -> 71c40e549b4fade8bed144aaff5a79ac
  custom:scripting/monoscript/fileName/TooltipManager.cs: 902a800de15a4facdbc6dbb1be6c1339 -> bc11dd805cb64c1c2f88cd7ae96fba24
  custom:video-encoder-webm-vp8: eb34c28f22e8b96e1ab97ce403110664 -> 
  custom:audio-decoder-ogg-vorbis: bf7c407c2cedff20999df2af8eb42d56 -> 
  custom:scripting/monoscript/fileName/Bullet.cs: 48ff13ede6c310cc0acf4a30e818a1de -> a4f5918e799041ba1f6608f13912eb8b
  custom:scripting/monoscript/fileName/TowerBuild.cs: 3807a8e615ef6a49dfd3f6bc5055a7a9 -> 9ea8b859a681512b782b9b3988d2f5f8
  custom:scripting/monoscript/fileName/Wave.cs: c8b913f1d5cb3bff026a08ce26c83aad -> 6e300e3b5d1a1dd15fa0115918e06e83
  custom:audio-encoder-webm-vorbis: bf7c407c2cedff20999df2af8eb42d56 -> 
  custom:scripting/monoscript/fileName/WaterReflection.cs: f1c57f2ce2c094032b710e8e5eb21bd7 -> 
  custom:scripting/monoscript/fileName/Tile.cs: e6480a408e34695897b31a69fad2b871 -> a94101d916c115d73aff3567a86e16d8
========================================================================
Received Prepare
Caller must complete domain reload
Begin MonoManager ReloadAssembly
- Loaded All Assemblies, in  0.408 seconds
Native extension for WindowsStandalone target not found
Native extension for WebGL target not found
[Package Manager] Server::EnsureServerProcessIsRunning -- launch failed, reason: Unity was launched with the -noUpm command-line argument
[Package Manager] UpmClient::Send -- Unable to send message (not connected to UPM process).
[Package Manager] Cannot connect to Unity Package Manager local server
Mono: successfully reloaded assembly
- Finished resetting the current domain, in  0.913 seconds
Domain Reload Profiling: 1319ms
	BeginReloadAssembly (138ms)
		ExecutionOrderSort (0ms)
		DisableScriptedObjects (4ms)
		BackupInstance (0ms)
		ReleaseScriptingObjects (0ms)
		CreateAndSetChildDomain (27ms)
	RebuildCommonClasses (31ms)
	RebuildNativeTypeToScriptingClass (11ms)
	initialDomainReloadingComplete (28ms)
	LoadAllAssembliesAndSetupDomain (196ms)
		LoadAssemblies (261ms)
		RebuildTransferFunctionScriptingTraits (0ms)
		AnalyzeDomain (13ms)
			TypeCache.Refresh (5ms)
				TypeCache.ScanAssembly (0ms)
			ScanForSourceGeneratedMonoScriptInfo (0ms)
			ResolveRequiredComponents (6ms)
	FinalizeReload (914ms)
		ReleaseScriptCaches (0ms)
		RebuildScriptCaches (0ms)
		SetupLoadedEditorAssemblies (456ms)
			LogAssemblyErrors (0ms)
			InitializePlatformSupportModulesInManaged (8ms)
			SetLoadedEditorAssemblies (3ms)
			RefreshPlugins (0ms)
			BeforeProcessingInitializeOnLoad (63ms)
			ProcessInitializeOnLoadAttributes (350ms)
			ProcessInitializeOnLoadMethodAttributes (23ms)
			AfterProcessingInitializeOnLoad (9ms)
			EditorAssembliesLoaded (0ms)
		ExecutionOrderSort2 (0ms)
		AwakeInstancesAfterBackupRestoration (6ms)
Refreshing native plugins compatible for Editor in 3.65 ms, found 3 plugins.
Preloading 0 native plugins for Editor in 0.00 ms.
Unloading 3128 Unused Serialized files (Serialized files now loaded: 0)
Unloading 14 unused Assets / (28.5 KB). Loaded Objects now: 3677.
Memory consumption went from 134.6 MB to 134.5 MB.
Total: 3.111900 ms (FindLiveObjects: 0.330600 ms CreateObjectMapping: 0.087100 ms MarkObjects: 2.644400 ms  DeleteObjects: 0.048600 ms)

Prepare: number of updated asset objects reloaded= 0
AssetImportParameters requested are different than current active one (requested -> active):
  custom:container-demuxer-ogg: 62fdf1f143b41e24485cea50d1cbac27 -> 
  custom:scripting/monoscript/fileName/GameManager.cs: f6182d712e34e20e3202214886862cdb -> 9933fbcc6190e2a9171c2ec8808a053e
  custom:scripting/monoscript/fileName/Income.cs: 938d875b4ea58c05495f38a939171226 -> 
  custom:video-decoder-ogg-theora: a1e56fd34408186e4bbccfd4996cb3dc -> 
  custom:framework-win-MediaFoundation: 216162199b28c13a410421893ffa2e32 -> 
  custom:scripting/monoscript/fileName/Tower.cs: 0e51d5638e1e2b20f04394d6225c671a -> 16583eaf01662413665c0a8803428cd6
  custom:scripting/monoscript/fileName/MenuFrame.cs: 575edbd0df24363ab161dfcb310542c7 -> 
  custom:CustomObjectIndexerAttribute: 9a22284fe3817be447336de3de66b15e -> 
  custom:scripting/monoscript/fileName/Readme.cs: 5aedf578fb2663036982fb7b05aaf325 -> 
  custom:scripting/monoscript/fileName/Tooltip.cs: b7163f69ad820c51a0cfd3387a68b1d4 -> efb4e7ecf4b2142538150f2477ca1e4e
  custom:container-demuxer-webm: 4f35f7cbe854078d1ac9338744f61a02 -> 
  custom:scripting/monoscript/fileName/GoldMine.cs: bab3e2ee0cdfb32214ea1458d0239fb0 -> 
  custom:container-muxer-webm: aa71ff27fc2769a1b78a27578f13a17b -> 
  custom:scripting/monoscript/fileName/ReadmeEditor.cs: ff7ced1e41c1b99ddf5dfefc88f6bd50 -> 
  custom:video-decoder-webm-vp8: 9c59270c3fd7afecdb556c50c9e8de78 -> 
  custom:SearchIndexIgnoredProperties: e643bd26f0fe6173181afceb89e7c659 -> 
  custom:AudioImporter_EditorPlatform: d09bf68614088b80899f8185d706f6e7 -> 
  custom:scripting/monoscript/fileName/LumberMill.cs: c2d45524fbd0d6e9a670d983de5f81d7 -> 
  custom:scripting/monoscript/fileName/Slime.cs: e872c3a4bc36777cb1cc31d8379690c8 -> 05272bae05f111c6b0609e32e93d89d5
  custom:scripting/monoscript/fileName/Bar.cs: 890822e7dfd0f89892a6fd3ee944f62e -> 71c40e549b4fade8bed144aaff5a79ac
  custom:scripting/monoscript/fileName/TooltipManager.cs: 902a800de15a4facdbc6dbb1be6c1339 -> bc11dd805cb64c1c2f88cd7ae96fba24
  custom:video-encoder-webm-vp8: eb34c28f22e8b96e1ab97ce403110664 -> 
  custom:audio-decoder-ogg-vorbis: bf7c407c2cedff20999df2af8eb42d56 -> 
  custom:scripting/monoscript/fileName/Bullet.cs: 48ff13ede6c310cc0acf4a30e818a1de -> a4f5918e799041ba1f6608f13912eb8b
  custom:scripting/monoscript/fileName/TowerBuild.cs: 3807a8e615ef6a49dfd3f6bc5055a7a9 -> 9ea8b859a681512b782b9b3988d2f5f8
  custom:scripting/monoscript/fileName/Wave.cs: c8b913f1d5cb3bff026a08ce26c83aad -> 6e300e3b5d1a1dd15fa0115918e06e83
  custom:audio-encoder-webm-vorbis: bf7c407c2cedff20999df2af8eb42d56 -> 
  custom:scripting/monoscript/fileName/WaterReflection.cs: f1c57f2ce2c094032b710e8e5eb21bd7 -> 
  custom:scripting/monoscript/fileName/Tile.cs: e6480a408e34695897b31a69fad2b871 -> a94101d916c115d73aff3567a86e16d8
========================================================================
Received Prepare
Caller must complete domain reload
Begin MonoManager ReloadAssembly
- Loaded All Assemblies, in  0.425 seconds
Native extension for WindowsStandalone target not found
Native extension for WebGL target not found
[Package Manager] Server::EnsureServerProcessIsRunning -- launch failed, reason: Unity was launched with the -noUpm command-line argument
[Package Manager] UpmClient::Send -- Unable to send message (not connected to UPM process).
[Package Manager] Cannot connect to Unity Package Manager local server
Mono: successfully reloaded assembly
- Finished resetting the current domain, in  0.892 seconds
Domain Reload Profiling: 1315ms
	BeginReloadAssembly (147ms)
		ExecutionOrderSort (0ms)
		DisableScriptedObjects (5ms)
		BackupInstance (0ms)
		ReleaseScriptingObjects (0ms)
		CreateAndSetChildDomain (30ms)
	RebuildCommonClasses (36ms)
	RebuildNativeTypeToScriptingClass (12ms)
	initialDomainReloadingComplete (27ms)
	LoadAllAssembliesAndSetupDomain (201ms)
		LoadAssemblies (258ms)
		RebuildTransferFunctionScriptingTraits (0ms)
		AnalyzeDomain (24ms)
			TypeCache.Refresh (8ms)
				TypeCache.ScanAssembly (1ms)
			ScanForSourceGeneratedMonoScriptInfo (8ms)
			ResolveRequiredComponents (6ms)
	FinalizeReload (892ms)
		ReleaseScriptCaches (0ms)
		RebuildScriptCaches (0ms)
		SetupLoadedEditorAssemblies (439ms)
			LogAssemblyErrors (0ms)
			InitializePlatformSupportModulesInManaged (8ms)
			SetLoadedEditorAssemblies (3ms)
			RefreshPlugins (0ms)
			BeforeProcessingInitializeOnLoad (63ms)
			ProcessInitializeOnLoadAttributes (332ms)
			ProcessInitializeOnLoadMethodAttributes (25ms)
			AfterProcessingInitializeOnLoad (8ms)
			EditorAssembliesLoaded (0ms)
		ExecutionOrderSort2 (0ms)
		AwakeInstancesAfterBackupRestoration (6ms)
Refreshing native plugins compatible for Editor in 3.55 ms, found 3 plugins.
Preloading 0 native plugins for Editor in 0.00 ms.
Unloading 3128 Unused Serialized files (Serialized files now loaded: 0)
Unloading 14 unused Assets / (28.6 KB). Loaded Objects now: 3680.
Memory consumption went from 134.6 MB to 134.5 MB.
Total: 2.749300 ms (FindLiveObjects: 0.298900 ms CreateObjectMapping: 0.086100 ms MarkObjects: 2.318000 ms  DeleteObjects: 0.045100 ms)

Prepare: number of updated asset objects reloaded= 0
AssetImportParameters requested are different than current active one (requested -> active):
  custom:container-demuxer-ogg: 62fdf1f143b41e24485cea50d1cbac27 -> 
  custom:scripting/monoscript/fileName/GameManager.cs: f6182d712e34e20e3202214886862cdb -> 9933fbcc6190e2a9171c2ec8808a053e
  custom:scripting/monoscript/fileName/Income.cs: 938d875b4ea58c05495f38a939171226 -> 
  custom:video-decoder-ogg-theora: a1e56fd34408186e4bbccfd4996cb3dc -> 
  custom:framework-win-MediaFoundation: 216162199b28c13a410421893ffa2e32 -> 
  custom:scripting/monoscript/fileName/Tower.cs: 0e51d5638e1e2b20f04394d6225c671a -> 16583eaf01662413665c0a8803428cd6
  custom:scripting/monoscript/fileName/MenuFrame.cs: 575edbd0df24363ab161dfcb310542c7 -> 
  custom:CustomObjectIndexerAttribute: 9a22284fe3817be447336de3de66b15e -> 
  custom:scripting/monoscript/fileName/Readme.cs: 5aedf578fb2663036982fb7b05aaf325 -> 
  custom:scripting/monoscript/fileName/Tooltip.cs: b7163f69ad820c51a0cfd3387a68b1d4 -> efb4e7ecf4b2142538150f2477ca1e4e
  custom:container-demuxer-webm: 4f35f7cbe854078d1ac9338744f61a02 -> 
  custom:scripting/monoscript/fileName/GoldMine.cs: bab3e2ee0cdfb32214ea1458d0239fb0 -> 
  custom:container-muxer-webm: aa71ff27fc2769a1b78a27578f13a17b -> 
  custom:scripting/monoscript/fileName/ReadmeEditor.cs: ff7ced1e41c1b99ddf5dfefc88f6bd50 -> 
  custom:video-decoder-webm-vp8: 9c59270c3fd7afecdb556c50c9e8de78 -> 
  custom:SearchIndexIgnoredProperties: e643bd26f0fe6173181afceb89e7c659 -> 
  custom:AudioImporter_EditorPlatform: d09bf68614088b80899f8185d706f6e7 -> 
  custom:scripting/monoscript/fileName/LumberMill.cs: c2d45524fbd0d6e9a670d983de5f81d7 -> 
  custom:scripting/monoscript/fileName/Slime.cs: e872c3a4bc36777cb1cc31d8379690c8 -> 05272bae05f111c6b0609e32e93d89d5
  custom:scripting/monoscript/fileName/Bar.cs: 890822e7dfd0f89892a6fd3ee944f62e -> 71c40e549b4fade8bed144aaff5a79ac
  custom:scripting/monoscript/fileName/TooltipManager.cs: 902a800de15a4facdbc6dbb1be6c1339 -> bc11dd805cb64c1c2f88cd7ae96fba24
  custom:video-encoder-webm-vp8: eb34c28f22e8b96e1ab97ce403110664 -> 
  custom:audio-decoder-ogg-vorbis: bf7c407c2cedff20999df2af8eb42d56 -> 
  custom:scripting/monoscript/fileName/Bullet.cs: 48ff13ede6c310cc0acf4a30e818a1de -> a4f5918e799041ba1f6608f13912eb8b
  custom:scripting/monoscript/fileName/TowerBuild.cs: 3807a8e615ef6a49dfd3f6bc5055a7a9 -> 9ea8b859a681512b782b9b3988d2f5f8
  custom:scripting/monoscript/fileName/Wave.cs: c8b913f1d5cb3bff026a08ce26c83aad -> 6e300e3b5d1a1dd15fa0115918e06e83
  custom:audio-encoder-webm-vorbis: bf7c407c2cedff20999df2af8eb42d56 -> 
  custom:scripting/monoscript/fileName/WaterReflection.cs: f1c57f2ce2c094032b710e8e5eb21bd7 -> 
  custom:scripting/monoscript/fileName/Tile.cs: e6480a408e34695897b31a69fad2b871 -> a94101d916c115d73aff3567a86e16d8
========================================================================
Received Prepare
Caller must complete domain reload
Begin MonoManager ReloadAssembly
- Loaded All Assemblies, in  0.396 seconds
Native extension for WindowsStandalone target not found
Native extension for WebGL target not found
[Package Manager] Server::EnsureServerProcessIsRunning -- launch failed, reason: Unity was launched with the -noUpm command-line argument
[Package Manager] UpmClient::Send -- Unable to send message (not connected to UPM process).
[Package Manager] Cannot connect to Unity Package Manager local server
Mono: successfully reloaded assembly
- Finished resetting the current domain, in  0.911 seconds
Domain Reload Profiling: 1304ms
	BeginReloadAssembly (140ms)
		ExecutionOrderSort (0ms)
		DisableScriptedObjects (4ms)
		BackupInstance (0ms)
		ReleaseScriptingObjects (0ms)
		CreateAndSetChildDomain (28ms)
	RebuildCommonClasses (32ms)
	RebuildNativeTypeToScriptingClass (11ms)
	initialDomainReloadingComplete (27ms)
	LoadAllAssembliesAndSetupDomain (183ms)
		LoadAssemblies (247ms)
		RebuildTransferFunctionScriptingTraits (0ms)
		AnalyzeDomain (14ms)
			TypeCache.Refresh (6ms)
				TypeCache.ScanAssembly (0ms)
			ScanForSourceGeneratedMonoScriptInfo (0ms)
			ResolveRequiredComponents (6ms)
	FinalizeReload (912ms)
		ReleaseScriptCaches (0ms)
		RebuildScriptCaches (0ms)
		SetupLoadedEditorAssemblies (463ms)
			LogAssemblyErrors (0ms)
			InitializePlatformSupportModulesInManaged (9ms)
			SetLoadedEditorAssemblies (3ms)
			RefreshPlugins (0ms)
			BeforeProcessingInitializeOnLoad (65ms)
			ProcessInitializeOnLoadAttributes (354ms)
			ProcessInitializeOnLoadMethodAttributes (23ms)
			AfterProcessingInitializeOnLoad (9ms)
			EditorAssembliesLoaded (0ms)
		ExecutionOrderSort2 (0ms)
		AwakeInstancesAfterBackupRestoration (7ms)
Refreshing native plugins compatible for Editor in 3.31 ms, found 3 plugins.
Preloading 0 native plugins for Editor in 0.00 ms.
Unloading 3128 Unused Serialized files (Serialized files now loaded: 0)
Unloading 14 unused Assets / (28.5 KB). Loaded Objects now: 3683.
Memory consumption went from 134.6 MB to 134.5 MB.
Total: 2.710000 ms (FindLiveObjects: 0.315400 ms CreateObjectMapping: 0.086100 ms MarkObjects: 2.265400 ms  DeleteObjects: 0.041900 ms)

Prepare: number of updated asset objects reloaded= 0
AssetImportParameters requested are different than current active one (requested -> active):
  custom:container-demuxer-ogg: 62fdf1f143b41e24485cea50d1cbac27 -> 
  custom:scripting/monoscript/fileName/GameManager.cs: f6182d712e34e20e3202214886862cdb -> 9933fbcc6190e2a9171c2ec8808a053e
  custom:scripting/monoscript/fileName/Income.cs: 938d875b4ea58c05495f38a939171226 -> 
  custom:video-decoder-ogg-theora: a1e56fd34408186e4bbccfd4996cb3dc -> 
  custom:framework-win-MediaFoundation: 216162199b28c13a410421893ffa2e32 -> 
  custom:scripting/monoscript/fileName/Tower.cs: 0e51d5638e1e2b20f04394d6225c671a -> 16583eaf01662413665c0a8803428cd6
  custom:scripting/monoscript/fileName/MenuFrame.cs: 575edbd0df24363ab161dfcb310542c7 -> 
  custom:CustomObjectIndexerAttribute: 9a22284fe3817be447336de3de66b15e -> 
  custom:scripting/monoscript/fileName/Readme.cs: 5aedf578fb2663036982fb7b05aaf325 -> 
  custom:scripting/monoscript/fileName/Tooltip.cs: b7163f69ad820c51a0cfd3387a68b1d4 -> efb4e7ecf4b2142538150f2477ca1e4e
  custom:container-demuxer-webm: 4f35f7cbe854078d1ac9338744f61a02 -> 
  custom:scripting/monoscript/fileName/GoldMine.cs: bab3e2ee0cdfb32214ea1458d0239fb0 -> 
  custom:container-muxer-webm: aa71ff27fc2769a1b78a27578f13a17b -> 
  custom:scripting/monoscript/fileName/ReadmeEditor.cs: ff7ced1e41c1b99ddf5dfefc88f6bd50 -> 
  custom:video-decoder-webm-vp8: 9c59270c3fd7afecdb556c50c9e8de78 -> 
  custom:SearchIndexIgnoredProperties: e643bd26f0fe6173181afceb89e7c659 -> 
  custom:AudioImporter_EditorPlatform: d09bf68614088b80899f8185d706f6e7 -> 
  custom:scripting/monoscript/fileName/LumberMill.cs: c2d45524fbd0d6e9a670d983de5f81d7 -> 
  custom:scripting/monoscript/fileName/Slime.cs: e872c3a4bc36777cb1cc31d8379690c8 -> 05272bae05f111c6b0609e32e93d89d5
  custom:scripting/monoscript/fileName/Bar.cs: 890822e7dfd0f89892a6fd3ee944f62e -> 71c40e549b4fade8bed144aaff5a79ac
  custom:scripting/monoscript/fileName/TooltipManager.cs: 902a800de15a4facdbc6dbb1be6c1339 -> bc11dd805cb64c1c2f88cd7ae96fba24
  custom:video-encoder-webm-vp8: eb34c28f22e8b96e1ab97ce403110664 -> 
  custom:audio-decoder-ogg-vorbis: bf7c407c2cedff20999df2af8eb42d56 -> 
  custom:scripting/monoscript/fileName/Bullet.cs: 48ff13ede6c310cc0acf4a30e818a1de -> a4f5918e799041ba1f6608f13912eb8b
  custom:scripting/monoscript/fileName/TowerBuild.cs: 3807a8e615ef6a49dfd3f6bc5055a7a9 -> 9ea8b859a681512b782b9b3988d2f5f8
  custom:scripting/monoscript/fileName/Wave.cs: c8b913f1d5cb3bff026a08ce26c83aad -> 6e300e3b5d1a1dd15fa0115918e06e83
  custom:audio-encoder-webm-vorbis: bf7c407c2cedff20999df2af8eb42d56 -> 
  custom:scripting/monoscript/fileName/WaterReflection.cs: f1c57f2ce2c094032b710e8e5eb21bd7 -> 
  custom:scripting/monoscript/fileName/Tile.cs: e6480a408e34695897b31a69fad2b871 -> a94101d916c115d73aff3567a86e16d8
========================================================================
Received Prepare
Caller must complete domain reload
Begin MonoManager ReloadAssembly
- Loaded All Assemblies, in  0.461 seconds
Native extension for WindowsStandalone target not found
Native extension for WebGL target not found
[Package Manager] Server::EnsureServerProcessIsRunning -- launch failed, reason: Unity was launched with the -noUpm command-line argument
[Package Manager] UpmClient::Send -- Unable to send message (not connected to UPM process).
[Package Manager] Cannot connect to Unity Package Manager local server
Mono: successfully reloaded assembly
- Finished resetting the current domain, in  0.843 seconds
Domain Reload Profiling: 1301ms
	BeginReloadAssembly (150ms)
		ExecutionOrderSort (0ms)
		DisableScriptedObjects (5ms)
		BackupInstance (0ms)
		ReleaseScriptingObjects (0ms)
		CreateAndSetChildDomain (32ms)
	RebuildCommonClasses (32ms)
	RebuildNativeTypeToScriptingClass (12ms)
	initialDomainReloadingComplete (30ms)
	LoadAllAssembliesAndSetupDomain (234ms)
		LoadAssemblies (296ms)
		RebuildTransferFunctionScriptingTraits (0ms)
		AnalyzeDomain (21ms)
			TypeCache.Refresh (8ms)
				TypeCache.ScanAssembly (1ms)
			ScanForSourceGeneratedMonoScriptInfo (6ms)
			ResolveRequiredComponents (5ms)
	FinalizeReload (844ms)
		ReleaseScriptCaches (0ms)
		RebuildScriptCaches (0ms)
		SetupLoadedEditorAssemblies (403ms)
			LogAssemblyErrors (0ms)
			InitializePlatformSupportModulesInManaged (7ms)
			SetLoadedEditorAssemblies (3ms)
			RefreshPlugins (0ms)
			BeforeProcessingInitializeOnLoad (53ms)
			ProcessInitializeOnLoadAttributes (295ms)
			ProcessInitializeOnLoadMethodAttributes (22ms)
			AfterProcessingInitializeOnLoad (23ms)
			EditorAssembliesLoaded (0ms)
		ExecutionOrderSort2 (0ms)
		AwakeInstancesAfterBackupRestoration (8ms)
Refreshing native plugins compatible for Editor in 4.71 ms, found 3 plugins.
Preloading 0 native plugins for Editor in 0.00 ms.
Unloading 3128 Unused Serialized files (Serialized files now loaded: 0)
Unloading 14 unused Assets / (28.5 KB). Loaded Objects now: 3686.
Memory consumption went from 134.6 MB to 134.5 MB.
Total: 2.773300 ms (FindLiveObjects: 0.314100 ms CreateObjectMapping: 0.086000 ms MarkObjects: 2.313200 ms  DeleteObjects: 0.059000 ms)

Prepare: number of updated asset objects reloaded= 0
AssetImportParameters requested are different than current active one (requested -> active):
  custom:container-demuxer-ogg: 62fdf1f143b41e24485cea50d1cbac27 -> 
  custom:scripting/monoscript/fileName/GameManager.cs: f6182d712e34e20e3202214886862cdb -> 9933fbcc6190e2a9171c2ec8808a053e
  custom:scripting/monoscript/fileName/Income.cs: 938d875b4ea58c05495f38a939171226 -> 
  custom:video-decoder-ogg-theora: a1e56fd34408186e4bbccfd4996cb3dc -> 
  custom:framework-win-MediaFoundation: 216162199b28c13a410421893ffa2e32 -> 
  custom:scripting/monoscript/fileName/Tower.cs: 0e51d5638e1e2b20f04394d6225c671a -> 16583eaf01662413665c0a8803428cd6
  custom:scripting/monoscript/fileName/MenuFrame.cs: 575edbd0df24363ab161dfcb310542c7 -> 
  custom:CustomObjectIndexerAttribute: 9a22284fe3817be447336de3de66b15e -> 
  custom:scripting/monoscript/fileName/Readme.cs: 5aedf578fb2663036982fb7b05aaf325 -> 
  custom:scripting/monoscript/fileName/Tooltip.cs: b7163f69ad820c51a0cfd3387a68b1d4 -> efb4e7ecf4b2142538150f2477ca1e4e
  custom:container-demuxer-webm: 4f35f7cbe854078d1ac9338744f61a02 -> 
  custom:scripting/monoscript/fileName/GoldMine.cs: bab3e2ee0cdfb32214ea1458d0239fb0 -> 
  custom:container-muxer-webm: aa71ff27fc2769a1b78a27578f13a17b -> 
  custom:scripting/monoscript/fileName/ReadmeEditor.cs: ff7ced1e41c1b99ddf5dfefc88f6bd50 -> 
  custom:video-decoder-webm-vp8: 9c59270c3fd7afecdb556c50c9e8de78 -> 
  custom:SearchIndexIgnoredProperties: e643bd26f0fe6173181afceb89e7c659 -> 
  custom:AudioImporter_EditorPlatform: d09bf68614088b80899f8185d706f6e7 -> 
  custom:scripting/monoscript/fileName/LumberMill.cs: c2d45524fbd0d6e9a670d983de5f81d7 -> 
  custom:scripting/monoscript/fileName/Slime.cs: e872c3a4bc36777cb1cc31d8379690c8 -> 05272bae05f111c6b0609e32e93d89d5
  custom:scripting/monoscript/fileName/Bar.cs: 890822e7dfd0f89892a6fd3ee944f62e -> 71c40e549b4fade8bed144aaff5a79ac
  custom:scripting/monoscript/fileName/TooltipManager.cs: 902a800de15a4facdbc6dbb1be6c1339 -> bc11dd805cb64c1c2f88cd7ae96fba24
  custom:video-encoder-webm-vp8: eb34c28f22e8b96e1ab97ce403110664 -> 
  custom:audio-decoder-ogg-vorbis: bf7c407c2cedff20999df2af8eb42d56 -> 
  custom:scripting/monoscript/fileName/Bullet.cs: 48ff13ede6c310cc0acf4a30e818a1de -> a4f5918e799041ba1f6608f13912eb8b
  custom:scripting/monoscript/fileName/TowerBuild.cs: 3807a8e615ef6a49dfd3f6bc5055a7a9 -> 9ea8b859a681512b782b9b3988d2f5f8
  custom:scripting/monoscript/fileName/Wave.cs: c8b913f1d5cb3bff026a08ce26c83aad -> 6e300e3b5d1a1dd15fa0115918e06e83
  custom:audio-encoder-webm-vorbis: bf7c407c2cedff20999df2af8eb42d56 -> 
  custom:scripting/monoscript/fileName/WaterReflection.cs: f1c57f2ce2c094032b710e8e5eb21bd7 -> 
  custom:scripting/monoscript/fileName/Tile.cs: e6480a408e34695897b31a69fad2b871 -> a94101d916c115d73aff3567a86e16d8
========================================================================
Received Prepare
Caller must complete domain reload
Begin MonoManager ReloadAssembly
- Loaded All Assemblies, in  0.411 seconds
Native extension for WindowsStandalone target not found
Native extension for WebGL target not found
[Package Manager] Server::EnsureServerProcessIsRunning -- launch failed, reason: Unity was launched with the -noUpm command-line argument
[Package Manager] UpmClient::Send -- Unable to send message (not connected to UPM process).
[Package Manager] Cannot connect to Unity Package Manager local server
Mono: successfully reloaded assembly
- Finished resetting the current domain, in  0.882 seconds
Domain Reload Profiling: 1290ms
	BeginReloadAssembly (141ms)
		ExecutionOrderSort (0ms)
		DisableScriptedObjects (4ms)
		BackupInstance (0ms)
		ReleaseScriptingObjects (0ms)
		CreateAndSetChildDomain (30ms)
	RebuildCommonClasses (34ms)
	RebuildNativeTypeToScriptingClass (11ms)
	initialDomainReloadingComplete (28ms)
	LoadAllAssembliesAndSetupDomain (194ms)
		LoadAssemblies (257ms)
		RebuildTransferFunctionScriptingTraits (0ms)
		AnalyzeDomain (13ms)
			TypeCache.Refresh (6ms)
				TypeCache.ScanAssembly (0ms)
			ScanForSourceGeneratedMonoScriptInfo (0ms)
			ResolveRequiredComponents (5ms)
	FinalizeReload (883ms)
		ReleaseScriptCaches (0ms)
		RebuildScriptCaches (0ms)
		SetupLoadedEditorAssemblies (448ms)
			LogAssemblyErrors (0ms)
			InitializePlatformSupportModulesInManaged (8ms)
			SetLoadedEditorAssemblies (3ms)
			RefreshPlugins (0ms)
			BeforeProcessingInitializeOnLoad (62ms)
			ProcessInitializeOnLoadAttributes (345ms)
			ProcessInitializeOnLoadMethodAttributes (21ms)
			AfterProcessingInitializeOnLoad (9ms)
			EditorAssembliesLoaded (0ms)
		ExecutionOrderSort2 (0ms)
		AwakeInstancesAfterBackupRestoration (7ms)
Refreshing native plugins compatible for Editor in 3.36 ms, found 3 plugins.
Preloading 0 native plugins for Editor in 0.00 ms.
Unloading 3128 Unused Serialized files (Serialized files now loaded: 0)
Unloading 14 unused Assets / (28.6 KB). Loaded Objects now: 3689.
Memory consumption went from 134.6 MB to 134.5 MB.
Total: 2.800500 ms (FindLiveObjects: 0.313600 ms CreateObjectMapping: 0.076200 ms MarkObjects: 2.361800 ms  DeleteObjects: 0.047900 ms)

Prepare: number of updated asset objects reloaded= 0
AssetImportParameters requested are different than current active one (requested -> active):
  custom:container-demuxer-ogg: 62fdf1f143b41e24485cea50d1cbac27 -> 
  custom:scripting/monoscript/fileName/GameManager.cs: f6182d712e34e20e3202214886862cdb -> 9933fbcc6190e2a9171c2ec8808a053e
  custom:scripting/monoscript/fileName/Income.cs: 938d875b4ea58c05495f38a939171226 -> 
  custom:video-decoder-ogg-theora: a1e56fd34408186e4bbccfd4996cb3dc -> 
  custom:framework-win-MediaFoundation: 216162199b28c13a410421893ffa2e32 -> 
  custom:scripting/monoscript/fileName/Tower.cs: 0e51d5638e1e2b20f04394d6225c671a -> 16583eaf01662413665c0a8803428cd6
  custom:scripting/monoscript/fileName/MenuFrame.cs: 575edbd0df24363ab161dfcb310542c7 -> 
  custom:CustomObjectIndexerAttribute: 9a22284fe3817be447336de3de66b15e -> 
  custom:scripting/monoscript/fileName/Readme.cs: 5aedf578fb2663036982fb7b05aaf325 -> 
  custom:scripting/monoscript/fileName/Tooltip.cs: b7163f69ad820c51a0cfd3387a68b1d4 -> efb4e7ecf4b2142538150f2477ca1e4e
  custom:container-demuxer-webm: 4f35f7cbe854078d1ac9338744f61a02 -> 
  custom:scripting/monoscript/fileName/GoldMine.cs: bab3e2ee0cdfb32214ea1458d0239fb0 -> 
  custom:container-muxer-webm: aa71ff27fc2769a1b78a27578f13a17b -> 
  custom:scripting/monoscript/fileName/ReadmeEditor.cs: ff7ced1e41c1b99ddf5dfefc88f6bd50 -> 
  custom:video-decoder-webm-vp8: 9c59270c3fd7afecdb556c50c9e8de78 -> 
  custom:SearchIndexIgnoredProperties: e643bd26f0fe6173181afceb89e7c659 -> 
  custom:AudioImporter_EditorPlatform: d09bf68614088b80899f8185d706f6e7 -> 
  custom:scripting/monoscript/fileName/LumberMill.cs: c2d45524fbd0d6e9a670d983de5f81d7 -> 
  custom:scripting/monoscript/fileName/Slime.cs: e872c3a4bc36777cb1cc31d8379690c8 -> 05272bae05f111c6b0609e32e93d89d5
  custom:scripting/monoscript/fileName/Bar.cs: 890822e7dfd0f89892a6fd3ee944f62e -> 71c40e549b4fade8bed144aaff5a79ac
  custom:scripting/monoscript/fileName/TooltipManager.cs: 902a800de15a4facdbc6dbb1be6c1339 -> bc11dd805cb64c1c2f88cd7ae96fba24
  custom:video-encoder-webm-vp8: eb34c28f22e8b96e1ab97ce403110664 -> 
  custom:audio-decoder-ogg-vorbis: bf7c407c2cedff20999df2af8eb42d56 -> 
  custom:scripting/monoscript/fileName/Bullet.cs: 48ff13ede6c310cc0acf4a30e818a1de -> a4f5918e799041ba1f6608f13912eb8b
  custom:scripting/monoscript/fileName/TowerBuild.cs: 3807a8e615ef6a49dfd3f6bc5055a7a9 -> 9ea8b859a681512b782b9b3988d2f5f8
  custom:scripting/monoscript/fileName/Wave.cs: c8b913f1d5cb3bff026a08ce26c83aad -> 6e300e3b5d1a1dd15fa0115918e06e83
  custom:audio-encoder-webm-vorbis: bf7c407c2cedff20999df2af8eb42d56 -> 
  custom:scripting/monoscript/fileName/WaterReflection.cs: f1c57f2ce2c094032b710e8e5eb21bd7 -> 
  custom:scripting/monoscript/fileName/Tile.cs: e6480a408e34695897b31a69fad2b871 -> a94101d916c115d73aff3567a86e16d8
========================================================================
Received Prepare
Caller must complete domain reload
Begin MonoManager ReloadAssembly
- Loaded All Assemblies, in  0.408 seconds
Native extension for WindowsStandalone target not found
Native extension for WebGL target not found
[Package Manager] Server::EnsureServerProcessIsRunning -- launch failed, reason: Unity was launched with the -noUpm command-line argument
[Package Manager] UpmClient::Send -- Unable to send message (not connected to UPM process).
[Package Manager] Cannot connect to Unity Package Manager local server
Mono: successfully reloaded assembly
- Finished resetting the current domain, in  0.873 seconds
Domain Reload Profiling: 1279ms
	BeginReloadAssembly (139ms)
		ExecutionOrderSort (0ms)
		DisableScriptedObjects (4ms)
		BackupInstance (0ms)
		ReleaseScriptingObjects (0ms)
		CreateAndSetChildDomain (30ms)
	RebuildCommonClasses (31ms)
	RebuildNativeTypeToScriptingClass (11ms)
	initialDomainReloadingComplete (28ms)
	LoadAllAssembliesAndSetupDomain (196ms)
		LoadAssemblies (250ms)
		RebuildTransferFunctionScriptingTraits (0ms)
		AnalyzeDomain (22ms)
			TypeCache.Refresh (8ms)
				TypeCache.ScanAssembly (1ms)
			ScanForSourceGeneratedMonoScriptInfo (6ms)
			ResolveRequiredComponents (5ms)
	FinalizeReload (874ms)
		ReleaseScriptCaches (0ms)
		RebuildScriptCaches (0ms)
		SetupLoadedEditorAssemblies (437ms)
			LogAssemblyErrors (0ms)
			InitializePlatformSupportModulesInManaged (8ms)
			SetLoadedEditorAssemblies (3ms)
			RefreshPlugins (0ms)
			BeforeProcessingInitializeOnLoad (56ms)
			ProcessInitializeOnLoadAttributes (341ms)
			ProcessInitializeOnLoadMethodAttributes (21ms)
			AfterProcessingInitializeOnLoad (8ms)
			EditorAssembliesLoaded (0ms)
		ExecutionOrderSort2 (0ms)
		AwakeInstancesAfterBackupRestoration (6ms)
Refreshing native plugins compatible for Editor in 3.00 ms, found 3 plugins.
Preloading 0 native plugins for Editor in 0.00 ms.
Unloading 3128 Unused Serialized files (Serialized files now loaded: 0)
Unloading 14 unused Assets / (28.7 KB). Loaded Objects now: 3692.
Memory consumption went from 134.6 MB to 134.5 MB.
Total: 2.692700 ms (FindLiveObjects: 0.297700 ms CreateObjectMapping: 0.084200 ms MarkObjects: 2.269300 ms  DeleteObjects: 0.040500 ms)

Prepare: number of updated asset objects reloaded= 0
AssetImportParameters requested are different than current active one (requested -> active):
  custom:container-demuxer-ogg: 62fdf1f143b41e24485cea50d1cbac27 -> 
  custom:scripting/monoscript/fileName/GameManager.cs: f6182d712e34e20e3202214886862cdb -> 9933fbcc6190e2a9171c2ec8808a053e
  custom:scripting/monoscript/fileName/Income.cs: 938d875b4ea58c05495f38a939171226 -> 
  custom:video-decoder-ogg-theora: a1e56fd34408186e4bbccfd4996cb3dc -> 
  custom:framework-win-MediaFoundation: 216162199b28c13a410421893ffa2e32 -> 
  custom:scripting/monoscript/fileName/Tower.cs: 0e51d5638e1e2b20f04394d6225c671a -> 16583eaf01662413665c0a8803428cd6
  custom:scripting/monoscript/fileName/MenuFrame.cs: 575edbd0df24363ab161dfcb310542c7 -> 
  custom:CustomObjectIndexerAttribute: 9a22284fe3817be447336de3de66b15e -> 
  custom:scripting/monoscript/fileName/Readme.cs: 5aedf578fb2663036982fb7b05aaf325 -> 
  custom:scripting/monoscript/fileName/Tooltip.cs: b7163f69ad820c51a0cfd3387a68b1d4 -> efb4e7ecf4b2142538150f2477ca1e4e
  custom:container-demuxer-webm: 4f35f7cbe854078d1ac9338744f61a02 -> 
  custom:scripting/monoscript/fileName/GoldMine.cs: bab3e2ee0cdfb32214ea1458d0239fb0 -> 
  custom:container-muxer-webm: aa71ff27fc2769a1b78a27578f13a17b -> 
  custom:scripting/monoscript/fileName/ReadmeEditor.cs: ff7ced1e41c1b99ddf5dfefc88f6bd50 -> 
  custom:video-decoder-webm-vp8: 9c59270c3fd7afecdb556c50c9e8de78 -> 
  custom:SearchIndexIgnoredProperties: e643bd26f0fe6173181afceb89e7c659 -> 
  custom:AudioImporter_EditorPlatform: d09bf68614088b80899f8185d706f6e7 -> 
  custom:scripting/monoscript/fileName/LumberMill.cs: c2d45524fbd0d6e9a670d983de5f81d7 -> 
  custom:scripting/monoscript/fileName/Slime.cs: e872c3a4bc36777cb1cc31d8379690c8 -> 05272bae05f111c6b0609e32e93d89d5
  custom:scripting/monoscript/fileName/Bar.cs: 890822e7dfd0f89892a6fd3ee944f62e -> 71c40e549b4fade8bed144aaff5a79ac
  custom:scripting/monoscript/fileName/TooltipManager.cs: 902a800de15a4facdbc6dbb1be6c1339 -> bc11dd805cb64c1c2f88cd7ae96fba24
  custom:video-encoder-webm-vp8: eb34c28f22e8b96e1ab97ce403110664 -> 
  custom:audio-decoder-ogg-vorbis: bf7c407c2cedff20999df2af8eb42d56 -> 
  custom:scripting/monoscript/fileName/Bullet.cs: 48ff13ede6c310cc0acf4a30e818a1de -> a4f5918e799041ba1f6608f13912eb8b
  custom:scripting/monoscript/fileName/TowerBuild.cs: 3807a8e615ef6a49dfd3f6bc5055a7a9 -> 9ea8b859a681512b782b9b3988d2f5f8
  custom:scripting/monoscript/fileName/Wave.cs: c8b913f1d5cb3bff026a08ce26c83aad -> 6e300e3b5d1a1dd15fa0115918e06e83
  custom:audio-encoder-webm-vorbis: bf7c407c2cedff20999df2af8eb42d56 -> 
  custom:scripting/monoscript/fileName/WaterReflection.cs: f1c57f2ce2c094032b710e8e5eb21bd7 -> 
  custom:scripting/monoscript/fileName/Tile.cs: e6480a408e34695897b31a69fad2b871 -> a94101d916c115d73aff3567a86e16d8
========================================================================
Received Prepare
Caller must complete domain reload
Begin MonoManager ReloadAssembly
- Loaded All Assemblies, in  0.403 seconds
Native extension for WindowsStandalone target not found
Native extension for WebGL target not found
[Package Manager] Server::EnsureServerProcessIsRunning -- launch failed, reason: Unity was launched with the -noUpm command-line argument
[Package Manager] UpmClient::Send -- Unable to send message (not connected to UPM process).
[Package Manager] Cannot connect to Unity Package Manager local server
Mono: successfully reloaded assembly
- Finished resetting the current domain, in  0.918 seconds
Domain Reload Profiling: 1317ms
	BeginReloadAssembly (144ms)
		ExecutionOrderSort (0ms)
		DisableScriptedObjects (4ms)
		BackupInstance (0ms)
		ReleaseScriptingObjects (0ms)
		CreateAndSetChildDomain (32ms)
	RebuildCommonClasses (32ms)
	RebuildNativeTypeToScriptingClass (11ms)
	initialDomainReloadingComplete (27ms)
	LoadAllAssembliesAndSetupDomain (185ms)
		LoadAssemblies (248ms)
		RebuildTransferFunctionScriptingTraits (0ms)
		AnalyzeDomain (13ms)
			TypeCache.Refresh (6ms)
				TypeCache.ScanAssembly (0ms)
			ScanForSourceGeneratedMonoScriptInfo (0ms)
			ResolveRequiredComponents (6ms)
	FinalizeReload (918ms)
		ReleaseScriptCaches (0ms)
		RebuildScriptCaches (0ms)
		SetupLoadedEditorAssemblies (472ms)
			LogAssemblyErrors (0ms)
			InitializePlatformSupportModulesInManaged (7ms)
			SetLoadedEditorAssemblies (3ms)
			RefreshPlugins (0ms)
			BeforeProcessingInitializeOnLoad (61ms)
			ProcessInitializeOnLoadAttributes (371ms)
			ProcessInitializeOnLoadMethodAttributes (21ms)
			AfterProcessingInitializeOnLoad (9ms)
			EditorAssembliesLoaded (0ms)
		ExecutionOrderSort2 (0ms)
		AwakeInstancesAfterBackupRestoration (6ms)
Refreshing native plugins compatible for Editor in 3.20 ms, found 3 plugins.
Preloading 0 native plugins for Editor in 0.00 ms.
Unloading 3128 Unused Serialized files (Serialized files now loaded: 0)
Unloading 14 unused Assets / (28.7 KB). Loaded Objects now: 3695.
Memory consumption went from 134.6 MB to 134.5 MB.
Total: 2.735100 ms (FindLiveObjects: 0.297500 ms CreateObjectMapping: 0.084400 ms MarkObjects: 2.310100 ms  DeleteObjects: 0.042200 ms)

Prepare: number of updated asset objects reloaded= 0
AssetImportParameters requested are different than current active one (requested -> active):
  custom:container-demuxer-ogg: 62fdf1f143b41e24485cea50d1cbac27 -> 
  custom:scripting/monoscript/fileName/GameManager.cs: f6182d712e34e20e3202214886862cdb -> 9933fbcc6190e2a9171c2ec8808a053e
  custom:scripting/monoscript/fileName/Income.cs: 938d875b4ea58c05495f38a939171226 -> 
  custom:video-decoder-ogg-theora: a1e56fd34408186e4bbccfd4996cb3dc -> 
  custom:framework-win-MediaFoundation: 216162199b28c13a410421893ffa2e32 -> 
  custom:scripting/monoscript/fileName/Tower.cs: 0e51d5638e1e2b20f04394d6225c671a -> 16583eaf01662413665c0a8803428cd6
  custom:scripting/monoscript/fileName/MenuFrame.cs: 575edbd0df24363ab161dfcb310542c7 -> 
  custom:CustomObjectIndexerAttribute: 9a22284fe3817be447336de3de66b15e -> 
  custom:scripting/monoscript/fileName/Readme.cs: 5aedf578fb2663036982fb7b05aaf325 -> 
  custom:scripting/monoscript/fileName/Tooltip.cs: b7163f69ad820c51a0cfd3387a68b1d4 -> efb4e7ecf4b2142538150f2477ca1e4e
  custom:container-demuxer-webm: 4f35f7cbe854078d1ac9338744f61a02 -> 
  custom:scripting/monoscript/fileName/GoldMine.cs: bab3e2ee0cdfb32214ea1458d0239fb0 -> 
  custom:container-muxer-webm: aa71ff27fc2769a1b78a27578f13a17b -> 
  custom:scripting/monoscript/fileName/ReadmeEditor.cs: ff7ced1e41c1b99ddf5dfefc88f6bd50 -> 
  custom:video-decoder-webm-vp8: 9c59270c3fd7afecdb556c50c9e8de78 -> 
  custom:SearchIndexIgnoredProperties: e643bd26f0fe6173181afceb89e7c659 -> 
  custom:AudioImporter_EditorPlatform: d09bf68614088b80899f8185d706f6e7 -> 
  custom:scripting/monoscript/fileName/LumberMill.cs: c2d45524fbd0d6e9a670d983de5f81d7 -> 
  custom:scripting/monoscript/fileName/Slime.cs: e872c3a4bc36777cb1cc31d8379690c8 -> 05272bae05f111c6b0609e32e93d89d5
  custom:scripting/monoscript/fileName/Bar.cs: 890822e7dfd0f89892a6fd3ee944f62e -> 71c40e549b4fade8bed144aaff5a79ac
  custom:scripting/monoscript/fileName/TooltipManager.cs: 902a800de15a4facdbc6dbb1be6c1339 -> bc11dd805cb64c1c2f88cd7ae96fba24
  custom:video-encoder-webm-vp8: eb34c28f22e8b96e1ab97ce403110664 -> 
  custom:audio-decoder-ogg-vorbis: bf7c407c2cedff20999df2af8eb42d56 -> 
  custom:scripting/monoscript/fileName/Bullet.cs: 48ff13ede6c310cc0acf4a30e818a1de -> a4f5918e799041ba1f6608f13912eb8b
  custom:scripting/monoscript/fileName/TowerBuild.cs: 3807a8e615ef6a49dfd3f6bc5055a7a9 -> 9ea8b859a681512b782b9b3988d2f5f8
  custom:scripting/monoscript/fileName/Wave.cs: c8b913f1d5cb3bff026a08ce26c83aad -> 6e300e3b5d1a1dd15fa0115918e06e83
  custom:audio-encoder-webm-vorbis: bf7c407c2cedff20999df2af8eb42d56 -> 
  custom:scripting/monoscript/fileName/WaterReflection.cs: f1c57f2ce2c094032b710e8e5eb21bd7 -> 
  custom:scripting/monoscript/fileName/Tile.cs: e6480a408e34695897b31a69fad2b871 -> a94101d916c115d73aff3567a86e16d8
========================================================================
Received Prepare
Caller must complete domain reload
Begin MonoManager ReloadAssembly
- Loaded All Assemblies, in  0.407 seconds
Native extension for WindowsStandalone target not found
Native extension for WebGL target not found
[Package Manager] Server::EnsureServerProcessIsRunning -- launch failed, reason: Unity was launched with the -noUpm command-line argument
[Package Manager] UpmClient::Send -- Unable to send message (not connected to UPM process).
[Package Manager] Cannot connect to Unity Package Manager local server
Mono: successfully reloaded assembly
- Finished resetting the current domain, in  0.865 seconds
Domain Reload Profiling: 1270ms
	BeginReloadAssembly (140ms)
		ExecutionOrderSort (0ms)
		DisableScriptedObjects (4ms)
		BackupInstance (0ms)
		ReleaseScriptingObjects (0ms)
		CreateAndSetChildDomain (27ms)
	RebuildCommonClasses (31ms)
	RebuildNativeTypeToScriptingClass (11ms)
	initialDomainReloadingComplete (27ms)
	LoadAllAssembliesAndSetupDomain (195ms)
		LoadAssemblies (251ms)
		RebuildTransferFunctionScriptingTraits (0ms)
		AnalyzeDomain (22ms)
			TypeCache.Refresh (9ms)
				TypeCache.ScanAssembly (1ms)
			ScanForSourceGeneratedMonoScriptInfo (6ms)
			ResolveRequiredComponents (5ms)
	FinalizeReload (866ms)
		ReleaseScriptCaches (0ms)
		RebuildScriptCaches (0ms)
		SetupLoadedEditorAssemblies (431ms)
			LogAssemblyErrors (0ms)
			InitializePlatformSupportModulesInManaged (9ms)
			SetLoadedEditorAssemblies (3ms)
			RefreshPlugins (0ms)
			BeforeProcessingInitializeOnLoad (58ms)
			ProcessInitializeOnLoadAttributes (330ms)
			ProcessInitializeOnLoadMethodAttributes (23ms)
			AfterProcessingInitializeOnLoad (7ms)
			EditorAssembliesLoaded (0ms)
		ExecutionOrderSort2 (0ms)
		AwakeInstancesAfterBackupRestoration (6ms)
Refreshing native plugins compatible for Editor in 2.82 ms, found 3 plugins.
Preloading 0 native plugins for Editor in 0.00 ms.
Unloading 3128 Unused Serialized files (Serialized files now loaded: 0)
Unloading 14 unused Assets / (28.6 KB). Loaded Objects now: 3698.
Memory consumption went from 134.6 MB to 134.5 MB.
Total: 2.662500 ms (FindLiveObjects: 0.272200 ms CreateObjectMapping: 0.085100 ms MarkObjects: 2.263300 ms  DeleteObjects: 0.041000 ms)

Prepare: number of updated asset objects reloaded= 0
AssetImportParameters requested are different than current active one (requested -> active):
  custom:container-demuxer-ogg: 62fdf1f143b41e24485cea50d1cbac27 -> 
  custom:scripting/monoscript/fileName/GameManager.cs: f6182d712e34e20e3202214886862cdb -> 9933fbcc6190e2a9171c2ec8808a053e
  custom:scripting/monoscript/fileName/Income.cs: 938d875b4ea58c05495f38a939171226 -> 
  custom:video-decoder-ogg-theora: a1e56fd34408186e4bbccfd4996cb3dc -> 
  custom:framework-win-MediaFoundation: 216162199b28c13a410421893ffa2e32 -> 
  custom:scripting/monoscript/fileName/Tower.cs: 0e51d5638e1e2b20f04394d6225c671a -> 16583eaf01662413665c0a8803428cd6
  custom:scripting/monoscript/fileName/MenuFrame.cs: 575edbd0df24363ab161dfcb310542c7 -> 
  custom:CustomObjectIndexerAttribute: 9a22284fe3817be447336de3de66b15e -> 
  custom:scripting/monoscript/fileName/Readme.cs: 5aedf578fb2663036982fb7b05aaf325 -> 
  custom:scripting/monoscript/fileName/Tooltip.cs: b7163f69ad820c51a0cfd3387a68b1d4 -> efb4e7ecf4b2142538150f2477ca1e4e
  custom:container-demuxer-webm: 4f35f7cbe854078d1ac9338744f61a02 -> 
  custom:scripting/monoscript/fileName/GoldMine.cs: bab3e2ee0cdfb32214ea1458d0239fb0 -> 
  custom:container-muxer-webm: aa71ff27fc2769a1b78a27578f13a17b -> 
  custom:scripting/monoscript/fileName/ReadmeEditor.cs: ff7ced1e41c1b99ddf5dfefc88f6bd50 -> 
  custom:video-decoder-webm-vp8: 9c59270c3fd7afecdb556c50c9e8de78 -> 
  custom:SearchIndexIgnoredProperties: e643bd26f0fe6173181afceb89e7c659 -> 
  custom:AudioImporter_EditorPlatform: d09bf68614088b80899f8185d706f6e7 -> 
  custom:scripting/monoscript/fileName/LumberMill.cs: c2d45524fbd0d6e9a670d983de5f81d7 -> 
  custom:scripting/monoscript/fileName/Slime.cs: e872c3a4bc36777cb1cc31d8379690c8 -> 05272bae05f111c6b0609e32e93d89d5
  custom:scripting/monoscript/fileName/Bar.cs: 890822e7dfd0f89892a6fd3ee944f62e -> 71c40e549b4fade8bed144aaff5a79ac
  custom:scripting/monoscript/fileName/TooltipManager.cs: 902a800de15a4facdbc6dbb1be6c1339 -> bc11dd805cb64c1c2f88cd7ae96fba24
  custom:video-encoder-webm-vp8: eb34c28f22e8b96e1ab97ce403110664 -> 
  custom:audio-decoder-ogg-vorbis: bf7c407c2cedff20999df2af8eb42d56 -> 
  custom:scripting/monoscript/fileName/Bullet.cs: 48ff13ede6c310cc0acf4a30e818a1de -> a4f5918e799041ba1f6608f13912eb8b
  custom:scripting/monoscript/fileName/TowerBuild.cs: 3807a8e615ef6a49dfd3f6bc5055a7a9 -> 9ea8b859a681512b782b9b3988d2f5f8
  custom:scripting/monoscript/fileName/Wave.cs: c8b913f1d5cb3bff026a08ce26c83aad -> 6e300e3b5d1a1dd15fa0115918e06e83
  custom:audio-encoder-webm-vorbis: bf7c407c2cedff20999df2af8eb42d56 -> 
  custom:scripting/monoscript/fileName/WaterReflection.cs: f1c57f2ce2c094032b710e8e5eb21bd7 -> 
  custom:scripting/monoscript/fileName/Tile.cs: e6480a408e34695897b31a69fad2b871 -> a94101d916c115d73aff3567a86e16d8
========================================================================
Received Prepare
Caller must complete domain reload
Begin MonoManager ReloadAssembly
- Loaded All Assemblies, in  0.424 seconds
Native extension for WindowsStandalone target not found
Native extension for WebGL target not found
[Package Manager] Server::EnsureServerProcessIsRunning -- launch failed, reason: Unity was launched with the -noUpm command-line argument
[Package Manager] UpmClient::Send -- Unable to send message (not connected to UPM process).
[Package Manager] Cannot connect to Unity Package Manager local server
Mono: successfully reloaded assembly
- Finished resetting the current domain, in  0.854 seconds
Domain Reload Profiling: 1276ms
	BeginReloadAssembly (142ms)
		ExecutionOrderSort (0ms)
		DisableScriptedObjects (4ms)
		BackupInstance (0ms)
		ReleaseScriptingObjects (0ms)
		CreateAndSetChildDomain (29ms)
	RebuildCommonClasses (32ms)
	RebuildNativeTypeToScriptingClass (11ms)
	initialDomainReloadingComplete (28ms)
	LoadAllAssembliesAndSetupDomain (208ms)
		LoadAssemblies (265ms)
		RebuildTransferFunctionScriptingTraits (0ms)
		AnalyzeDomain (22ms)
			TypeCache.Refresh (9ms)
				TypeCache.ScanAssembly (1ms)
			ScanForSourceGeneratedMonoScriptInfo (6ms)
			ResolveRequiredComponents (5ms)
	FinalizeReload (855ms)
		ReleaseScriptCaches (0ms)
		RebuildScriptCaches (0ms)
		SetupLoadedEditorAssemblies (418ms)
			LogAssemblyErrors (0ms)
			InitializePlatformSupportModulesInManaged (7ms)
			SetLoadedEditorAssemblies (3ms)
			RefreshPlugins (0ms)
			BeforeProcessingInitializeOnLoad (57ms)
			ProcessInitializeOnLoadAttributes (319ms)
			ProcessInitializeOnLoadMethodAttributes (22ms)
			AfterProcessingInitializeOnLoad (10ms)
			EditorAssembliesLoaded (0ms)
		ExecutionOrderSort2 (0ms)
		AwakeInstancesAfterBackupRestoration (9ms)
Refreshing native plugins compatible for Editor in 3.38 ms, found 3 plugins.
Preloading 0 native plugins for Editor in 0.00 ms.
Unloading 3128 Unused Serialized files (Serialized files now loaded: 0)
Unloading 14 unused Assets / (28.7 KB). Loaded Objects now: 3701.
Memory consumption went from 134.6 MB to 134.6 MB.
Total: 2.767700 ms (FindLiveObjects: 0.300500 ms CreateObjectMapping: 0.087400 ms MarkObjects: 2.331700 ms  DeleteObjects: 0.046800 ms)

Prepare: number of updated asset objects reloaded= 0
AssetImportParameters requested are different than current active one (requested -> active):
  custom:container-demuxer-ogg: 62fdf1f143b41e24485cea50d1cbac27 -> 
  custom:scripting/monoscript/fileName/GameManager.cs: f6182d712e34e20e3202214886862cdb -> 9933fbcc6190e2a9171c2ec8808a053e
  custom:scripting/monoscript/fileName/Income.cs: 938d875b4ea58c05495f38a939171226 -> 
  custom:video-decoder-ogg-theora: a1e56fd34408186e4bbccfd4996cb3dc -> 
  custom:framework-win-MediaFoundation: 216162199b28c13a410421893ffa2e32 -> 
  custom:scripting/monoscript/fileName/Tower.cs: 0e51d5638e1e2b20f04394d6225c671a -> 16583eaf01662413665c0a8803428cd6
  custom:scripting/monoscript/fileName/MenuFrame.cs: 575edbd0df24363ab161dfcb310542c7 -> 
  custom:CustomObjectIndexerAttribute: 9a22284fe3817be447336de3de66b15e -> 
  custom:scripting/monoscript/fileName/Readme.cs: 5aedf578fb2663036982fb7b05aaf325 -> 
  custom:scripting/monoscript/fileName/Tooltip.cs: b7163f69ad820c51a0cfd3387a68b1d4 -> efb4e7ecf4b2142538150f2477ca1e4e
  custom:container-demuxer-webm: 4f35f7cbe854078d1ac9338744f61a02 -> 
  custom:scripting/monoscript/fileName/GoldMine.cs: bab3e2ee0cdfb32214ea1458d0239fb0 -> 
  custom:container-muxer-webm: aa71ff27fc2769a1b78a27578f13a17b -> 
  custom:scripting/monoscript/fileName/ReadmeEditor.cs: ff7ced1e41c1b99ddf5dfefc88f6bd50 -> 
  custom:video-decoder-webm-vp8: 9c59270c3fd7afecdb556c50c9e8de78 -> 
  custom:SearchIndexIgnoredProperties: e643bd26f0fe6173181afceb89e7c659 -> 
  custom:AudioImporter_EditorPlatform: d09bf68614088b80899f8185d706f6e7 -> 
  custom:scripting/monoscript/fileName/LumberMill.cs: c2d45524fbd0d6e9a670d983de5f81d7 -> 
  custom:scripting/monoscript/fileName/Slime.cs: e872c3a4bc36777cb1cc31d8379690c8 -> 05272bae05f111c6b0609e32e93d89d5
  custom:scripting/monoscript/fileName/Bar.cs: 890822e7dfd0f89892a6fd3ee944f62e -> 71c40e549b4fade8bed144aaff5a79ac
  custom:scripting/monoscript/fileName/TooltipManager.cs: 902a800de15a4facdbc6dbb1be6c1339 -> bc11dd805cb64c1c2f88cd7ae96fba24
  custom:video-encoder-webm-vp8: eb34c28f22e8b96e1ab97ce403110664 -> 
  custom:audio-decoder-ogg-vorbis: bf7c407c2cedff20999df2af8eb42d56 -> 
  custom:scripting/monoscript/fileName/Bullet.cs: 48ff13ede6c310cc0acf4a30e818a1de -> a4f5918e799041ba1f6608f13912eb8b
  custom:scripting/monoscript/fileName/TowerBuild.cs: 3807a8e615ef6a49dfd3f6bc5055a7a9 -> 9ea8b859a681512b782b9b3988d2f5f8
  custom:scripting/monoscript/fileName/Wave.cs: c8b913f1d5cb3bff026a08ce26c83aad -> 6e300e3b5d1a1dd15fa0115918e06e83
  custom:audio-encoder-webm-vorbis: bf7c407c2cedff20999df2af8eb42d56 -> 
  custom:scripting/monoscript/fileName/WaterReflection.cs: f1c57f2ce2c094032b710e8e5eb21bd7 -> 
  custom:scripting/monoscript/fileName/Tile.cs: e6480a408e34695897b31a69fad2b871 -> a94101d916c115d73aff3567a86e16d8
========================================================================
Received Prepare
Caller must complete domain reload
Begin MonoManager ReloadAssembly
- Loaded All Assemblies, in  0.400 seconds
Native extension for WindowsStandalone target not found
Native extension for WebGL target not found
[Package Manager] Server::EnsureServerProcessIsRunning -- launch failed, reason: Unity was launched with the -noUpm command-line argument
[Package Manager] UpmClient::Send -- Unable to send message (not connected to UPM process).
[Package Manager] Cannot connect to Unity Package Manager local server
Mono: successfully reloaded assembly
- Finished resetting the current domain, in  0.896 seconds
Domain Reload Profiling: 1294ms
	BeginReloadAssembly (141ms)
		ExecutionOrderSort (0ms)
		DisableScriptedObjects (6ms)
		BackupInstance (0ms)
		ReleaseScriptingObjects (0ms)
		CreateAndSetChildDomain (28ms)
	RebuildCommonClasses (32ms)
	RebuildNativeTypeToScriptingClass (11ms)
	initialDomainReloadingComplete (27ms)
	LoadAllAssembliesAndSetupDomain (187ms)
		LoadAssemblies (252ms)
		RebuildTransferFunctionScriptingTraits (0ms)
		AnalyzeDomain (13ms)
			TypeCache.Refresh (5ms)
				TypeCache.ScanAssembly (0ms)
			ScanForSourceGeneratedMonoScriptInfo (0ms)
			ResolveRequiredComponents (5ms)
	FinalizeReload (896ms)
		ReleaseScriptCaches (0ms)
		RebuildScriptCaches (0ms)
		SetupLoadedEditorAssemblies (466ms)
			LogAssemblyErrors (0ms)
			InitializePlatformSupportModulesInManaged (9ms)
			SetLoadedEditorAssemblies (3ms)
			RefreshPlugins (0ms)
			BeforeProcessingInitializeOnLoad (62ms)
			ProcessInitializeOnLoadAttributes (361ms)
			ProcessInitializeOnLoadMethodAttributes (23ms)
			AfterProcessingInitializeOnLoad (8ms)
			EditorAssembliesLoaded (0ms)
		ExecutionOrderSort2 (0ms)
		AwakeInstancesAfterBackupRestoration (7ms)
Refreshing native plugins compatible for Editor in 3.34 ms, found 3 plugins.
Preloading 0 native plugins for Editor in 0.00 ms.
Unloading 3128 Unused Serialized files (Serialized files now loaded: 0)
Unloading 14 unused Assets / (28.7 KB). Loaded Objects now: 3704.
Memory consumption went from 134.6 MB to 134.6 MB.
Total: 2.681100 ms (FindLiveObjects: 0.295100 ms CreateObjectMapping: 0.086000 ms MarkObjects: 2.257200 ms  DeleteObjects: 0.041900 ms)

Prepare: number of updated asset objects reloaded= 0
AssetImportParameters requested are different than current active one (requested -> active):
  custom:container-demuxer-ogg: 62fdf1f143b41e24485cea50d1cbac27 -> 
  custom:scripting/monoscript/fileName/GameManager.cs: f6182d712e34e20e3202214886862cdb -> 9933fbcc6190e2a9171c2ec8808a053e
  custom:scripting/monoscript/fileName/Income.cs: 938d875b4ea58c05495f38a939171226 -> 
  custom:video-decoder-ogg-theora: a1e56fd34408186e4bbccfd4996cb3dc -> 
  custom:framework-win-MediaFoundation: 216162199b28c13a410421893ffa2e32 -> 
  custom:scripting/monoscript/fileName/Tower.cs: 0e51d5638e1e2b20f04394d6225c671a -> 16583eaf01662413665c0a8803428cd6
  custom:scripting/monoscript/fileName/MenuFrame.cs: 575edbd0df24363ab161dfcb310542c7 -> 
  custom:CustomObjectIndexerAttribute: 9a22284fe3817be447336de3de66b15e -> 
  custom:scripting/monoscript/fileName/Readme.cs: 5aedf578fb2663036982fb7b05aaf325 -> 
  custom:scripting/monoscript/fileName/Tooltip.cs: b7163f69ad820c51a0cfd3387a68b1d4 -> efb4e7ecf4b2142538150f2477ca1e4e
  custom:container-demuxer-webm: 4f35f7cbe854078d1ac9338744f61a02 -> 
  custom:scripting/monoscript/fileName/GoldMine.cs: bab3e2ee0cdfb32214ea1458d0239fb0 -> 
  custom:container-muxer-webm: aa71ff27fc2769a1b78a27578f13a17b -> 
  custom:scripting/monoscript/fileName/ReadmeEditor.cs: ff7ced1e41c1b99ddf5dfefc88f6bd50 -> 
  custom:video-decoder-webm-vp8: 9c59270c3fd7afecdb556c50c9e8de78 -> 
  custom:SearchIndexIgnoredProperties: e643bd26f0fe6173181afceb89e7c659 -> 
  custom:AudioImporter_EditorPlatform: d09bf68614088b80899f8185d706f6e7 -> 
  custom:scripting/monoscript/fileName/LumberMill.cs: c2d45524fbd0d6e9a670d983de5f81d7 -> 
  custom:scripting/monoscript/fileName/Slime.cs: e872c3a4bc36777cb1cc31d8379690c8 -> 05272bae05f111c6b0609e32e93d89d5
  custom:scripting/monoscript/fileName/Bar.cs: 890822e7dfd0f89892a6fd3ee944f62e -> 71c40e549b4fade8bed144aaff5a79ac
  custom:scripting/monoscript/fileName/TooltipManager.cs: 902a800de15a4facdbc6dbb1be6c1339 -> bc11dd805cb64c1c2f88cd7ae96fba24
  custom:video-encoder-webm-vp8: eb34c28f22e8b96e1ab97ce403110664 -> 
  custom:audio-decoder-ogg-vorbis: bf7c407c2cedff20999df2af8eb42d56 -> 
  custom:scripting/monoscript/fileName/Bullet.cs: 48ff13ede6c310cc0acf4a30e818a1de -> a4f5918e799041ba1f6608f13912eb8b
  custom:scripting/monoscript/fileName/TowerBuild.cs: 3807a8e615ef6a49dfd3f6bc5055a7a9 -> 9ea8b859a681512b782b9b3988d2f5f8
  custom:scripting/monoscript/fileName/Wave.cs: c8b913f1d5cb3bff026a08ce26c83aad -> 6e300e3b5d1a1dd15fa0115918e06e83
  custom:audio-encoder-webm-vorbis: bf7c407c2cedff20999df2af8eb42d56 -> 
  custom:scripting/monoscript/fileName/WaterReflection.cs: f1c57f2ce2c094032b710e8e5eb21bd7 -> 
  custom:scripting/monoscript/fileName/Tile.cs: e6480a408e34695897b31a69fad2b871 -> a94101d916c115d73aff3567a86e16d8
========================================================================
Received Prepare
Caller must complete domain reload
Begin MonoManager ReloadAssembly
- Loaded All Assemblies, in  0.418 seconds
Native extension for WindowsStandalone target not found
Native extension for WebGL target not found
[Package Manager] Server::EnsureServerProcessIsRunning -- launch failed, reason: Unity was launched with the -noUpm command-line argument
[Package Manager] UpmClient::Send -- Unable to send message (not connected to UPM process).
[Package Manager] Cannot connect to Unity Package Manager local server
Mono: successfully reloaded assembly
- Finished resetting the current domain, in  0.868 seconds
Domain Reload Profiling: 1283ms
	BeginReloadAssembly (142ms)
		ExecutionOrderSort (0ms)
		DisableScriptedObjects (4ms)
		BackupInstance (0ms)
		ReleaseScriptingObjects (0ms)
		CreateAndSetChildDomain (29ms)
	RebuildCommonClasses (32ms)
	RebuildNativeTypeToScriptingClass (11ms)
	initialDomainReloadingComplete (28ms)
	LoadAllAssembliesAndSetupDomain (202ms)
		LoadAssemblies (257ms)
		RebuildTransferFunctionScriptingTraits (0ms)
		AnalyzeDomain (23ms)
			TypeCache.Refresh (8ms)
				TypeCache.ScanAssembly (1ms)
			ScanForSourceGeneratedMonoScriptInfo (7ms)
			ResolveRequiredComponents (7ms)
	FinalizeReload (869ms)
		ReleaseScriptCaches (0ms)
		RebuildScriptCaches (0ms)
		SetupLoadedEditorAssemblies (398ms)
			LogAssemblyErrors (0ms)
			InitializePlatformSupportModulesInManaged (7ms)
			SetLoadedEditorAssemblies (3ms)
			RefreshPlugins (0ms)
			BeforeProcessingInitializeOnLoad (55ms)
			ProcessInitializeOnLoadAttributes (308ms)
			ProcessInitializeOnLoadMethodAttributes (18ms)
			AfterProcessingInitializeOnLoad (8ms)
			EditorAssembliesLoaded (0ms)
		ExecutionOrderSort2 (0ms)
		AwakeInstancesAfterBackupRestoration (6ms)
Refreshing native plugins compatible for Editor in 3.17 ms, found 3 plugins.
Preloading 0 native plugins for Editor in 0.00 ms.
Unloading 3128 Unused Serialized files (Serialized files now loaded: 0)
Unloading 14 unused Assets / (28.6 KB). Loaded Objects now: 3707.
Memory consumption went from 134.6 MB to 134.6 MB.
Total: 2.629100 ms (FindLiveObjects: 0.290700 ms CreateObjectMapping: 0.084700 ms MarkObjects: 2.203100 ms  DeleteObjects: 0.049400 ms)

Prepare: number of updated asset objects reloaded= 0
AssetImportParameters requested are different than current active one (requested -> active):
  custom:container-demuxer-ogg: 62fdf1f143b41e24485cea50d1cbac27 -> 
  custom:scripting/monoscript/fileName/GameManager.cs: f6182d712e34e20e3202214886862cdb -> 9933fbcc6190e2a9171c2ec8808a053e
  custom:scripting/monoscript/fileName/Income.cs: 938d875b4ea58c05495f38a939171226 -> 
  custom:video-decoder-ogg-theora: a1e56fd34408186e4bbccfd4996cb3dc -> 
  custom:framework-win-MediaFoundation: 216162199b28c13a410421893ffa2e32 -> 
  custom:scripting/monoscript/fileName/Tower.cs: 0e51d5638e1e2b20f04394d6225c671a -> 16583eaf01662413665c0a8803428cd6
  custom:scripting/monoscript/fileName/MenuFrame.cs: 575edbd0df24363ab161dfcb310542c7 -> 
  custom:CustomObjectIndexerAttribute: 9a22284fe3817be447336de3de66b15e -> 
  custom:scripting/monoscript/fileName/Readme.cs: 5aedf578fb2663036982fb7b05aaf325 -> 
  custom:scripting/monoscript/fileName/Tooltip.cs: b7163f69ad820c51a0cfd3387a68b1d4 -> efb4e7ecf4b2142538150f2477ca1e4e
  custom:container-demuxer-webm: 4f35f7cbe854078d1ac9338744f61a02 -> 
  custom:scripting/monoscript/fileName/GoldMine.cs: bab3e2ee0cdfb32214ea1458d0239fb0 -> 
  custom:container-muxer-webm: aa71ff27fc2769a1b78a27578f13a17b -> 
  custom:scripting/monoscript/fileName/ReadmeEditor.cs: ff7ced1e41c1b99ddf5dfefc88f6bd50 -> 
  custom:video-decoder-webm-vp8: 9c59270c3fd7afecdb556c50c9e8de78 -> 
  custom:SearchIndexIgnoredProperties: e643bd26f0fe6173181afceb89e7c659 -> 
  custom:AudioImporter_EditorPlatform: d09bf68614088b80899f8185d706f6e7 -> 
  custom:scripting/monoscript/fileName/LumberMill.cs: c2d45524fbd0d6e9a670d983de5f81d7 -> 
  custom:scripting/monoscript/fileName/Slime.cs: e872c3a4bc36777cb1cc31d8379690c8 -> 05272bae05f111c6b0609e32e93d89d5
  custom:scripting/monoscript/fileName/Bar.cs: 890822e7dfd0f89892a6fd3ee944f62e -> 71c40e549b4fade8bed144aaff5a79ac
  custom:scripting/monoscript/fileName/TooltipManager.cs: 902a800de15a4facdbc6dbb1be6c1339 -> bc11dd805cb64c1c2f88cd7ae96fba24
  custom:video-encoder-webm-vp8: eb34c28f22e8b96e1ab97ce403110664 -> 
  custom:audio-decoder-ogg-vorbis: bf7c407c2cedff20999df2af8eb42d56 -> 
  custom:scripting/monoscript/fileName/Bullet.cs: 48ff13ede6c310cc0acf4a30e818a1de -> a4f5918e799041ba1f6608f13912eb8b
  custom:scripting/monoscript/fileName/TowerBuild.cs: 3807a8e615ef6a49dfd3f6bc5055a7a9 -> 9ea8b859a681512b782b9b3988d2f5f8
  custom:scripting/monoscript/fileName/Wave.cs: c8b913f1d5cb3bff026a08ce26c83aad -> 6e300e3b5d1a1dd15fa0115918e06e83
  custom:audio-encoder-webm-vorbis: bf7c407c2cedff20999df2af8eb42d56 -> 
  custom:scripting/monoscript/fileName/WaterReflection.cs: f1c57f2ce2c094032b710e8e5eb21bd7 -> 
  custom:scripting/monoscript/fileName/Tile.cs: e6480a408e34695897b31a69fad2b871 -> a94101d916c115d73aff3567a86e16d8
========================================================================
Received Prepare
Caller must complete domain reload
Begin MonoManager ReloadAssembly
- Loaded All Assemblies, in  0.407 seconds
Native extension for WindowsStandalone target not found
Native extension for WebGL target not found
[Package Manager] Server::EnsureServerProcessIsRunning -- launch failed, reason: Unity was launched with the -noUpm command-line argument
[Package Manager] UpmClient::Send -- Unable to send message (not connected to UPM process).
[Package Manager] Cannot connect to Unity Package Manager local server
Mono: successfully reloaded assembly
- Finished resetting the current domain, in  0.912 seconds
Domain Reload Profiling: 1317ms
	BeginReloadAssembly (142ms)
		ExecutionOrderSort (0ms)
		DisableScriptedObjects (4ms)
		BackupInstance (0ms)
		ReleaseScriptingObjects (0ms)
		CreateAndSetChildDomain (32ms)
	RebuildCommonClasses (36ms)
	RebuildNativeTypeToScriptingClass (16ms)
	initialDomainReloadingComplete (27ms)
	LoadAllAssembliesAndSetupDomain (183ms)
		LoadAssemblies (246ms)
		RebuildTransferFunctionScriptingTraits (0ms)
		AnalyzeDomain (13ms)
			TypeCache.Refresh (6ms)
				TypeCache.ScanAssembly (0ms)
			ScanForSourceGeneratedMonoScriptInfo (0ms)
			ResolveRequiredComponents (5ms)
	FinalizeReload (913ms)
		ReleaseScriptCaches (0ms)
		RebuildScriptCaches (0ms)
		SetupLoadedEditorAssemblies (457ms)
			LogAssemblyErrors (0ms)
			InitializePlatformSupportModulesInManaged (8ms)
			SetLoadedEditorAssemblies (3ms)
			RefreshPlugins (0ms)
			BeforeProcessingInitializeOnLoad (62ms)
			ProcessInitializeOnLoadAttributes (354ms)
			ProcessInitializeOnLoadMethodAttributes (21ms)
			AfterProcessingInitializeOnLoad (8ms)
			EditorAssembliesLoaded (0ms)
		ExecutionOrderSort2 (0ms)
		AwakeInstancesAfterBackupRestoration (6ms)
Refreshing native plugins compatible for Editor in 3.86 ms, found 3 plugins.
Preloading 0 native plugins for Editor in 0.00 ms.
Unloading 3128 Unused Serialized files (Serialized files now loaded: 0)
Unloading 14 unused Assets / (28.7 KB). Loaded Objects now: 3710.
Memory consumption went from 134.6 MB to 134.6 MB.
Total: 2.810700 ms (FindLiveObjects: 0.310300 ms CreateObjectMapping: 0.088200 ms MarkObjects: 2.367400 ms  DeleteObjects: 0.043900 ms)

Prepare: number of updated asset objects reloaded= 0
AssetImportParameters requested are different than current active one (requested -> active):
  custom:container-demuxer-ogg: 62fdf1f143b41e24485cea50d1cbac27 -> 
  custom:scripting/monoscript/fileName/GameManager.cs: f6182d712e34e20e3202214886862cdb -> 9933fbcc6190e2a9171c2ec8808a053e
  custom:scripting/monoscript/fileName/Income.cs: 938d875b4ea58c05495f38a939171226 -> 
  custom:video-decoder-ogg-theora: a1e56fd34408186e4bbccfd4996cb3dc -> 
  custom:framework-win-MediaFoundation: 216162199b28c13a410421893ffa2e32 -> 
  custom:scripting/monoscript/fileName/Tower.cs: 0e51d5638e1e2b20f04394d6225c671a -> 16583eaf01662413665c0a8803428cd6
  custom:scripting/monoscript/fileName/MenuFrame.cs: 575edbd0df24363ab161dfcb310542c7 -> 
  custom:CustomObjectIndexerAttribute: 9a22284fe3817be447336de3de66b15e -> 
  custom:scripting/monoscript/fileName/Readme.cs: 5aedf578fb2663036982fb7b05aaf325 -> 
  custom:scripting/monoscript/fileName/Tooltip.cs: b7163f69ad820c51a0cfd3387a68b1d4 -> efb4e7ecf4b2142538150f2477ca1e4e
  custom:container-demuxer-webm: 4f35f7cbe854078d1ac9338744f61a02 -> 
  custom:scripting/monoscript/fileName/GoldMine.cs: bab3e2ee0cdfb32214ea1458d0239fb0 -> 
  custom:container-muxer-webm: aa71ff27fc2769a1b78a27578f13a17b -> 
  custom:scripting/monoscript/fileName/ReadmeEditor.cs: ff7ced1e41c1b99ddf5dfefc88f6bd50 -> 
  custom:video-decoder-webm-vp8: 9c59270c3fd7afecdb556c50c9e8de78 -> 
  custom:SearchIndexIgnoredProperties: e643bd26f0fe6173181afceb89e7c659 -> 
  custom:AudioImporter_EditorPlatform: d09bf68614088b80899f8185d706f6e7 -> 
  custom:scripting/monoscript/fileName/LumberMill.cs: c2d45524fbd0d6e9a670d983de5f81d7 -> 
  custom:scripting/monoscript/fileName/Slime.cs: e872c3a4bc36777cb1cc31d8379690c8 -> 05272bae05f111c6b0609e32e93d89d5
  custom:scripting/monoscript/fileName/Bar.cs: 890822e7dfd0f89892a6fd3ee944f62e -> 71c40e549b4fade8bed144aaff5a79ac
  custom:scripting/monoscript/fileName/TooltipManager.cs: 902a800de15a4facdbc6dbb1be6c1339 -> bc11dd805cb64c1c2f88cd7ae96fba24
  custom:video-encoder-webm-vp8: eb34c28f22e8b96e1ab97ce403110664 -> 
  custom:audio-decoder-ogg-vorbis: bf7c407c2cedff20999df2af8eb42d56 -> 
  custom:scripting/monoscript/fileName/Bullet.cs: 48ff13ede6c310cc0acf4a30e818a1de -> a4f5918e799041ba1f6608f13912eb8b
  custom:scripting/monoscript/fileName/TowerBuild.cs: 3807a8e615ef6a49dfd3f6bc5055a7a9 -> 9ea8b859a681512b782b9b3988d2f5f8
  custom:scripting/monoscript/fileName/Wave.cs: c8b913f1d5cb3bff026a08ce26c83aad -> 6e300e3b5d1a1dd15fa0115918e06e83
  custom:audio-encoder-webm-vorbis: bf7c407c2cedff20999df2af8eb42d56 -> 
  custom:scripting/monoscript/fileName/WaterReflection.cs: f1c57f2ce2c094032b710e8e5eb21bd7 -> 
  custom:scripting/monoscript/fileName/Tile.cs: e6480a408e34695897b31a69fad2b871 -> a94101d916c115d73aff3567a86e16d8
========================================================================
Received Prepare
Caller must complete domain reload
Begin MonoManager ReloadAssembly
- Loaded All Assemblies, in  0.421 seconds
Native extension for WindowsStandalone target not found
Native extension for WebGL target not found
[Package Manager] Server::EnsureServerProcessIsRunning -- launch failed, reason: Unity was launched with the -noUpm command-line argument
[Package Manager] UpmClient::Send -- Unable to send message (not connected to UPM process).
[Package Manager] Cannot connect to Unity Package Manager local server
Mono: successfully reloaded assembly
- Finished resetting the current domain, in  0.881 seconds
Domain Reload Profiling: 1299ms
	BeginReloadAssembly (139ms)
		ExecutionOrderSort (0ms)
		DisableScriptedObjects (4ms)
		BackupInstance (0ms)
		ReleaseScriptingObjects (0ms)
		CreateAndSetChildDomain (30ms)
	RebuildCommonClasses (35ms)
	RebuildNativeTypeToScriptingClass (11ms)
	initialDomainReloadingComplete (32ms)
	LoadAllAssembliesAndSetupDomain (201ms)
		LoadAssemblies (254ms)
		RebuildTransferFunctionScriptingTraits (0ms)
		AnalyzeDomain (21ms)
			TypeCache.Refresh (8ms)
				TypeCache.ScanAssembly (1ms)
			ScanForSourceGeneratedMonoScriptInfo (6ms)
			ResolveRequiredComponents (5ms)
	FinalizeReload (882ms)
		ReleaseScriptCaches (0ms)
		RebuildScriptCaches (0ms)
		SetupLoadedEditorAssemblies (435ms)
			LogAssemblyErrors (0ms)
			InitializePlatformSupportModulesInManaged (8ms)
			SetLoadedEditorAssemblies (3ms)
			RefreshPlugins (0ms)
			BeforeProcessingInitializeOnLoad (55ms)
			ProcessInitializeOnLoadAttributes (342ms)
			ProcessInitializeOnLoadMethodAttributes (19ms)
			AfterProcessingInitializeOnLoad (8ms)
			EditorAssembliesLoaded (0ms)
		ExecutionOrderSort2 (0ms)
		AwakeInstancesAfterBackupRestoration (6ms)
Refreshing native plugins compatible for Editor in 2.96 ms, found 3 plugins.
Preloading 0 native plugins for Editor in 0.00 ms.
Unloading 3128 Unused Serialized files (Serialized files now loaded: 0)
Unloading 14 unused Assets / (28.6 KB). Loaded Objects now: 3713.
Memory consumption went from 134.6 MB to 134.6 MB.
Total: 2.710700 ms (FindLiveObjects: 0.290100 ms CreateObjectMapping: 0.085500 ms MarkObjects: 2.294800 ms  DeleteObjects: 0.039600 ms)

Prepare: number of updated asset objects reloaded= 0
AssetImportParameters requested are different than current active one (requested -> active):
  custom:container-demuxer-ogg: 62fdf1f143b41e24485cea50d1cbac27 -> 
  custom:scripting/monoscript/fileName/GameManager.cs: f6182d712e34e20e3202214886862cdb -> 9933fbcc6190e2a9171c2ec8808a053e
  custom:scripting/monoscript/fileName/Income.cs: 938d875b4ea58c05495f38a939171226 -> 
  custom:video-decoder-ogg-theora: a1e56fd34408186e4bbccfd4996cb3dc -> 
  custom:framework-win-MediaFoundation: 216162199b28c13a410421893ffa2e32 -> 
  custom:scripting/monoscript/fileName/Tower.cs: 0e51d5638e1e2b20f04394d6225c671a -> 16583eaf01662413665c0a8803428cd6
  custom:scripting/monoscript/fileName/MenuFrame.cs: 575edbd0df24363ab161dfcb310542c7 -> 
  custom:CustomObjectIndexerAttribute: 9a22284fe3817be447336de3de66b15e -> 
  custom:scripting/monoscript/fileName/Readme.cs: 5aedf578fb2663036982fb7b05aaf325 -> 
  custom:scripting/monoscript/fileName/Tooltip.cs: b7163f69ad820c51a0cfd3387a68b1d4 -> efb4e7ecf4b2142538150f2477ca1e4e
  custom:container-demuxer-webm: 4f35f7cbe854078d1ac9338744f61a02 -> 
  custom:scripting/monoscript/fileName/GoldMine.cs: bab3e2ee0cdfb32214ea1458d0239fb0 -> 
  custom:container-muxer-webm: aa71ff27fc2769a1b78a27578f13a17b -> 
  custom:scripting/monoscript/fileName/ReadmeEditor.cs: ff7ced1e41c1b99ddf5dfefc88f6bd50 -> 
  custom:video-decoder-webm-vp8: 9c59270c3fd7afecdb556c50c9e8de78 -> 
  custom:SearchIndexIgnoredProperties: e643bd26f0fe6173181afceb89e7c659 -> 
  custom:AudioImporter_EditorPlatform: d09bf68614088b80899f8185d706f6e7 -> 
  custom:scripting/monoscript/fileName/LumberMill.cs: c2d45524fbd0d6e9a670d983de5f81d7 -> 
  custom:scripting/monoscript/fileName/Slime.cs: e872c3a4bc36777cb1cc31d8379690c8 -> 05272bae05f111c6b0609e32e93d89d5
  custom:scripting/monoscript/fileName/Bar.cs: 890822e7dfd0f89892a6fd3ee944f62e -> 71c40e549b4fade8bed144aaff5a79ac
  custom:scripting/monoscript/fileName/TooltipManager.cs: 902a800de15a4facdbc6dbb1be6c1339 -> bc11dd805cb64c1c2f88cd7ae96fba24
  custom:video-encoder-webm-vp8: eb34c28f22e8b96e1ab97ce403110664 -> 
  custom:audio-decoder-ogg-vorbis: bf7c407c2cedff20999df2af8eb42d56 -> 
  custom:scripting/monoscript/fileName/Bullet.cs: 48ff13ede6c310cc0acf4a30e818a1de -> a4f5918e799041ba1f6608f13912eb8b
  custom:scripting/monoscript/fileName/TowerBuild.cs: 3807a8e615ef6a49dfd3f6bc5055a7a9 -> 9ea8b859a681512b782b9b3988d2f5f8
  custom:scripting/monoscript/fileName/Wave.cs: c8b913f1d5cb3bff026a08ce26c83aad -> 6e300e3b5d1a1dd15fa0115918e06e83
  custom:audio-encoder-webm-vorbis: bf7c407c2cedff20999df2af8eb42d56 -> 
  custom:scripting/monoscript/fileName/WaterReflection.cs: f1c57f2ce2c094032b710e8e5eb21bd7 -> 
  custom:scripting/monoscript/fileName/Tile.cs: e6480a408e34695897b31a69fad2b871 -> a94101d916c115d73aff3567a86e16d8
========================================================================
Received Prepare
Caller must complete domain reload
Begin MonoManager ReloadAssembly
- Loaded All Assemblies, in  0.414 seconds
Native extension for WindowsStandalone target not found
Native extension for WebGL target not found
[Package Manager] Server::EnsureServerProcessIsRunning -- launch failed, reason: Unity was launched with the -noUpm command-line argument
[Package Manager] UpmClient::Send -- Unable to send message (not connected to UPM process).
[Package Manager] Cannot connect to Unity Package Manager local server
Mono: successfully reloaded assembly
- Finished resetting the current domain, in  0.849 seconds
Domain Reload Profiling: 1260ms
	BeginReloadAssembly (139ms)
		ExecutionOrderSort (0ms)
		DisableScriptedObjects (4ms)
		BackupInstance (0ms)
		ReleaseScriptingObjects (0ms)
		CreateAndSetChildDomain (28ms)
	RebuildCommonClasses (32ms)
	RebuildNativeTypeToScriptingClass (11ms)
	initialDomainReloadingComplete (27ms)
	LoadAllAssembliesAndSetupDomain (201ms)
		LoadAssemblies (256ms)
		RebuildTransferFunctionScriptingTraits (0ms)
		AnalyzeDomain (22ms)
			TypeCache.Refresh (8ms)
				TypeCache.ScanAssembly (1ms)
			ScanForSourceGeneratedMonoScriptInfo (7ms)
			ResolveRequiredComponents (5ms)
	FinalizeReload (849ms)
		ReleaseScriptCaches (0ms)
		RebuildScriptCaches (0ms)
		SetupLoadedEditorAssemblies (400ms)
			LogAssemblyErrors (0ms)
			InitializePlatformSupportModulesInManaged (7ms)
			SetLoadedEditorAssemblies (3ms)
			RefreshPlugins (0ms)
			BeforeProcessingInitializeOnLoad (54ms)
			ProcessInitializeOnLoadAttributes (310ms)
			ProcessInitializeOnLoadMethodAttributes (18ms)
			AfterProcessingInitializeOnLoad (8ms)
			EditorAssembliesLoaded (0ms)
		ExecutionOrderSort2 (0ms)
		AwakeInstancesAfterBackupRestoration (6ms)
Refreshing native plugins compatible for Editor in 3.00 ms, found 3 plugins.
Preloading 0 native plugins for Editor in 0.00 ms.
Unloading 3128 Unused Serialized files (Serialized files now loaded: 0)
Unloading 14 unused Assets / (28.6 KB). Loaded Objects now: 3716.
Memory consumption went from 134.6 MB to 134.6 MB.
Total: 2.621700 ms (FindLiveObjects: 0.259400 ms CreateObjectMapping: 0.074900 ms MarkObjects: 2.245300 ms  DeleteObjects: 0.041200 ms)

Prepare: number of updated asset objects reloaded= 0
AssetImportParameters requested are different than current active one (requested -> active):
  custom:container-demuxer-ogg: 62fdf1f143b41e24485cea50d1cbac27 -> 
  custom:scripting/monoscript/fileName/GameManager.cs: f6182d712e34e20e3202214886862cdb -> 9933fbcc6190e2a9171c2ec8808a053e
  custom:scripting/monoscript/fileName/Income.cs: 938d875b4ea58c05495f38a939171226 -> 
  custom:video-decoder-ogg-theora: a1e56fd34408186e4bbccfd4996cb3dc -> 
  custom:framework-win-MediaFoundation: 216162199b28c13a410421893ffa2e32 -> 
  custom:scripting/monoscript/fileName/Tower.cs: 0e51d5638e1e2b20f04394d6225c671a -> 16583eaf01662413665c0a8803428cd6
  custom:scripting/monoscript/fileName/MenuFrame.cs: 575edbd0df24363ab161dfcb310542c7 -> 
  custom:CustomObjectIndexerAttribute: 9a22284fe3817be447336de3de66b15e -> 
  custom:scripting/monoscript/fileName/Readme.cs: 5aedf578fb2663036982fb7b05aaf325 -> 
  custom:scripting/monoscript/fileName/Tooltip.cs: b7163f69ad820c51a0cfd3387a68b1d4 -> efb4e7ecf4b2142538150f2477ca1e4e
  custom:container-demuxer-webm: 4f35f7cbe854078d1ac9338744f61a02 -> 
  custom:scripting/monoscript/fileName/GoldMine.cs: bab3e2ee0cdfb32214ea1458d0239fb0 -> 
  custom:container-muxer-webm: aa71ff27fc2769a1b78a27578f13a17b -> 
  custom:scripting/monoscript/fileName/ReadmeEditor.cs: ff7ced1e41c1b99ddf5dfefc88f6bd50 -> 
  custom:video-decoder-webm-vp8: 9c59270c3fd7afecdb556c50c9e8de78 -> 
  custom:SearchIndexIgnoredProperties: e643bd26f0fe6173181afceb89e7c659 -> 
  custom:AudioImporter_EditorPlatform: d09bf68614088b80899f8185d706f6e7 -> 
  custom:scripting/monoscript/fileName/LumberMill.cs: c2d45524fbd0d6e9a670d983de5f81d7 -> 
  custom:scripting/monoscript/fileName/Slime.cs: e872c3a4bc36777cb1cc31d8379690c8 -> 05272bae05f111c6b0609e32e93d89d5
  custom:scripting/monoscript/fileName/Bar.cs: 890822e7dfd0f89892a6fd3ee944f62e -> 71c40e549b4fade8bed144aaff5a79ac
  custom:scripting/monoscript/fileName/TooltipManager.cs: 902a800de15a4facdbc6dbb1be6c1339 -> bc11dd805cb64c1c2f88cd7ae96fba24
  custom:video-encoder-webm-vp8: eb34c28f22e8b96e1ab97ce403110664 -> 
  custom:audio-decoder-ogg-vorbis: bf7c407c2cedff20999df2af8eb42d56 -> 
  custom:scripting/monoscript/fileName/Bullet.cs: 48ff13ede6c310cc0acf4a30e818a1de -> a4f5918e799041ba1f6608f13912eb8b
  custom:scripting/monoscript/fileName/TowerBuild.cs: 3807a8e615ef6a49dfd3f6bc5055a7a9 -> 9ea8b859a681512b782b9b3988d2f5f8
  custom:scripting/monoscript/fileName/Wave.cs: c8b913f1d5cb3bff026a08ce26c83aad -> 6e300e3b5d1a1dd15fa0115918e06e83
  custom:audio-encoder-webm-vorbis: bf7c407c2cedff20999df2af8eb42d56 -> 
  custom:scripting/monoscript/fileName/WaterReflection.cs: f1c57f2ce2c094032b710e8e5eb21bd7 -> 
  custom:scripting/monoscript/fileName/Tile.cs: e6480a408e34695897b31a69fad2b871 -> a94101d916c115d73aff3567a86e16d8
========================================================================
Received Prepare
Caller must complete domain reload
Begin MonoManager ReloadAssembly
- Loaded All Assemblies, in  0.403 seconds
Native extension for WindowsStandalone target not found
Native extension for WebGL target not found
[Package Manager] Server::EnsureServerProcessIsRunning -- launch failed, reason: Unity was launched with the -noUpm command-line argument
[Package Manager] UpmClient::Send -- Unable to send message (not connected to UPM process).
[Package Manager] Cannot connect to Unity Package Manager local server
Mono: successfully reloaded assembly
- Finished resetting the current domain, in  0.913 seconds
Domain Reload Profiling: 1314ms
	BeginReloadAssembly (138ms)
		ExecutionOrderSort (0ms)
		DisableScriptedObjects (4ms)
		BackupInstance (0ms)
		ReleaseScriptingObjects (0ms)
		CreateAndSetChildDomain (29ms)
	RebuildCommonClasses (32ms)
	RebuildNativeTypeToScriptingClass (11ms)
	initialDomainReloadingComplete (27ms)
	LoadAllAssembliesAndSetupDomain (192ms)
		LoadAssemblies (256ms)
		RebuildTransferFunctionScriptingTraits (0ms)
		AnalyzeDomain (12ms)
			TypeCache.Refresh (5ms)
				TypeCache.ScanAssembly (0ms)
			ScanForSourceGeneratedMonoScriptInfo (0ms)
			ResolveRequiredComponents (6ms)
	FinalizeReload (914ms)
		ReleaseScriptCaches (0ms)
		RebuildScriptCaches (0ms)
		SetupLoadedEditorAssemblies (475ms)
			LogAssemblyErrors (0ms)
			InitializePlatformSupportModulesInManaged (8ms)
			SetLoadedEditorAssemblies (3ms)
			RefreshPlugins (0ms)
			BeforeProcessingInitializeOnLoad (64ms)
			ProcessInitializeOnLoadAttributes (370ms)
			ProcessInitializeOnLoadMethodAttributes (22ms)
			AfterProcessingInitializeOnLoad (8ms)
			EditorAssembliesLoaded (0ms)
		ExecutionOrderSort2 (0ms)
		AwakeInstancesAfterBackupRestoration (7ms)
Refreshing native plugins compatible for Editor in 3.53 ms, found 3 plugins.
Preloading 0 native plugins for Editor in 0.00 ms.
Unloading 3128 Unused Serialized files (Serialized files now loaded: 0)
Unloading 14 unused Assets / (28.7 KB). Loaded Objects now: 3719.
Memory consumption went from 134.6 MB to 134.6 MB.
Total: 2.922600 ms (FindLiveObjects: 0.343500 ms CreateObjectMapping: 0.117600 ms MarkObjects: 2.418500 ms  DeleteObjects: 0.042200 ms)

Prepare: number of updated asset objects reloaded= 0
AssetImportParameters requested are different than current active one (requested -> active):
  custom:container-demuxer-ogg: 62fdf1f143b41e24485cea50d1cbac27 -> 
  custom:scripting/monoscript/fileName/GameManager.cs: f6182d712e34e20e3202214886862cdb -> 9933fbcc6190e2a9171c2ec8808a053e
  custom:scripting/monoscript/fileName/Income.cs: 938d875b4ea58c05495f38a939171226 -> 
  custom:video-decoder-ogg-theora: a1e56fd34408186e4bbccfd4996cb3dc -> 
  custom:framework-win-MediaFoundation: 216162199b28c13a410421893ffa2e32 -> 
  custom:scripting/monoscript/fileName/Tower.cs: 0e51d5638e1e2b20f04394d6225c671a -> 16583eaf01662413665c0a8803428cd6
  custom:scripting/monoscript/fileName/MenuFrame.cs: 575edbd0df24363ab161dfcb310542c7 -> 
  custom:CustomObjectIndexerAttribute: 9a22284fe3817be447336de3de66b15e -> 
  custom:scripting/monoscript/fileName/Readme.cs: 5aedf578fb2663036982fb7b05aaf325 -> 
  custom:scripting/monoscript/fileName/Tooltip.cs: b7163f69ad820c51a0cfd3387a68b1d4 -> efb4e7ecf4b2142538150f2477ca1e4e
  custom:container-demuxer-webm: 4f35f7cbe854078d1ac9338744f61a02 -> 
  custom:scripting/monoscript/fileName/GoldMine.cs: bab3e2ee0cdfb32214ea1458d0239fb0 -> 
  custom:container-muxer-webm: aa71ff27fc2769a1b78a27578f13a17b -> 
  custom:scripting/monoscript/fileName/ReadmeEditor.cs: ff7ced1e41c1b99ddf5dfefc88f6bd50 -> 
  custom:video-decoder-webm-vp8: 9c59270c3fd7afecdb556c50c9e8de78 -> 
  custom:SearchIndexIgnoredProperties: e643bd26f0fe6173181afceb89e7c659 -> 
  custom:AudioImporter_EditorPlatform: d09bf68614088b80899f8185d706f6e7 -> 
  custom:scripting/monoscript/fileName/LumberMill.cs: c2d45524fbd0d6e9a670d983de5f81d7 -> 
  custom:scripting/monoscript/fileName/Slime.cs: e872c3a4bc36777cb1cc31d8379690c8 -> 05272bae05f111c6b0609e32e93d89d5
  custom:scripting/monoscript/fileName/Bar.cs: 890822e7dfd0f89892a6fd3ee944f62e -> 71c40e549b4fade8bed144aaff5a79ac
  custom:scripting/monoscript/fileName/TooltipManager.cs: 902a800de15a4facdbc6dbb1be6c1339 -> bc11dd805cb64c1c2f88cd7ae96fba24
  custom:video-encoder-webm-vp8: eb34c28f22e8b96e1ab97ce403110664 -> 
  custom:audio-decoder-ogg-vorbis: bf7c407c2cedff20999df2af8eb42d56 -> 
  custom:scripting/monoscript/fileName/Bullet.cs: 48ff13ede6c310cc0acf4a30e818a1de -> a4f5918e799041ba1f6608f13912eb8b
  custom:scripting/monoscript/fileName/TowerBuild.cs: 3807a8e615ef6a49dfd3f6bc5055a7a9 -> 9ea8b859a681512b782b9b3988d2f5f8
  custom:scripting/monoscript/fileName/Wave.cs: c8b913f1d5cb3bff026a08ce26c83aad -> 6e300e3b5d1a1dd15fa0115918e06e83
  custom:audio-encoder-webm-vorbis: bf7c407c2cedff20999df2af8eb42d56 -> 
  custom:scripting/monoscript/fileName/WaterReflection.cs: f1c57f2ce2c094032b710e8e5eb21bd7 -> 
  custom:scripting/monoscript/fileName/Tile.cs: e6480a408e34695897b31a69fad2b871 -> a94101d916c115d73aff3567a86e16d8
========================================================================
Received Prepare
Caller must complete domain reload
Begin MonoManager ReloadAssembly
- Loaded All Assemblies, in  0.545 seconds
Native extension for WindowsStandalone target not found
Native extension for WebGL target not found
[Package Manager] Server::EnsureServerProcessIsRunning -- launch failed, reason: Unity was launched with the -noUpm command-line argument
[Package Manager] UpmClient::Send -- Unable to send message (not connected to UPM process).
[Package Manager] Cannot connect to Unity Package Manager local server
Mono: successfully reloaded assembly
- Finished resetting the current domain, in  0.995 seconds
Domain Reload Profiling: 1537ms
	BeginReloadAssembly (243ms)
		ExecutionOrderSort (0ms)
		DisableScriptedObjects (4ms)
		BackupInstance (0ms)
		ReleaseScriptingObjects (0ms)
		CreateAndSetChildDomain (30ms)
	RebuildCommonClasses (32ms)
	RebuildNativeTypeToScriptingClass (12ms)
	initialDomainReloadingComplete (32ms)
	LoadAllAssembliesAndSetupDomain (223ms)
		LoadAssemblies (302ms)
		RebuildTransferFunctionScriptingTraits (0ms)
		AnalyzeDomain (28ms)
			TypeCache.Refresh (10ms)
				TypeCache.ScanAssembly (1ms)
			ScanForSourceGeneratedMonoScriptInfo (8ms)
			ResolveRequiredComponents (6ms)
	FinalizeReload (995ms)
		ReleaseScriptCaches (0ms)
		RebuildScriptCaches (0ms)
		SetupLoadedEditorAssemblies (483ms)
			LogAssemblyErrors (0ms)
			InitializePlatformSupportModulesInManaged (9ms)
			SetLoadedEditorAssemblies (3ms)
			RefreshPlugins (0ms)
			BeforeProcessingInitializeOnLoad (67ms)
			ProcessInitializeOnLoadAttributes (371ms)
			ProcessInitializeOnLoadMethodAttributes (23ms)
			AfterProcessingInitializeOnLoad (10ms)
			EditorAssembliesLoaded (0ms)
		ExecutionOrderSort2 (0ms)
		AwakeInstancesAfterBackupRestoration (7ms)
Refreshing native plugins compatible for Editor in 2.97 ms, found 3 plugins.
Preloading 0 native plugins for Editor in 0.00 ms.
Unloading 3128 Unused Serialized files (Serialized files now loaded: 0)
Unloading 14 unused Assets / (28.8 KB). Loaded Objects now: 3722.
Memory consumption went from 134.6 MB to 134.6 MB.
Total: 2.900000 ms (FindLiveObjects: 0.336100 ms CreateObjectMapping: 0.090500 ms MarkObjects: 2.413300 ms  DeleteObjects: 0.059100 ms)

Prepare: number of updated asset objects reloaded= 0
AssetImportParameters requested are different than current active one (requested -> active):
  custom:container-demuxer-ogg: 62fdf1f143b41e24485cea50d1cbac27 -> 
  custom:scripting/monoscript/fileName/GameManager.cs: f6182d712e34e20e3202214886862cdb -> 9933fbcc6190e2a9171c2ec8808a053e
  custom:scripting/monoscript/fileName/Income.cs: 938d875b4ea58c05495f38a939171226 -> 
  custom:video-decoder-ogg-theora: a1e56fd34408186e4bbccfd4996cb3dc -> 
  custom:framework-win-MediaFoundation: 216162199b28c13a410421893ffa2e32 -> 
  custom:scripting/monoscript/fileName/Tower.cs: 0e51d5638e1e2b20f04394d6225c671a -> 16583eaf01662413665c0a8803428cd6
  custom:scripting/monoscript/fileName/MenuFrame.cs: 575edbd0df24363ab161dfcb310542c7 -> 
  custom:CustomObjectIndexerAttribute: 9a22284fe3817be447336de3de66b15e -> 
  custom:scripting/monoscript/fileName/Readme.cs: 5aedf578fb2663036982fb7b05aaf325 -> 
  custom:scripting/monoscript/fileName/Tooltip.cs: b7163f69ad820c51a0cfd3387a68b1d4 -> efb4e7ecf4b2142538150f2477ca1e4e
  custom:container-demuxer-webm: 4f35f7cbe854078d1ac9338744f61a02 -> 
  custom:scripting/monoscript/fileName/GoldMine.cs: bab3e2ee0cdfb32214ea1458d0239fb0 -> 
  custom:container-muxer-webm: aa71ff27fc2769a1b78a27578f13a17b -> 
  custom:scripting/monoscript/fileName/ReadmeEditor.cs: ff7ced1e41c1b99ddf5dfefc88f6bd50 -> 
  custom:video-decoder-webm-vp8: 9c59270c3fd7afecdb556c50c9e8de78 -> 
  custom:SearchIndexIgnoredProperties: e643bd26f0fe6173181afceb89e7c659 -> 
  custom:AudioImporter_EditorPlatform: d09bf68614088b80899f8185d706f6e7 -> 
  custom:scripting/monoscript/fileName/LumberMill.cs: c2d45524fbd0d6e9a670d983de5f81d7 -> 
  custom:scripting/monoscript/fileName/Slime.cs: e872c3a4bc36777cb1cc31d8379690c8 -> 05272bae05f111c6b0609e32e93d89d5
  custom:scripting/monoscript/fileName/Bar.cs: 890822e7dfd0f89892a6fd3ee944f62e -> 71c40e549b4fade8bed144aaff5a79ac
  custom:scripting/monoscript/fileName/TooltipManager.cs: 902a800de15a4facdbc6dbb1be6c1339 -> bc11dd805cb64c1c2f88cd7ae96fba24
  custom:video-encoder-webm-vp8: eb34c28f22e8b96e1ab97ce403110664 -> 
  custom:audio-decoder-ogg-vorbis: bf7c407c2cedff20999df2af8eb42d56 -> 
  custom:scripting/monoscript/fileName/Bullet.cs: 48ff13ede6c310cc0acf4a30e818a1de -> a4f5918e799041ba1f6608f13912eb8b
  custom:scripting/monoscript/fileName/TowerBuild.cs: 3807a8e615ef6a49dfd3f6bc5055a7a9 -> 9ea8b859a681512b782b9b3988d2f5f8
  custom:scripting/monoscript/fileName/Wave.cs: c8b913f1d5cb3bff026a08ce26c83aad -> 6e300e3b5d1a1dd15fa0115918e06e83
  custom:audio-encoder-webm-vorbis: bf7c407c2cedff20999df2af8eb42d56 -> 
  custom:scripting/monoscript/fileName/WaterReflection.cs: f1c57f2ce2c094032b710e8e5eb21bd7 -> 
  custom:scripting/monoscript/fileName/Tile.cs: e6480a408e34695897b31a69fad2b871 -> a94101d916c115d73aff3567a86e16d8
========================================================================
Received Prepare
Caller must complete domain reload
Begin MonoManager ReloadAssembly
- Loaded All Assemblies, in  0.437 seconds
Native extension for WindowsStandalone target not found
Native extension for WebGL target not found
[Package Manager] Server::EnsureServerProcessIsRunning -- launch failed, reason: Unity was launched with the -noUpm command-line argument
[Package Manager] UpmClient::Send -- Unable to send message (not connected to UPM process).
[Package Manager] Cannot connect to Unity Package Manager local server
Mono: successfully reloaded assembly
- Finished resetting the current domain, in  0.873 seconds
Domain Reload Profiling: 1308ms
	BeginReloadAssembly (149ms)
		ExecutionOrderSort (0ms)
		DisableScriptedObjects (4ms)
		BackupInstance (0ms)
		ReleaseScriptingObjects (0ms)
		CreateAndSetChildDomain (27ms)
	RebuildCommonClasses (32ms)
	RebuildNativeTypeToScriptingClass (12ms)
	initialDomainReloadingComplete (29ms)
	LoadAllAssembliesAndSetupDomain (212ms)
		LoadAssemblies (274ms)
		RebuildTransferFunctionScriptingTraits (0ms)
		AnalyzeDomain (25ms)
			TypeCache.Refresh (8ms)
				TypeCache.ScanAssembly (1ms)
			ScanForSourceGeneratedMonoScriptInfo (8ms)
			ResolveRequiredComponents (7ms)
	FinalizeReload (874ms)
		ReleaseScriptCaches (0ms)
		RebuildScriptCaches (0ms)
		SetupLoadedEditorAssemblies (431ms)
			LogAssemblyErrors (0ms)
			InitializePlatformSupportModulesInManaged (8ms)
			SetLoadedEditorAssemblies (4ms)
			RefreshPlugins (0ms)
			BeforeProcessingInitializeOnLoad (59ms)
			ProcessInitializeOnLoadAttributes (334ms)
			ProcessInitializeOnLoadMethodAttributes (19ms)
			AfterProcessingInitializeOnLoad (7ms)
			EditorAssembliesLoaded (0ms)
		ExecutionOrderSort2 (0ms)
		AwakeInstancesAfterBackupRestoration (7ms)
Refreshing native plugins compatible for Editor in 2.91 ms, found 3 plugins.
Preloading 0 native plugins for Editor in 0.00 ms.
Unloading 3128 Unused Serialized files (Serialized files now loaded: 0)
Unloading 14 unused Assets / (28.6 KB). Loaded Objects now: 3725.
Memory consumption went from 134.6 MB to 134.6 MB.
Total: 2.898600 ms (FindLiveObjects: 0.461800 ms CreateObjectMapping: 0.104000 ms MarkObjects: 2.289800 ms  DeleteObjects: 0.042000 ms)

Prepare: number of updated asset objects reloaded= 0
AssetImportParameters requested are different than current active one (requested -> active):
  custom:container-demuxer-ogg: 62fdf1f143b41e24485cea50d1cbac27 -> 
  custom:scripting/monoscript/fileName/GameManager.cs: f6182d712e34e20e3202214886862cdb -> 9933fbcc6190e2a9171c2ec8808a053e
  custom:scripting/monoscript/fileName/Income.cs: 938d875b4ea58c05495f38a939171226 -> 
  custom:video-decoder-ogg-theora: a1e56fd34408186e4bbccfd4996cb3dc -> 
  custom:framework-win-MediaFoundation: 216162199b28c13a410421893ffa2e32 -> 
  custom:scripting/monoscript/fileName/Tower.cs: 0e51d5638e1e2b20f04394d6225c671a -> 16583eaf01662413665c0a8803428cd6
  custom:scripting/monoscript/fileName/MenuFrame.cs: 575edbd0df24363ab161dfcb310542c7 -> 
  custom:CustomObjectIndexerAttribute: 9a22284fe3817be447336de3de66b15e -> 
  custom:scripting/monoscript/fileName/Readme.cs: 5aedf578fb2663036982fb7b05aaf325 -> 
  custom:scripting/monoscript/fileName/Tooltip.cs: b7163f69ad820c51a0cfd3387a68b1d4 -> efb4e7ecf4b2142538150f2477ca1e4e
  custom:container-demuxer-webm: 4f35f7cbe854078d1ac9338744f61a02 -> 
  custom:scripting/monoscript/fileName/GoldMine.cs: bab3e2ee0cdfb32214ea1458d0239fb0 -> 
  custom:container-muxer-webm: aa71ff27fc2769a1b78a27578f13a17b -> 
  custom:scripting/monoscript/fileName/ReadmeEditor.cs: ff7ced1e41c1b99ddf5dfefc88f6bd50 -> 
  custom:video-decoder-webm-vp8: 9c59270c3fd7afecdb556c50c9e8de78 -> 
  custom:SearchIndexIgnoredProperties: e643bd26f0fe6173181afceb89e7c659 -> 
  custom:AudioImporter_EditorPlatform: d09bf68614088b80899f8185d706f6e7 -> 
  custom:scripting/monoscript/fileName/LumberMill.cs: c2d45524fbd0d6e9a670d983de5f81d7 -> 
  custom:scripting/monoscript/fileName/Slime.cs: e872c3a4bc36777cb1cc31d8379690c8 -> 05272bae05f111c6b0609e32e93d89d5
  custom:scripting/monoscript/fileName/Bar.cs: 890822e7dfd0f89892a6fd3ee944f62e -> 71c40e549b4fade8bed144aaff5a79ac
  custom:scripting/monoscript/fileName/TooltipManager.cs: 902a800de15a4facdbc6dbb1be6c1339 -> bc11dd805cb64c1c2f88cd7ae96fba24
  custom:video-encoder-webm-vp8: eb34c28f22e8b96e1ab97ce403110664 -> 
  custom:audio-decoder-ogg-vorbis: bf7c407c2cedff20999df2af8eb42d56 -> 
  custom:scripting/monoscript/fileName/Bullet.cs: 48ff13ede6c310cc0acf4a30e818a1de -> a4f5918e799041ba1f6608f13912eb8b
  custom:scripting/monoscript/fileName/TowerBuild.cs: 3807a8e615ef6a49dfd3f6bc5055a7a9 -> 9ea8b859a681512b782b9b3988d2f5f8
  custom:scripting/monoscript/fileName/Wave.cs: c8b913f1d5cb3bff026a08ce26c83aad -> 6e300e3b5d1a1dd15fa0115918e06e83
  custom:audio-encoder-webm-vorbis: bf7c407c2cedff20999df2af8eb42d56 -> 
  custom:scripting/monoscript/fileName/WaterReflection.cs: f1c57f2ce2c094032b710e8e5eb21bd7 -> 
  custom:scripting/monoscript/fileName/Tile.cs: e6480a408e34695897b31a69fad2b871 -> a94101d916c115d73aff3567a86e16d8
========================================================================
Received Prepare
Caller must complete domain reload
Begin MonoManager ReloadAssembly
- Loaded All Assemblies, in  0.396 seconds
Native extension for WindowsStandalone target not found
Native extension for WebGL target not found
[Package Manager] Server::EnsureServerProcessIsRunning -- launch failed, reason: Unity was launched with the -noUpm command-line argument
[Package Manager] UpmClient::Send -- Unable to send message (not connected to UPM process).
[Package Manager] Cannot connect to Unity Package Manager local server
Mono: successfully reloaded assembly
- Finished resetting the current domain, in  0.886 seconds
Domain Reload Profiling: 1279ms
	BeginReloadAssembly (137ms)
		ExecutionOrderSort (0ms)
		DisableScriptedObjects (4ms)
		BackupInstance (0ms)
		ReleaseScriptingObjects (0ms)
		CreateAndSetChildDomain (28ms)
	RebuildCommonClasses (31ms)
	RebuildNativeTypeToScriptingClass (11ms)
	initialDomainReloadingComplete (27ms)
	LoadAllAssembliesAndSetupDomain (186ms)
		LoadAssemblies (249ms)
		RebuildTransferFunctionScriptingTraits (0ms)
		AnalyzeDomain (13ms)
			TypeCache.Refresh (6ms)
				TypeCache.ScanAssembly (0ms)
			ScanForSourceGeneratedMonoScriptInfo (0ms)
			ResolveRequiredComponents (5ms)
	FinalizeReload (886ms)
		ReleaseScriptCaches (0ms)
		RebuildScriptCaches (0ms)
		SetupLoadedEditorAssemblies (452ms)
			LogAssemblyErrors (0ms)
			InitializePlatformSupportModulesInManaged (7ms)
			SetLoadedEditorAssemblies (3ms)
			RefreshPlugins (0ms)
			BeforeProcessingInitializeOnLoad (58ms)
			ProcessInitializeOnLoadAttributes (353ms)
			ProcessInitializeOnLoadMethodAttributes (22ms)
			AfterProcessingInitializeOnLoad (9ms)
			EditorAssembliesLoaded (0ms)
		ExecutionOrderSort2 (0ms)
		AwakeInstancesAfterBackupRestoration (7ms)
Refreshing native plugins compatible for Editor in 3.45 ms, found 3 plugins.
Preloading 0 native plugins for Editor in 0.00 ms.
Unloading 3128 Unused Serialized files (Serialized files now loaded: 0)
Unloading 14 unused Assets / (28.7 KB). Loaded Objects now: 3728.
Memory consumption went from 134.6 MB to 134.6 MB.
Total: 3.257700 ms (FindLiveObjects: 0.292500 ms CreateObjectMapping: 0.225100 ms MarkObjects: 2.685100 ms  DeleteObjects: 0.054000 ms)

Prepare: number of updated asset objects reloaded= 0
AssetImportParameters requested are different than current active one (requested -> active):
  custom:container-demuxer-ogg: 62fdf1f143b41e24485cea50d1cbac27 -> 
  custom:scripting/monoscript/fileName/GameManager.cs: f6182d712e34e20e3202214886862cdb -> 9933fbcc6190e2a9171c2ec8808a053e
  custom:scripting/monoscript/fileName/Income.cs: 938d875b4ea58c05495f38a939171226 -> 
  custom:video-decoder-ogg-theora: a1e56fd34408186e4bbccfd4996cb3dc -> 
  custom:framework-win-MediaFoundation: 216162199b28c13a410421893ffa2e32 -> 
  custom:scripting/monoscript/fileName/Tower.cs: 0e51d5638e1e2b20f04394d6225c671a -> 16583eaf01662413665c0a8803428cd6
  custom:scripting/monoscript/fileName/MenuFrame.cs: 575edbd0df24363ab161dfcb310542c7 -> 
  custom:CustomObjectIndexerAttribute: 9a22284fe3817be447336de3de66b15e -> 
  custom:scripting/monoscript/fileName/Readme.cs: 5aedf578fb2663036982fb7b05aaf325 -> 
  custom:scripting/monoscript/fileName/Tooltip.cs: b7163f69ad820c51a0cfd3387a68b1d4 -> efb4e7ecf4b2142538150f2477ca1e4e
  custom:container-demuxer-webm: 4f35f7cbe854078d1ac9338744f61a02 -> 
  custom:scripting/monoscript/fileName/GoldMine.cs: bab3e2ee0cdfb32214ea1458d0239fb0 -> 
  custom:container-muxer-webm: aa71ff27fc2769a1b78a27578f13a17b -> 
  custom:scripting/monoscript/fileName/ReadmeEditor.cs: ff7ced1e41c1b99ddf5dfefc88f6bd50 -> 
  custom:video-decoder-webm-vp8: 9c59270c3fd7afecdb556c50c9e8de78 -> 
  custom:SearchIndexIgnoredProperties: e643bd26f0fe6173181afceb89e7c659 -> 
  custom:AudioImporter_EditorPlatform: d09bf68614088b80899f8185d706f6e7 -> 
  custom:scripting/monoscript/fileName/LumberMill.cs: c2d45524fbd0d6e9a670d983de5f81d7 -> 
  custom:scripting/monoscript/fileName/Slime.cs: e872c3a4bc36777cb1cc31d8379690c8 -> 05272bae05f111c6b0609e32e93d89d5
  custom:scripting/monoscript/fileName/Bar.cs: 890822e7dfd0f89892a6fd3ee944f62e -> 71c40e549b4fade8bed144aaff5a79ac
  custom:scripting/monoscript/fileName/TooltipManager.cs: 902a800de15a4facdbc6dbb1be6c1339 -> bc11dd805cb64c1c2f88cd7ae96fba24
  custom:video-encoder-webm-vp8: eb34c28f22e8b96e1ab97ce403110664 -> 
  custom:audio-decoder-ogg-vorbis: bf7c407c2cedff20999df2af8eb42d56 -> 
  custom:scripting/monoscript/fileName/Bullet.cs: 48ff13ede6c310cc0acf4a30e818a1de -> a4f5918e799041ba1f6608f13912eb8b
  custom:scripting/monoscript/fileName/TowerBuild.cs: 3807a8e615ef6a49dfd3f6bc5055a7a9 -> 9ea8b859a681512b782b9b3988d2f5f8
  custom:scripting/monoscript/fileName/Wave.cs: c8b913f1d5cb3bff026a08ce26c83aad -> 6e300e3b5d1a1dd15fa0115918e06e83
  custom:audio-encoder-webm-vorbis: bf7c407c2cedff20999df2af8eb42d56 -> 
  custom:scripting/monoscript/fileName/WaterReflection.cs: f1c57f2ce2c094032b710e8e5eb21bd7 -> 
  custom:scripting/monoscript/fileName/Tile.cs: e6480a408e34695897b31a69fad2b871 -> a94101d916c115d73aff3567a86e16d8
========================================================================
Received Prepare
Caller must complete domain reload
Begin MonoManager ReloadAssembly
- Loaded All Assemblies, in  0.426 seconds
Native extension for WindowsStandalone target not found
Native extension for WebGL target not found
[Package Manager] Server::EnsureServerProcessIsRunning -- launch failed, reason: Unity was launched with the -noUpm command-line argument
[Package Manager] UpmClient::Send -- Unable to send message (not connected to UPM process).
[Package Manager] Cannot connect to Unity Package Manager local server
Mono: successfully reloaded assembly
- Finished resetting the current domain, in  0.899 seconds
Domain Reload Profiling: 1322ms
	BeginReloadAssembly (145ms)
		ExecutionOrderSort (0ms)
		DisableScriptedObjects (4ms)
		BackupInstance (0ms)
		ReleaseScriptingObjects (0ms)
		CreateAndSetChildDomain (27ms)
	RebuildCommonClasses (32ms)
	RebuildNativeTypeToScriptingClass (11ms)
	initialDomainReloadingComplete (28ms)
	LoadAllAssembliesAndSetupDomain (207ms)
		LoadAssemblies (265ms)
		RebuildTransferFunctionScriptingTraits (0ms)
		AnalyzeDomain (24ms)
			TypeCache.Refresh (8ms)
				TypeCache.ScanAssembly (1ms)
			ScanForSourceGeneratedMonoScriptInfo (7ms)
			ResolveRequiredComponents (7ms)
	FinalizeReload (900ms)
		ReleaseScriptCaches (0ms)
		RebuildScriptCaches (0ms)
		SetupLoadedEditorAssemblies (462ms)
			LogAssemblyErrors (0ms)
			InitializePlatformSupportModulesInManaged (8ms)
			SetLoadedEditorAssemblies (3ms)
			RefreshPlugins (0ms)
			BeforeProcessingInitializeOnLoad (56ms)
			ProcessInitializeOnLoadAttributes (368ms)
			ProcessInitializeOnLoadMethodAttributes (19ms)
			AfterProcessingInitializeOnLoad (7ms)
			EditorAssembliesLoaded (0ms)
		ExecutionOrderSort2 (0ms)
		AwakeInstancesAfterBackupRestoration (7ms)
Refreshing native plugins compatible for Editor in 2.93 ms, found 3 plugins.
Preloading 0 native plugins for Editor in 0.00 ms.
Unloading 3128 Unused Serialized files (Serialized files now loaded: 0)
Unloading 14 unused Assets / (28.6 KB). Loaded Objects now: 3731.
Memory consumption went from 134.6 MB to 134.6 MB.
Total: 2.912700 ms (FindLiveObjects: 0.318700 ms CreateObjectMapping: 0.084900 ms MarkObjects: 2.462200 ms  DeleteObjects: 0.045900 ms)

Prepare: number of updated asset objects reloaded= 0
AssetImportParameters requested are different than current active one (requested -> active):
  custom:container-demuxer-ogg: 62fdf1f143b41e24485cea50d1cbac27 -> 
  custom:scripting/monoscript/fileName/GameManager.cs: f6182d712e34e20e3202214886862cdb -> 9933fbcc6190e2a9171c2ec8808a053e
  custom:scripting/monoscript/fileName/Income.cs: 938d875b4ea58c05495f38a939171226 -> 
  custom:video-decoder-ogg-theora: a1e56fd34408186e4bbccfd4996cb3dc -> 
  custom:framework-win-MediaFoundation: 216162199b28c13a410421893ffa2e32 -> 
  custom:scripting/monoscript/fileName/Tower.cs: 0e51d5638e1e2b20f04394d6225c671a -> 16583eaf01662413665c0a8803428cd6
  custom:scripting/monoscript/fileName/MenuFrame.cs: 575edbd0df24363ab161dfcb310542c7 -> 
  custom:CustomObjectIndexerAttribute: 9a22284fe3817be447336de3de66b15e -> 
  custom:scripting/monoscript/fileName/Readme.cs: 5aedf578fb2663036982fb7b05aaf325 -> 
  custom:scripting/monoscript/fileName/Tooltip.cs: b7163f69ad820c51a0cfd3387a68b1d4 -> efb4e7ecf4b2142538150f2477ca1e4e
  custom:container-demuxer-webm: 4f35f7cbe854078d1ac9338744f61a02 -> 
  custom:scripting/monoscript/fileName/GoldMine.cs: bab3e2ee0cdfb32214ea1458d0239fb0 -> 
  custom:container-muxer-webm: aa71ff27fc2769a1b78a27578f13a17b -> 
  custom:scripting/monoscript/fileName/ReadmeEditor.cs: ff7ced1e41c1b99ddf5dfefc88f6bd50 -> 
  custom:video-decoder-webm-vp8: 9c59270c3fd7afecdb556c50c9e8de78 -> 
  custom:SearchIndexIgnoredProperties: e643bd26f0fe6173181afceb89e7c659 -> 
  custom:AudioImporter_EditorPlatform: d09bf68614088b80899f8185d706f6e7 -> 
  custom:scripting/monoscript/fileName/LumberMill.cs: c2d45524fbd0d6e9a670d983de5f81d7 -> 
  custom:scripting/monoscript/fileName/Slime.cs: e872c3a4bc36777cb1cc31d8379690c8 -> 05272bae05f111c6b0609e32e93d89d5
  custom:scripting/monoscript/fileName/Bar.cs: 890822e7dfd0f89892a6fd3ee944f62e -> 71c40e549b4fade8bed144aaff5a79ac
  custom:scripting/monoscript/fileName/TooltipManager.cs: 902a800de15a4facdbc6dbb1be6c1339 -> bc11dd805cb64c1c2f88cd7ae96fba24
  custom:video-encoder-webm-vp8: eb34c28f22e8b96e1ab97ce403110664 -> 
  custom:audio-decoder-ogg-vorbis: bf7c407c2cedff20999df2af8eb42d56 -> 
  custom:scripting/monoscript/fileName/Bullet.cs: 48ff13ede6c310cc0acf4a30e818a1de -> a4f5918e799041ba1f6608f13912eb8b
  custom:scripting/monoscript/fileName/TowerBuild.cs: 3807a8e615ef6a49dfd3f6bc5055a7a9 -> 9ea8b859a681512b782b9b3988d2f5f8
  custom:scripting/monoscript/fileName/Wave.cs: c8b913f1d5cb3bff026a08ce26c83aad -> 6e300e3b5d1a1dd15fa0115918e06e83
  custom:audio-encoder-webm-vorbis: bf7c407c2cedff20999df2af8eb42d56 -> 
  custom:scripting/monoscript/fileName/WaterReflection.cs: f1c57f2ce2c094032b710e8e5eb21bd7 -> 
  custom:scripting/monoscript/fileName/Tile.cs: e6480a408e34695897b31a69fad2b871 -> a94101d916c115d73aff3567a86e16d8
========================================================================
Received Prepare
Caller must complete domain reload
Begin MonoManager ReloadAssembly
- Loaded All Assemblies, in  0.406 seconds
Native extension for WindowsStandalone target not found
Native extension for WebGL target not found
[Package Manager] Server::EnsureServerProcessIsRunning -- launch failed, reason: Unity was launched with the -noUpm command-line argument
[Package Manager] UpmClient::Send -- Unable to send message (not connected to UPM process).
[Package Manager] Cannot connect to Unity Package Manager local server
Mono: successfully reloaded assembly
- Finished resetting the current domain, in  0.870 seconds
Domain Reload Profiling: 1273ms
	BeginReloadAssembly (141ms)
		ExecutionOrderSort (0ms)
		DisableScriptedObjects (4ms)
		BackupInstance (0ms)
		ReleaseScriptingObjects (0ms)
		CreateAndSetChildDomain (29ms)
	RebuildCommonClasses (33ms)
	RebuildNativeTypeToScriptingClass (11ms)
	initialDomainReloadingComplete (27ms)
	LoadAllAssembliesAndSetupDomain (191ms)
		LoadAssemblies (255ms)
		RebuildTransferFunctionScriptingTraits (0ms)
		AnalyzeDomain (13ms)
			TypeCache.Refresh (5ms)
				TypeCache.ScanAssembly (0ms)
			ScanForSourceGeneratedMonoScriptInfo (0ms)
			ResolveRequiredComponents (5ms)
	FinalizeReload (871ms)
		ReleaseScriptCaches (0ms)
		RebuildScriptCaches (0ms)
		SetupLoadedEditorAssemblies (433ms)
			LogAssemblyErrors (0ms)
			InitializePlatformSupportModulesInManaged (8ms)
			SetLoadedEditorAssemblies (3ms)
			RefreshPlugins (0ms)
			BeforeProcessingInitializeOnLoad (62ms)
			ProcessInitializeOnLoadAttributes (330ms)
			ProcessInitializeOnLoadMethodAttributes (22ms)
			AfterProcessingInitializeOnLoad (8ms)
			EditorAssembliesLoaded (0ms)
		ExecutionOrderSort2 (0ms)
		AwakeInstancesAfterBackupRestoration (6ms)
Refreshing native plugins compatible for Editor in 3.92 ms, found 3 plugins.
Preloading 0 native plugins for Editor in 0.00 ms.
Unloading 3128 Unused Serialized files (Serialized files now loaded: 0)
Unloading 14 unused Assets / (28.6 KB). Loaded Objects now: 3734.
Memory consumption went from 134.6 MB to 134.6 MB.
Total: 2.632800 ms (FindLiveObjects: 0.262800 ms CreateObjectMapping: 0.084800 ms MarkObjects: 2.246400 ms  DeleteObjects: 0.038000 ms)

Prepare: number of updated asset objects reloaded= 0
AssetImportParameters requested are different than current active one (requested -> active):
  custom:container-demuxer-ogg: 62fdf1f143b41e24485cea50d1cbac27 -> 
  custom:scripting/monoscript/fileName/GameManager.cs: f6182d712e34e20e3202214886862cdb -> 9933fbcc6190e2a9171c2ec8808a053e
  custom:scripting/monoscript/fileName/Income.cs: 938d875b4ea58c05495f38a939171226 -> 
  custom:video-decoder-ogg-theora: a1e56fd34408186e4bbccfd4996cb3dc -> 
  custom:framework-win-MediaFoundation: 216162199b28c13a410421893ffa2e32 -> 
  custom:scripting/monoscript/fileName/Tower.cs: 0e51d5638e1e2b20f04394d6225c671a -> 16583eaf01662413665c0a8803428cd6
  custom:scripting/monoscript/fileName/MenuFrame.cs: 575edbd0df24363ab161dfcb310542c7 -> 
  custom:CustomObjectIndexerAttribute: 9a22284fe3817be447336de3de66b15e -> 
  custom:scripting/monoscript/fileName/Readme.cs: 5aedf578fb2663036982fb7b05aaf325 -> 
  custom:scripting/monoscript/fileName/Tooltip.cs: b7163f69ad820c51a0cfd3387a68b1d4 -> efb4e7ecf4b2142538150f2477ca1e4e
  custom:container-demuxer-webm: 4f35f7cbe854078d1ac9338744f61a02 -> 
  custom:scripting/monoscript/fileName/GoldMine.cs: bab3e2ee0cdfb32214ea1458d0239fb0 -> 
  custom:container-muxer-webm: aa71ff27fc2769a1b78a27578f13a17b -> 
  custom:scripting/monoscript/fileName/ReadmeEditor.cs: ff7ced1e41c1b99ddf5dfefc88f6bd50 -> 
  custom:video-decoder-webm-vp8: 9c59270c3fd7afecdb556c50c9e8de78 -> 
  custom:SearchIndexIgnoredProperties: e643bd26f0fe6173181afceb89e7c659 -> 
  custom:AudioImporter_EditorPlatform: d09bf68614088b80899f8185d706f6e7 -> 
  custom:scripting/monoscript/fileName/LumberMill.cs: c2d45524fbd0d6e9a670d983de5f81d7 -> 
  custom:scripting/monoscript/fileName/Slime.cs: e872c3a4bc36777cb1cc31d8379690c8 -> 05272bae05f111c6b0609e32e93d89d5
  custom:scripting/monoscript/fileName/Bar.cs: 890822e7dfd0f89892a6fd3ee944f62e -> 71c40e549b4fade8bed144aaff5a79ac
  custom:scripting/monoscript/fileName/TooltipManager.cs: 902a800de15a4facdbc6dbb1be6c1339 -> bc11dd805cb64c1c2f88cd7ae96fba24
  custom:video-encoder-webm-vp8: eb34c28f22e8b96e1ab97ce403110664 -> 
  custom:audio-decoder-ogg-vorbis: bf7c407c2cedff20999df2af8eb42d56 -> 
  custom:scripting/monoscript/fileName/Bullet.cs: 48ff13ede6c310cc0acf4a30e818a1de -> a4f5918e799041ba1f6608f13912eb8b
  custom:scripting/monoscript/fileName/TowerBuild.cs: 3807a8e615ef6a49dfd3f6bc5055a7a9 -> 9ea8b859a681512b782b9b3988d2f5f8
  custom:scripting/monoscript/fileName/Wave.cs: c8b913f1d5cb3bff026a08ce26c83aad -> 6e300e3b5d1a1dd15fa0115918e06e83
  custom:audio-encoder-webm-vorbis: bf7c407c2cedff20999df2af8eb42d56 -> 
  custom:scripting/monoscript/fileName/WaterReflection.cs: f1c57f2ce2c094032b710e8e5eb21bd7 -> 
  custom:scripting/monoscript/fileName/Tile.cs: e6480a408e34695897b31a69fad2b871 -> a94101d916c115d73aff3567a86e16d8
========================================================================
Received Prepare
Caller must complete domain reload
Begin MonoManager ReloadAssembly
- Loaded All Assemblies, in  0.431 seconds
Native extension for WindowsStandalone target not found
Native extension for WebGL target not found
[Package Manager] Server::EnsureServerProcessIsRunning -- launch failed, reason: Unity was launched with the -noUpm command-line argument
[Package Manager] UpmClient::Send -- Unable to send message (not connected to UPM process).
[Package Manager] Cannot connect to Unity Package Manager local server
Mono: successfully reloaded assembly
- Finished resetting the current domain, in  0.949 seconds
Domain Reload Profiling: 1378ms
	BeginReloadAssembly (146ms)
		ExecutionOrderSort (0ms)
		DisableScriptedObjects (5ms)
		BackupInstance (0ms)
		ReleaseScriptingObjects (0ms)
		CreateAndSetChildDomain (30ms)
	RebuildCommonClasses (37ms)
	RebuildNativeTypeToScriptingClass (14ms)
	initialDomainReloadingComplete (28ms)
	LoadAllAssembliesAndSetupDomain (203ms)
		LoadAssemblies (263ms)
		RebuildTransferFunctionScriptingTraits (0ms)
		AnalyzeDomain (21ms)
			TypeCache.Refresh (8ms)
				TypeCache.ScanAssembly (1ms)
			ScanForSourceGeneratedMonoScriptInfo (6ms)
			ResolveRequiredComponents (5ms)
	FinalizeReload (950ms)
		ReleaseScriptCaches (0ms)
		RebuildScriptCaches (0ms)
		SetupLoadedEditorAssemblies (486ms)
			LogAssemblyErrors (0ms)
			InitializePlatformSupportModulesInManaged (8ms)
			SetLoadedEditorAssemblies (3ms)
			RefreshPlugins (0ms)
			BeforeProcessingInitializeOnLoad (58ms)
			ProcessInitializeOnLoadAttributes (389ms)
			ProcessInitializeOnLoadMethodAttributes (20ms)
			AfterProcessingInitializeOnLoad (8ms)
			EditorAssembliesLoaded (0ms)
		ExecutionOrderSort2 (0ms)
		AwakeInstancesAfterBackupRestoration (7ms)
Refreshing native plugins compatible for Editor in 3.20 ms, found 3 plugins.
Preloading 0 native plugins for Editor in 0.00 ms.
Unloading 3128 Unused Serialized files (Serialized files now loaded: 0)
Unloading 14 unused Assets / (28.6 KB). Loaded Objects now: 3737.
Memory consumption went from 134.6 MB to 134.6 MB.
Total: 2.981600 ms (FindLiveObjects: 0.326900 ms CreateObjectMapping: 0.104900 ms MarkObjects: 2.508700 ms  DeleteObjects: 0.040000 ms)

Prepare: number of updated asset objects reloaded= 0
AssetImportParameters requested are different than current active one (requested -> active):
  custom:container-demuxer-ogg: 62fdf1f143b41e24485cea50d1cbac27 -> 
  custom:scripting/monoscript/fileName/GameManager.cs: f6182d712e34e20e3202214886862cdb -> 9933fbcc6190e2a9171c2ec8808a053e
  custom:scripting/monoscript/fileName/Income.cs: 938d875b4ea58c05495f38a939171226 -> 
  custom:video-decoder-ogg-theora: a1e56fd34408186e4bbccfd4996cb3dc -> 
  custom:framework-win-MediaFoundation: 216162199b28c13a410421893ffa2e32 -> 
  custom:scripting/monoscript/fileName/Tower.cs: 0e51d5638e1e2b20f04394d6225c671a -> 16583eaf01662413665c0a8803428cd6
  custom:scripting/monoscript/fileName/MenuFrame.cs: 575edbd0df24363ab161dfcb310542c7 -> 
  custom:CustomObjectIndexerAttribute: 9a22284fe3817be447336de3de66b15e -> 
  custom:scripting/monoscript/fileName/Readme.cs: 5aedf578fb2663036982fb7b05aaf325 -> 
  custom:scripting/monoscript/fileName/Tooltip.cs: b7163f69ad820c51a0cfd3387a68b1d4 -> efb4e7ecf4b2142538150f2477ca1e4e
  custom:container-demuxer-webm: 4f35f7cbe854078d1ac9338744f61a02 -> 
  custom:scripting/monoscript/fileName/GoldMine.cs: bab3e2ee0cdfb32214ea1458d0239fb0 -> 
  custom:container-muxer-webm: aa71ff27fc2769a1b78a27578f13a17b -> 
  custom:scripting/monoscript/fileName/ReadmeEditor.cs: ff7ced1e41c1b99ddf5dfefc88f6bd50 -> 
  custom:video-decoder-webm-vp8: 9c59270c3fd7afecdb556c50c9e8de78 -> 
  custom:SearchIndexIgnoredProperties: e643bd26f0fe6173181afceb89e7c659 -> 
  custom:AudioImporter_EditorPlatform: d09bf68614088b80899f8185d706f6e7 -> 
  custom:scripting/monoscript/fileName/LumberMill.cs: c2d45524fbd0d6e9a670d983de5f81d7 -> 
  custom:scripting/monoscript/fileName/Slime.cs: e872c3a4bc36777cb1cc31d8379690c8 -> 05272bae05f111c6b0609e32e93d89d5
  custom:scripting/monoscript/fileName/Bar.cs: 890822e7dfd0f89892a6fd3ee944f62e -> 71c40e549b4fade8bed144aaff5a79ac
  custom:scripting/monoscript/fileName/TooltipManager.cs: 902a800de15a4facdbc6dbb1be6c1339 -> bc11dd805cb64c1c2f88cd7ae96fba24
  custom:video-encoder-webm-vp8: eb34c28f22e8b96e1ab97ce403110664 -> 
  custom:audio-decoder-ogg-vorbis: bf7c407c2cedff20999df2af8eb42d56 -> 
  custom:scripting/monoscript/fileName/Bullet.cs: 48ff13ede6c310cc0acf4a30e818a1de -> a4f5918e799041ba1f6608f13912eb8b
  custom:scripting/monoscript/fileName/TowerBuild.cs: 3807a8e615ef6a49dfd3f6bc5055a7a9 -> 9ea8b859a681512b782b9b3988d2f5f8
  custom:scripting/monoscript/fileName/Wave.cs: c8b913f1d5cb3bff026a08ce26c83aad -> 6e300e3b5d1a1dd15fa0115918e06e83
  custom:audio-encoder-webm-vorbis: bf7c407c2cedff20999df2af8eb42d56 -> 
  custom:scripting/monoscript/fileName/WaterReflection.cs: f1c57f2ce2c094032b710e8e5eb21bd7 -> 
  custom:scripting/monoscript/fileName/Tile.cs: e6480a408e34695897b31a69fad2b871 -> a94101d916c115d73aff3567a86e16d8
========================================================================
Received Prepare
Caller must complete domain reload
Begin MonoManager ReloadAssembly
- Loaded All Assemblies, in  0.454 seconds
Native extension for WindowsStandalone target not found
Native extension for WebGL target not found
[Package Manager] Server::EnsureServerProcessIsRunning -- launch failed, reason: Unity was launched with the -noUpm command-line argument
[Package Manager] UpmClient::Send -- Unable to send message (not connected to UPM process).
[Package Manager] Cannot connect to Unity Package Manager local server
Mono: successfully reloaded assembly
- Finished resetting the current domain, in  0.864 seconds
Domain Reload Profiling: 1315ms
	BeginReloadAssembly (174ms)
		ExecutionOrderSort (0ms)
		DisableScriptedObjects (4ms)
		BackupInstance (0ms)
		ReleaseScriptingObjects (0ms)
		CreateAndSetChildDomain (28ms)
	RebuildCommonClasses (43ms)
	RebuildNativeTypeToScriptingClass (11ms)
	initialDomainReloadingComplete (28ms)
	LoadAllAssembliesAndSetupDomain (194ms)
		LoadAssemblies (282ms)
		RebuildTransferFunctionScriptingTraits (0ms)
		AnalyzeDomain (21ms)
			TypeCache.Refresh (8ms)
				TypeCache.ScanAssembly (1ms)
			ScanForSourceGeneratedMonoScriptInfo (6ms)
			ResolveRequiredComponents (6ms)
	FinalizeReload (864ms)
		ReleaseScriptCaches (0ms)
		RebuildScriptCaches (0ms)
		SetupLoadedEditorAssemblies (409ms)
			LogAssemblyErrors (0ms)
			InitializePlatformSupportModulesInManaged (9ms)
			SetLoadedEditorAssemblies (3ms)
			RefreshPlugins (0ms)
			BeforeProcessingInitializeOnLoad (54ms)
			ProcessInitializeOnLoadAttributes (318ms)
			ProcessInitializeOnLoadMethodAttributes (19ms)
			AfterProcessingInitializeOnLoad (7ms)
			EditorAssembliesLoaded (0ms)
		ExecutionOrderSort2 (0ms)
		AwakeInstancesAfterBackupRestoration (6ms)
Refreshing native plugins compatible for Editor in 3.38 ms, found 3 plugins.
Preloading 0 native plugins for Editor in 0.00 ms.
Unloading 3128 Unused Serialized files (Serialized files now loaded: 0)
Unloading 14 unused Assets / (28.7 KB). Loaded Objects now: 3740.
Memory consumption went from 134.6 MB to 134.6 MB.
Total: 2.710600 ms (FindLiveObjects: 0.295000 ms CreateObjectMapping: 0.088600 ms MarkObjects: 2.284600 ms  DeleteObjects: 0.041400 ms)

Prepare: number of updated asset objects reloaded= 0
AssetImportParameters requested are different than current active one (requested -> active):
  custom:container-demuxer-ogg: 62fdf1f143b41e24485cea50d1cbac27 -> 
  custom:scripting/monoscript/fileName/GameManager.cs: f6182d712e34e20e3202214886862cdb -> 9933fbcc6190e2a9171c2ec8808a053e
  custom:scripting/monoscript/fileName/Income.cs: 938d875b4ea58c05495f38a939171226 -> 
  custom:video-decoder-ogg-theora: a1e56fd34408186e4bbccfd4996cb3dc -> 
  custom:framework-win-MediaFoundation: 216162199b28c13a410421893ffa2e32 -> 
  custom:scripting/monoscript/fileName/Tower.cs: 0e51d5638e1e2b20f04394d6225c671a -> 16583eaf01662413665c0a8803428cd6
  custom:scripting/monoscript/fileName/MenuFrame.cs: 575edbd0df24363ab161dfcb310542c7 -> 
  custom:CustomObjectIndexerAttribute: 9a22284fe3817be447336de3de66b15e -> 
  custom:scripting/monoscript/fileName/Readme.cs: 5aedf578fb2663036982fb7b05aaf325 -> 
  custom:scripting/monoscript/fileName/Tooltip.cs: b7163f69ad820c51a0cfd3387a68b1d4 -> efb4e7ecf4b2142538150f2477ca1e4e
  custom:container-demuxer-webm: 4f35f7cbe854078d1ac9338744f61a02 -> 
  custom:scripting/monoscript/fileName/GoldMine.cs: bab3e2ee0cdfb32214ea1458d0239fb0 -> 
  custom:container-muxer-webm: aa71ff27fc2769a1b78a27578f13a17b -> 
  custom:scripting/monoscript/fileName/ReadmeEditor.cs: ff7ced1e41c1b99ddf5dfefc88f6bd50 -> 
  custom:video-decoder-webm-vp8: 9c59270c3fd7afecdb556c50c9e8de78 -> 
  custom:SearchIndexIgnoredProperties: e643bd26f0fe6173181afceb89e7c659 -> 
  custom:AudioImporter_EditorPlatform: d09bf68614088b80899f8185d706f6e7 -> 
  custom:scripting/monoscript/fileName/LumberMill.cs: c2d45524fbd0d6e9a670d983de5f81d7 -> 
  custom:scripting/monoscript/fileName/Slime.cs: e872c3a4bc36777cb1cc31d8379690c8 -> 05272bae05f111c6b0609e32e93d89d5
  custom:scripting/monoscript/fileName/Bar.cs: 890822e7dfd0f89892a6fd3ee944f62e -> 71c40e549b4fade8bed144aaff5a79ac
  custom:scripting/monoscript/fileName/TooltipManager.cs: 902a800de15a4facdbc6dbb1be6c1339 -> bc11dd805cb64c1c2f88cd7ae96fba24
  custom:video-encoder-webm-vp8: eb34c28f22e8b96e1ab97ce403110664 -> 
  custom:audio-decoder-ogg-vorbis: bf7c407c2cedff20999df2af8eb42d56 -> 
  custom:scripting/monoscript/fileName/Bullet.cs: 48ff13ede6c310cc0acf4a30e818a1de -> a4f5918e799041ba1f6608f13912eb8b
  custom:scripting/monoscript/fileName/TowerBuild.cs: 3807a8e615ef6a49dfd3f6bc5055a7a9 -> 9ea8b859a681512b782b9b3988d2f5f8
  custom:scripting/monoscript/fileName/Wave.cs: c8b913f1d5cb3bff026a08ce26c83aad -> 6e300e3b5d1a1dd15fa0115918e06e83
  custom:audio-encoder-webm-vorbis: bf7c407c2cedff20999df2af8eb42d56 -> 
  custom:scripting/monoscript/fileName/WaterReflection.cs: f1c57f2ce2c094032b710e8e5eb21bd7 -> 
  custom:scripting/monoscript/fileName/Tile.cs: e6480a408e34695897b31a69fad2b871 -> a94101d916c115d73aff3567a86e16d8
========================================================================
Received Prepare
Caller must complete domain reload
Begin MonoManager ReloadAssembly
- Loaded All Assemblies, in  0.397 seconds
Native extension for WindowsStandalone target not found
Native extension for WebGL target not found
[Package Manager] Server::EnsureServerProcessIsRunning -- launch failed, reason: Unity was launched with the -noUpm command-line argument
[Package Manager] UpmClient::Send -- Unable to send message (not connected to UPM process).
[Package Manager] Cannot connect to Unity Package Manager local server
Mono: successfully reloaded assembly
- Finished resetting the current domain, in  0.885 seconds
Domain Reload Profiling: 1280ms
	BeginReloadAssembly (138ms)
		ExecutionOrderSort (0ms)
		DisableScriptedObjects (4ms)
		BackupInstance (0ms)
		ReleaseScriptingObjects (0ms)
		CreateAndSetChildDomain (28ms)
	RebuildCommonClasses (31ms)
	RebuildNativeTypeToScriptingClass (11ms)
	initialDomainReloadingComplete (28ms)
	LoadAllAssembliesAndSetupDomain (187ms)
		LoadAssemblies (250ms)
		RebuildTransferFunctionScriptingTraits (0ms)
		AnalyzeDomain (13ms)
			TypeCache.Refresh (5ms)
				TypeCache.ScanAssembly (0ms)
			ScanForSourceGeneratedMonoScriptInfo (0ms)
			ResolveRequiredComponents (5ms)
	FinalizeReload (886ms)
		ReleaseScriptCaches (0ms)
		RebuildScriptCaches (0ms)
		SetupLoadedEditorAssemblies (454ms)
			LogAssemblyErrors (0ms)
			InitializePlatformSupportModulesInManaged (8ms)
			SetLoadedEditorAssemblies (3ms)
			RefreshPlugins (0ms)
			BeforeProcessingInitializeOnLoad (63ms)
			ProcessInitializeOnLoadAttributes (350ms)
			ProcessInitializeOnLoadMethodAttributes (21ms)
			AfterProcessingInitializeOnLoad (8ms)
			EditorAssembliesLoaded (0ms)
		ExecutionOrderSort2 (0ms)
		AwakeInstancesAfterBackupRestoration (7ms)
Refreshing native plugins compatible for Editor in 3.74 ms, found 3 plugins.
Preloading 0 native plugins for Editor in 0.00 ms.
Unloading 3128 Unused Serialized files (Serialized files now loaded: 0)
Unloading 14 unused Assets / (28.7 KB). Loaded Objects now: 3743.
Memory consumption went from 134.6 MB to 134.6 MB.
Total: 3.375300 ms (FindLiveObjects: 0.474300 ms CreateObjectMapping: 0.090600 ms MarkObjects: 2.764300 ms  DeleteObjects: 0.044800 ms)

Prepare: number of updated asset objects reloaded= 0
AssetImportParameters requested are different than current active one (requested -> active):
  custom:container-demuxer-ogg: 62fdf1f143b41e24485cea50d1cbac27 -> 
  custom:scripting/monoscript/fileName/GameManager.cs: f6182d712e34e20e3202214886862cdb -> 9933fbcc6190e2a9171c2ec8808a053e
  custom:scripting/monoscript/fileName/Income.cs: 938d875b4ea58c05495f38a939171226 -> 
  custom:video-decoder-ogg-theora: a1e56fd34408186e4bbccfd4996cb3dc -> 
  custom:framework-win-MediaFoundation: 216162199b28c13a410421893ffa2e32 -> 
  custom:scripting/monoscript/fileName/Tower.cs: 0e51d5638e1e2b20f04394d6225c671a -> 16583eaf01662413665c0a8803428cd6
  custom:scripting/monoscript/fileName/MenuFrame.cs: 575edbd0df24363ab161dfcb310542c7 -> 
  custom:CustomObjectIndexerAttribute: 9a22284fe3817be447336de3de66b15e -> 
  custom:scripting/monoscript/fileName/Readme.cs: 5aedf578fb2663036982fb7b05aaf325 -> 
  custom:scripting/monoscript/fileName/Tooltip.cs: b7163f69ad820c51a0cfd3387a68b1d4 -> efb4e7ecf4b2142538150f2477ca1e4e
  custom:container-demuxer-webm: 4f35f7cbe854078d1ac9338744f61a02 -> 
  custom:scripting/monoscript/fileName/GoldMine.cs: bab3e2ee0cdfb32214ea1458d0239fb0 -> 
  custom:container-muxer-webm: aa71ff27fc2769a1b78a27578f13a17b -> 
  custom:scripting/monoscript/fileName/ReadmeEditor.cs: ff7ced1e41c1b99ddf5dfefc88f6bd50 -> 
  custom:video-decoder-webm-vp8: 9c59270c3fd7afecdb556c50c9e8de78 -> 
  custom:SearchIndexIgnoredProperties: e643bd26f0fe6173181afceb89e7c659 -> 
  custom:AudioImporter_EditorPlatform: d09bf68614088b80899f8185d706f6e7 -> 
  custom:scripting/monoscript/fileName/LumberMill.cs: c2d45524fbd0d6e9a670d983de5f81d7 -> 
  custom:scripting/monoscript/fileName/Slime.cs: e872c3a4bc36777cb1cc31d8379690c8 -> 05272bae05f111c6b0609e32e93d89d5
  custom:scripting/monoscript/fileName/Bar.cs: 890822e7dfd0f89892a6fd3ee944f62e -> 71c40e549b4fade8bed144aaff5a79ac
  custom:scripting/monoscript/fileName/TooltipManager.cs: 902a800de15a4facdbc6dbb1be6c1339 -> bc11dd805cb64c1c2f88cd7ae96fba24
  custom:video-encoder-webm-vp8: eb34c28f22e8b96e1ab97ce403110664 -> 
  custom:audio-decoder-ogg-vorbis: bf7c407c2cedff20999df2af8eb42d56 -> 
  custom:scripting/monoscript/fileName/Bullet.cs: 48ff13ede6c310cc0acf4a30e818a1de -> a4f5918e799041ba1f6608f13912eb8b
  custom:scripting/monoscript/fileName/TowerBuild.cs: 3807a8e615ef6a49dfd3f6bc5055a7a9 -> 9ea8b859a681512b782b9b3988d2f5f8
  custom:scripting/monoscript/fileName/Wave.cs: c8b913f1d5cb3bff026a08ce26c83aad -> 6e300e3b5d1a1dd15fa0115918e06e83
  custom:audio-encoder-webm-vorbis: bf7c407c2cedff20999df2af8eb42d56 -> 
  custom:scripting/monoscript/fileName/WaterReflection.cs: f1c57f2ce2c094032b710e8e5eb21bd7 -> 
  custom:scripting/monoscript/fileName/Tile.cs: e6480a408e34695897b31a69fad2b871 -> a94101d916c115d73aff3567a86e16d8
========================================================================
Received Prepare
Caller must complete domain reload
Begin MonoManager ReloadAssembly
- Loaded All Assemblies, in  0.414 seconds
Native extension for WindowsStandalone target not found
Native extension for WebGL target not found
[Package Manager] Server::EnsureServerProcessIsRunning -- launch failed, reason: Unity was launched with the -noUpm command-line argument
[Package Manager] UpmClient::Send -- Unable to send message (not connected to UPM process).
[Package Manager] Cannot connect to Unity Package Manager local server
Mono: successfully reloaded assembly
- Finished resetting the current domain, in  0.862 seconds
Domain Reload Profiling: 1275ms
	BeginReloadAssembly (143ms)
		ExecutionOrderSort (0ms)
		DisableScriptedObjects (4ms)
		BackupInstance (0ms)
		ReleaseScriptingObjects (0ms)
		CreateAndSetChildDomain (28ms)
	RebuildCommonClasses (37ms)
	RebuildNativeTypeToScriptingClass (11ms)
	initialDomainReloadingComplete (27ms)
	LoadAllAssembliesAndSetupDomain (194ms)
		LoadAssemblies (252ms)
		RebuildTransferFunctionScriptingTraits (0ms)
		AnalyzeDomain (22ms)
			TypeCache.Refresh (8ms)
				TypeCache.ScanAssembly (1ms)
			ScanForSourceGeneratedMonoScriptInfo (6ms)
			ResolveRequiredComponents (5ms)
	FinalizeReload (863ms)
		ReleaseScriptCaches (0ms)
		RebuildScriptCaches (0ms)
		SetupLoadedEditorAssemblies (427ms)
			LogAssemblyErrors (0ms)
			InitializePlatformSupportModulesInManaged (7ms)
			SetLoadedEditorAssemblies (2ms)
			RefreshPlugins (0ms)
			BeforeProcessingInitializeOnLoad (54ms)
			ProcessInitializeOnLoadAttributes (338ms)
			ProcessInitializeOnLoadMethodAttributes (19ms)
			AfterProcessingInitializeOnLoad (7ms)
			EditorAssembliesLoaded (0ms)
		ExecutionOrderSort2 (0ms)
		AwakeInstancesAfterBackupRestoration (6ms)
Refreshing native plugins compatible for Editor in 3.15 ms, found 3 plugins.
Preloading 0 native plugins for Editor in 0.00 ms.
Unloading 3128 Unused Serialized files (Serialized files now loaded: 0)
Unloading 14 unused Assets / (28.6 KB). Loaded Objects now: 3746.
Memory consumption went from 134.6 MB to 134.6 MB.
Total: 2.699000 ms (FindLiveObjects: 0.316600 ms CreateObjectMapping: 0.087700 ms MarkObjects: 2.250600 ms  DeleteObjects: 0.043100 ms)

Prepare: number of updated asset objects reloaded= 0
AssetImportParameters requested are different than current active one (requested -> active):
  custom:container-demuxer-ogg: 62fdf1f143b41e24485cea50d1cbac27 -> 
  custom:scripting/monoscript/fileName/GameManager.cs: f6182d712e34e20e3202214886862cdb -> 9933fbcc6190e2a9171c2ec8808a053e
  custom:scripting/monoscript/fileName/Income.cs: 938d875b4ea58c05495f38a939171226 -> 
  custom:video-decoder-ogg-theora: a1e56fd34408186e4bbccfd4996cb3dc -> 
  custom:framework-win-MediaFoundation: 216162199b28c13a410421893ffa2e32 -> 
  custom:scripting/monoscript/fileName/Tower.cs: 0e51d5638e1e2b20f04394d6225c671a -> 16583eaf01662413665c0a8803428cd6
  custom:scripting/monoscript/fileName/MenuFrame.cs: 575edbd0df24363ab161dfcb310542c7 -> 
  custom:CustomObjectIndexerAttribute: 9a22284fe3817be447336de3de66b15e -> 
  custom:scripting/monoscript/fileName/Readme.cs: 5aedf578fb2663036982fb7b05aaf325 -> 
  custom:scripting/monoscript/fileName/Tooltip.cs: b7163f69ad820c51a0cfd3387a68b1d4 -> efb4e7ecf4b2142538150f2477ca1e4e
  custom:container-demuxer-webm: 4f35f7cbe854078d1ac9338744f61a02 -> 
  custom:scripting/monoscript/fileName/GoldMine.cs: bab3e2ee0cdfb32214ea1458d0239fb0 -> 
  custom:container-muxer-webm: aa71ff27fc2769a1b78a27578f13a17b -> 
  custom:scripting/monoscript/fileName/ReadmeEditor.cs: ff7ced1e41c1b99ddf5dfefc88f6bd50 -> 
  custom:video-decoder-webm-vp8: 9c59270c3fd7afecdb556c50c9e8de78 -> 
  custom:SearchIndexIgnoredProperties: e643bd26f0fe6173181afceb89e7c659 -> 
  custom:AudioImporter_EditorPlatform: d09bf68614088b80899f8185d706f6e7 -> 
  custom:scripting/monoscript/fileName/LumberMill.cs: c2d45524fbd0d6e9a670d983de5f81d7 -> 
  custom:scripting/monoscript/fileName/Slime.cs: e872c3a4bc36777cb1cc31d8379690c8 -> 05272bae05f111c6b0609e32e93d89d5
  custom:scripting/monoscript/fileName/Bar.cs: 890822e7dfd0f89892a6fd3ee944f62e -> 71c40e549b4fade8bed144aaff5a79ac
  custom:scripting/monoscript/fileName/TooltipManager.cs: 902a800de15a4facdbc6dbb1be6c1339 -> bc11dd805cb64c1c2f88cd7ae96fba24
  custom:video-encoder-webm-vp8: eb34c28f22e8b96e1ab97ce403110664 -> 
  custom:audio-decoder-ogg-vorbis: bf7c407c2cedff20999df2af8eb42d56 -> 
  custom:scripting/monoscript/fileName/Bullet.cs: 48ff13ede6c310cc0acf4a30e818a1de -> a4f5918e799041ba1f6608f13912eb8b
  custom:scripting/monoscript/fileName/TowerBuild.cs: 3807a8e615ef6a49dfd3f6bc5055a7a9 -> 9ea8b859a681512b782b9b3988d2f5f8
  custom:scripting/monoscript/fileName/Wave.cs: c8b913f1d5cb3bff026a08ce26c83aad -> 6e300e3b5d1a1dd15fa0115918e06e83
  custom:audio-encoder-webm-vorbis: bf7c407c2cedff20999df2af8eb42d56 -> 
  custom:scripting/monoscript/fileName/WaterReflection.cs: f1c57f2ce2c094032b710e8e5eb21bd7 -> 
  custom:scripting/monoscript/fileName/Tile.cs: e6480a408e34695897b31a69fad2b871 -> a94101d916c115d73aff3567a86e16d8
========================================================================
Received Prepare
Caller must complete domain reload
Begin MonoManager ReloadAssembly
- Loaded All Assemblies, in  0.407 seconds
Native extension for WindowsStandalone target not found
Native extension for WebGL target not found
[Package Manager] Server::EnsureServerProcessIsRunning -- launch failed, reason: Unity was launched with the -noUpm command-line argument
[Package Manager] UpmClient::Send -- Unable to send message (not connected to UPM process).
[Package Manager] Cannot connect to Unity Package Manager local server
Mono: successfully reloaded assembly
- Finished resetting the current domain, in  0.918 seconds
Domain Reload Profiling: 1323ms
	BeginReloadAssembly (140ms)
		ExecutionOrderSort (0ms)
		DisableScriptedObjects (4ms)
		BackupInstance (0ms)
		ReleaseScriptingObjects (0ms)
		CreateAndSetChildDomain (27ms)
	RebuildCommonClasses (31ms)
	RebuildNativeTypeToScriptingClass (11ms)
	initialDomainReloadingComplete (27ms)
	LoadAllAssembliesAndSetupDomain (195ms)
		LoadAssemblies (260ms)
		RebuildTransferFunctionScriptingTraits (0ms)
		AnalyzeDomain (14ms)
			TypeCache.Refresh (6ms)
				TypeCache.ScanAssembly (0ms)
			ScanForSourceGeneratedMonoScriptInfo (0ms)
			ResolveRequiredComponents (6ms)
	FinalizeReload (919ms)
		ReleaseScriptCaches (0ms)
		RebuildScriptCaches (0ms)
		SetupLoadedEditorAssemblies (459ms)
			LogAssemblyErrors (0ms)
			InitializePlatformSupportModulesInManaged (8ms)
			SetLoadedEditorAssemblies (3ms)
			RefreshPlugins (0ms)
			BeforeProcessingInitializeOnLoad (64ms)
			ProcessInitializeOnLoadAttributes (355ms)
			ProcessInitializeOnLoadMethodAttributes (21ms)
			AfterProcessingInitializeOnLoad (8ms)
			EditorAssembliesLoaded (0ms)
		ExecutionOrderSort2 (0ms)
		AwakeInstancesAfterBackupRestoration (7ms)
Refreshing native plugins compatible for Editor in 4.02 ms, found 3 plugins.
Preloading 0 native plugins for Editor in 0.00 ms.
Unloading 3128 Unused Serialized files (Serialized files now loaded: 0)
Unloading 14 unused Assets / (28.6 KB). Loaded Objects now: 3749.
Memory consumption went from 134.6 MB to 134.6 MB.
Total: 3.130500 ms (FindLiveObjects: 0.413700 ms CreateObjectMapping: 0.098100 ms MarkObjects: 2.575500 ms  DeleteObjects: 0.042300 ms)

Prepare: number of updated asset objects reloaded= 0
AssetImportParameters requested are different than current active one (requested -> active):
  custom:container-demuxer-ogg: 62fdf1f143b41e24485cea50d1cbac27 -> 
  custom:scripting/monoscript/fileName/GameManager.cs: f6182d712e34e20e3202214886862cdb -> 9933fbcc6190e2a9171c2ec8808a053e
  custom:scripting/monoscript/fileName/Income.cs: 938d875b4ea58c05495f38a939171226 -> 
  custom:video-decoder-ogg-theora: a1e56fd34408186e4bbccfd4996cb3dc -> 
  custom:framework-win-MediaFoundation: 216162199b28c13a410421893ffa2e32 -> 
  custom:scripting/monoscript/fileName/Tower.cs: 0e51d5638e1e2b20f04394d6225c671a -> 16583eaf01662413665c0a8803428cd6
  custom:scripting/monoscript/fileName/MenuFrame.cs: 575edbd0df24363ab161dfcb310542c7 -> 
  custom:CustomObjectIndexerAttribute: 9a22284fe3817be447336de3de66b15e -> 
  custom:scripting/monoscript/fileName/Readme.cs: 5aedf578fb2663036982fb7b05aaf325 -> 
  custom:scripting/monoscript/fileName/Tooltip.cs: b7163f69ad820c51a0cfd3387a68b1d4 -> efb4e7ecf4b2142538150f2477ca1e4e
  custom:container-demuxer-webm: 4f35f7cbe854078d1ac9338744f61a02 -> 
  custom:scripting/monoscript/fileName/GoldMine.cs: bab3e2ee0cdfb32214ea1458d0239fb0 -> 
  custom:container-muxer-webm: aa71ff27fc2769a1b78a27578f13a17b -> 
  custom:scripting/monoscript/fileName/ReadmeEditor.cs: ff7ced1e41c1b99ddf5dfefc88f6bd50 -> 
  custom:video-decoder-webm-vp8: 9c59270c3fd7afecdb556c50c9e8de78 -> 
  custom:SearchIndexIgnoredProperties: e643bd26f0fe6173181afceb89e7c659 -> 
  custom:AudioImporter_EditorPlatform: d09bf68614088b80899f8185d706f6e7 -> 
  custom:scripting/monoscript/fileName/LumberMill.cs: c2d45524fbd0d6e9a670d983de5f81d7 -> 
  custom:scripting/monoscript/fileName/Slime.cs: e872c3a4bc36777cb1cc31d8379690c8 -> 05272bae05f111c6b0609e32e93d89d5
  custom:scripting/monoscript/fileName/Bar.cs: 890822e7dfd0f89892a6fd3ee944f62e -> 71c40e549b4fade8bed144aaff5a79ac
  custom:scripting/monoscript/fileName/TooltipManager.cs: 902a800de15a4facdbc6dbb1be6c1339 -> bc11dd805cb64c1c2f88cd7ae96fba24
  custom:video-encoder-webm-vp8: eb34c28f22e8b96e1ab97ce403110664 -> 
  custom:audio-decoder-ogg-vorbis: bf7c407c2cedff20999df2af8eb42d56 -> 
  custom:scripting/monoscript/fileName/Bullet.cs: 48ff13ede6c310cc0acf4a30e818a1de -> a4f5918e799041ba1f6608f13912eb8b
  custom:scripting/monoscript/fileName/TowerBuild.cs: 3807a8e615ef6a49dfd3f6bc5055a7a9 -> 9ea8b859a681512b782b9b3988d2f5f8
  custom:scripting/monoscript/fileName/Wave.cs: c8b913f1d5cb3bff026a08ce26c83aad -> 6e300e3b5d1a1dd15fa0115918e06e83
  custom:audio-encoder-webm-vorbis: bf7c407c2cedff20999df2af8eb42d56 -> 
  custom:scripting/monoscript/fileName/WaterReflection.cs: f1c57f2ce2c094032b710e8e5eb21bd7 -> 
  custom:scripting/monoscript/fileName/Tile.cs: e6480a408e34695897b31a69fad2b871 -> a94101d916c115d73aff3567a86e16d8
========================================================================
Received Import Request.
  Time since last request: 1575.271992 seconds.
  path: Assets/Prefabs/ArrowTower.prefab
  artifactKey: Guid(5824a3eb4c50251438fc8288b90d6a00) Importer(815301076,1909f56bfc062723c751e8b465ee728b)
Start importing Assets/Prefabs/ArrowTower.prefab using Guid(5824a3eb4c50251438fc8288b90d6a00) Importer(815301076,1909f56bfc062723c751e8b465ee728b) [PhysX] Initialized MultithreadedTaskDispatcher with 12 workers.
 -> (artifact id: '03bfdf5f20397c4c83cf7eb022091f01') in 0.002235 seconds
Number of updated asset objects reloaded before import = 0
Number of asset objects unloaded after import = 0
========================================================================
Received Import Request.
  Time since last request: 0.000014 seconds.
  path: Assets/Prefabs/Wall.prefab
  artifactKey: Guid(b3ab60e276eaeb34587e23f3e44e0fb8) Importer(815301076,1909f56bfc062723c751e8b465ee728b)
Start importing Assets/Prefabs/Wall.prefab using Guid(b3ab60e276eaeb34587e23f3e44e0fb8) Importer(815301076,1909f56bfc062723c751e8b465ee728b) [PhysX] Initialized MultithreadedTaskDispatcher with 12 workers.
 -> (artifact id: 'a3f6b61967b96ec12cced7389049f728') in 0.000418 seconds
Number of updated asset objects reloaded before import = 0
Number of asset objects unloaded after import = 0
========================================================================
Received Prepare
Caller must complete domain reload
Begin MonoManager ReloadAssembly
- Loaded All Assemblies, in  0.440 seconds
Native extension for WindowsStandalone target not found
Native extension for WebGL target not found
[Package Manager] Server::EnsureServerProcessIsRunning -- launch failed, reason: Unity was launched with the -noUpm command-line argument
[Package Manager] UpmClient::Send -- Unable to send message (not connected to UPM process).
[Package Manager] Cannot connect to Unity Package Manager local server
Mono: successfully reloaded assembly
- Finished resetting the current domain, in  0.889 seconds
Domain Reload Profiling: 1327ms
	BeginReloadAssembly (148ms)
		ExecutionOrderSort (0ms)
		DisableScriptedObjects (4ms)
		BackupInstance (0ms)
		ReleaseScriptingObjects (0ms)
		CreateAndSetChildDomain (27ms)
	RebuildCommonClasses (34ms)
	RebuildNativeTypeToScriptingClass (11ms)
	initialDomainReloadingComplete (28ms)
	LoadAllAssembliesAndSetupDomain (215ms)
		LoadAssemblies (280ms)
		RebuildTransferFunctionScriptingTraits (0ms)
		AnalyzeDomain (21ms)
			TypeCache.Refresh (8ms)
				TypeCache.ScanAssembly (1ms)
			ScanForSourceGeneratedMonoScriptInfo (6ms)
			ResolveRequiredComponents (5ms)
	FinalizeReload (889ms)
		ReleaseScriptCaches (0ms)
		RebuildScriptCaches (0ms)
		SetupLoadedEditorAssemblies (478ms)
			LogAssemblyErrors (0ms)
			InitializePlatformSupportModulesInManaged (8ms)
			SetLoadedEditorAssemblies (3ms)
			RefreshPlugins (0ms)
			BeforeProcessingInitializeOnLoad (55ms)
			ProcessInitializeOnLoadAttributes (387ms)
			ProcessInitializeOnLoadMethodAttributes (18ms)
			AfterProcessingInitializeOnLoad (7ms)
			EditorAssembliesLoaded (0ms)
		ExecutionOrderSort2 (0ms)
		AwakeInstancesAfterBackupRestoration (6ms)
Refreshing native plugins compatible for Editor in 2.92 ms, found 3 plugins.
Preloading 0 native plugins for Editor in 0.00 ms.
Unloading 3127 Unused Serialized files (Serialized files now loaded: 0)
Unloading 14 unused Assets / (28.6 KB). Loaded Objects now: 3752.
Memory consumption went from 134.4 MB to 134.3 MB.
Total: 2.669100 ms (FindLiveObjects: 0.282800 ms CreateObjectMapping: 0.086200 ms MarkObjects: 2.251700 ms  DeleteObjects: 0.047500 ms)

Prepare: number of updated asset objects reloaded= 0
AssetImportParameters requested are different than current active one (requested -> active):
  custom:container-demuxer-ogg: 62fdf1f143b41e24485cea50d1cbac27 -> 
  custom:scripting/monoscript/fileName/GameManager.cs: f6182d712e34e20e3202214886862cdb -> 9933fbcc6190e2a9171c2ec8808a053e
  custom:scripting/monoscript/fileName/Income.cs: 938d875b4ea58c05495f38a939171226 -> 
  custom:video-decoder-ogg-theora: a1e56fd34408186e4bbccfd4996cb3dc -> 
  custom:framework-win-MediaFoundation: 216162199b28c13a410421893ffa2e32 -> 
  custom:scripting/monoscript/fileName/Tower.cs: 0e51d5638e1e2b20f04394d6225c671a -> 16583eaf01662413665c0a8803428cd6
  custom:scripting/monoscript/fileName/MenuFrame.cs: 575edbd0df24363ab161dfcb310542c7 -> 
  custom:CustomObjectIndexerAttribute: 9a22284fe3817be447336de3de66b15e -> 
  custom:scripting/monoscript/fileName/Readme.cs: 5aedf578fb2663036982fb7b05aaf325 -> 
  custom:scripting/monoscript/fileName/Tooltip.cs: b7163f69ad820c51a0cfd3387a68b1d4 -> efb4e7ecf4b2142538150f2477ca1e4e
  custom:container-demuxer-webm: 4f35f7cbe854078d1ac9338744f61a02 -> 
  custom:scripting/monoscript/fileName/GoldMine.cs: bab3e2ee0cdfb32214ea1458d0239fb0 -> 
  custom:container-muxer-webm: aa71ff27fc2769a1b78a27578f13a17b -> 
  custom:scripting/monoscript/fileName/ReadmeEditor.cs: ff7ced1e41c1b99ddf5dfefc88f6bd50 -> 
  custom:video-decoder-webm-vp8: 9c59270c3fd7afecdb556c50c9e8de78 -> 
  custom:SearchIndexIgnoredProperties: e643bd26f0fe6173181afceb89e7c659 -> 
  custom:AudioImporter_EditorPlatform: d09bf68614088b80899f8185d706f6e7 -> 
  custom:scripting/monoscript/fileName/LumberMill.cs: c2d45524fbd0d6e9a670d983de5f81d7 -> 
  custom:scripting/monoscript/fileName/Slime.cs: e872c3a4bc36777cb1cc31d8379690c8 -> 05272bae05f111c6b0609e32e93d89d5
  custom:scripting/monoscript/fileName/Bar.cs: 890822e7dfd0f89892a6fd3ee944f62e -> 71c40e549b4fade8bed144aaff5a79ac
  custom:scripting/monoscript/fileName/TooltipManager.cs: 902a800de15a4facdbc6dbb1be6c1339 -> bc11dd805cb64c1c2f88cd7ae96fba24
  custom:video-encoder-webm-vp8: eb34c28f22e8b96e1ab97ce403110664 -> 
  custom:audio-decoder-ogg-vorbis: bf7c407c2cedff20999df2af8eb42d56 -> 
  custom:scripting/monoscript/fileName/Bullet.cs: 48ff13ede6c310cc0acf4a30e818a1de -> a4f5918e799041ba1f6608f13912eb8b
  custom:scripting/monoscript/fileName/TowerBuild.cs: 3807a8e615ef6a49dfd3f6bc5055a7a9 -> 9ea8b859a681512b782b9b3988d2f5f8
  custom:scripting/monoscript/fileName/Wave.cs: c8b913f1d5cb3bff026a08ce26c83aad -> 6e300e3b5d1a1dd15fa0115918e06e83
  custom:audio-encoder-webm-vorbis: bf7c407c2cedff20999df2af8eb42d56 -> 
  custom:scripting/monoscript/fileName/WaterReflection.cs: f1c57f2ce2c094032b710e8e5eb21bd7 -> 
  custom:scripting/monoscript/fileName/Tile.cs: e6480a408e34695897b31a69fad2b871 -> a94101d916c115d73aff3567a86e16d8
========================================================================
Received Prepare
Caller must complete domain reload
Begin MonoManager ReloadAssembly
- Loaded All Assemblies, in  0.414 seconds
Native extension for WindowsStandalone target not found
Native extension for WebGL target not found
[Package Manager] Server::EnsureServerProcessIsRunning -- launch failed, reason: Unity was launched with the -noUpm command-line argument
[Package Manager] UpmClient::Send -- Unable to send message (not connected to UPM process).
[Package Manager] Cannot connect to Unity Package Manager local server
Mono: successfully reloaded assembly
- Finished resetting the current domain, in  0.872 seconds
Domain Reload Profiling: 1283ms
	BeginReloadAssembly (145ms)
		ExecutionOrderSort (0ms)
		DisableScriptedObjects (4ms)
		BackupInstance (0ms)
		ReleaseScriptingObjects (0ms)
		CreateAndSetChildDomain (30ms)
	RebuildCommonClasses (33ms)
	RebuildNativeTypeToScriptingClass (11ms)
	initialDomainReloadingComplete (29ms)
	LoadAllAssembliesAndSetupDomain (192ms)
		LoadAssemblies (261ms)
		RebuildTransferFunctionScriptingTraits (0ms)
		AnalyzeDomain (12ms)
			TypeCache.Refresh (5ms)
				TypeCache.ScanAssembly (0ms)
			ScanForSourceGeneratedMonoScriptInfo (0ms)
			ResolveRequiredComponents (5ms)
	FinalizeReload (872ms)
		ReleaseScriptCaches (0ms)
		RebuildScriptCaches (0ms)
		SetupLoadedEditorAssemblies (416ms)
			LogAssemblyErrors (0ms)
			InitializePlatformSupportModulesInManaged (9ms)
			SetLoadedEditorAssemblies (3ms)
			RefreshPlugins (0ms)
			BeforeProcessingInitializeOnLoad (63ms)
			ProcessInitializeOnLoadAttributes (316ms)
			ProcessInitializeOnLoadMethodAttributes (18ms)
			AfterProcessingInitializeOnLoad (8ms)
			EditorAssembliesLoaded (0ms)
		ExecutionOrderSort2 (0ms)
		AwakeInstancesAfterBackupRestoration (6ms)
Refreshing native plugins compatible for Editor in 2.90 ms, found 3 plugins.
Preloading 0 native plugins for Editor in 0.00 ms.
Unloading 3128 Unused Serialized files (Serialized files now loaded: 0)
Unloading 14 unused Assets / (28.8 KB). Loaded Objects now: 3755.
Memory consumption went from 134.6 MB to 134.6 MB.
Total: 2.757100 ms (FindLiveObjects: 0.281800 ms CreateObjectMapping: 0.090800 ms MarkObjects: 2.339600 ms  DeleteObjects: 0.044000 ms)

Prepare: number of updated asset objects reloaded= 0
AssetImportParameters requested are different than current active one (requested -> active):
  custom:container-demuxer-ogg: 62fdf1f143b41e24485cea50d1cbac27 -> 
  custom:scripting/monoscript/fileName/GameManager.cs: f6182d712e34e20e3202214886862cdb -> 9933fbcc6190e2a9171c2ec8808a053e
  custom:scripting/monoscript/fileName/Income.cs: 938d875b4ea58c05495f38a939171226 -> 
  custom:video-decoder-ogg-theora: a1e56fd34408186e4bbccfd4996cb3dc -> 
  custom:framework-win-MediaFoundation: 216162199b28c13a410421893ffa2e32 -> 
  custom:scripting/monoscript/fileName/Tower.cs: 0e51d5638e1e2b20f04394d6225c671a -> 16583eaf01662413665c0a8803428cd6
  custom:scripting/monoscript/fileName/MenuFrame.cs: 575edbd0df24363ab161dfcb310542c7 -> 
  custom:CustomObjectIndexerAttribute: 9a22284fe3817be447336de3de66b15e -> 
  custom:scripting/monoscript/fileName/Readme.cs: 5aedf578fb2663036982fb7b05aaf325 -> 
  custom:scripting/monoscript/fileName/Tooltip.cs: b7163f69ad820c51a0cfd3387a68b1d4 -> efb4e7ecf4b2142538150f2477ca1e4e
  custom:container-demuxer-webm: 4f35f7cbe854078d1ac9338744f61a02 -> 
  custom:scripting/monoscript/fileName/GoldMine.cs: bab3e2ee0cdfb32214ea1458d0239fb0 -> 
  custom:container-muxer-webm: aa71ff27fc2769a1b78a27578f13a17b -> 
  custom:scripting/monoscript/fileName/ReadmeEditor.cs: ff7ced1e41c1b99ddf5dfefc88f6bd50 -> 
  custom:video-decoder-webm-vp8: 9c59270c3fd7afecdb556c50c9e8de78 -> 
  custom:SearchIndexIgnoredProperties: e643bd26f0fe6173181afceb89e7c659 -> 
  custom:AudioImporter_EditorPlatform: d09bf68614088b80899f8185d706f6e7 -> 
  custom:scripting/monoscript/fileName/LumberMill.cs: c2d45524fbd0d6e9a670d983de5f81d7 -> 
  custom:scripting/monoscript/fileName/Slime.cs: e872c3a4bc36777cb1cc31d8379690c8 -> 05272bae05f111c6b0609e32e93d89d5
  custom:scripting/monoscript/fileName/Bar.cs: 890822e7dfd0f89892a6fd3ee944f62e -> 71c40e549b4fade8bed144aaff5a79ac
  custom:scripting/monoscript/fileName/TooltipManager.cs: 902a800de15a4facdbc6dbb1be6c1339 -> bc11dd805cb64c1c2f88cd7ae96fba24
  custom:video-encoder-webm-vp8: eb34c28f22e8b96e1ab97ce403110664 -> 
  custom:audio-decoder-ogg-vorbis: bf7c407c2cedff20999df2af8eb42d56 -> 
  custom:scripting/monoscript/fileName/Bullet.cs: 48ff13ede6c310cc0acf4a30e818a1de -> a4f5918e799041ba1f6608f13912eb8b
  custom:scripting/monoscript/fileName/TowerBuild.cs: 3807a8e615ef6a49dfd3f6bc5055a7a9 -> 9ea8b859a681512b782b9b3988d2f5f8
  custom:scripting/monoscript/fileName/Wave.cs: c8b913f1d5cb3bff026a08ce26c83aad -> 6e300e3b5d1a1dd15fa0115918e06e83
  custom:audio-encoder-webm-vorbis: bf7c407c2cedff20999df2af8eb42d56 -> 
  custom:scripting/monoscript/fileName/WaterReflection.cs: f1c57f2ce2c094032b710e8e5eb21bd7 -> 
  custom:scripting/monoscript/fileName/Tile.cs: e6480a408e34695897b31a69fad2b871 -> a94101d916c115d73aff3567a86e16d8
========================================================================
Received Prepare
Refreshing native plugins compatible for Editor in 3.83 ms, found 3 plugins.
Preloading 0 native plugins for Editor in 0.00 ms.
Unloading 1 Unused Serialized files (Serialized files now loaded: 0)
Unloading 1 unused Assets / (3.1 KB). Loaded Objects now: 3755.
Memory consumption went from 86.2 MB to 86.2 MB.
Total: 2.690400 ms (FindLiveObjects: 0.313700 ms CreateObjectMapping: 0.085600 ms MarkObjects: 2.275500 ms  DeleteObjects: 0.015000 ms)

Prepare: number of updated asset objects reloaded= 0
AssetImportParameters requested are different than current active one (requested -> active):
  custom:container-demuxer-ogg: 62fdf1f143b41e24485cea50d1cbac27 -> 
  custom:scripting/monoscript/fileName/GameManager.cs: f6182d712e34e20e3202214886862cdb -> 9933fbcc6190e2a9171c2ec8808a053e
  custom:scripting/monoscript/fileName/Income.cs: 938d875b4ea58c05495f38a939171226 -> 
  custom:video-decoder-ogg-theora: a1e56fd34408186e4bbccfd4996cb3dc -> 
  custom:framework-win-MediaFoundation: 216162199b28c13a410421893ffa2e32 -> 
  custom:scripting/monoscript/fileName/Tower.cs: 0e51d5638e1e2b20f04394d6225c671a -> 16583eaf01662413665c0a8803428cd6
  custom:scripting/monoscript/fileName/MenuFrame.cs: 575edbd0df24363ab161dfcb310542c7 -> 
  custom:CustomObjectIndexerAttribute: 9a22284fe3817be447336de3de66b15e -> 
  custom:scripting/monoscript/fileName/Readme.cs: 5aedf578fb2663036982fb7b05aaf325 -> 
  custom:scripting/monoscript/fileName/Tooltip.cs: b7163f69ad820c51a0cfd3387a68b1d4 -> efb4e7ecf4b2142538150f2477ca1e4e
  custom:container-demuxer-webm: 4f35f7cbe854078d1ac9338744f61a02 -> 
  custom:scripting/monoscript/fileName/GoldMine.cs: bab3e2ee0cdfb32214ea1458d0239fb0 -> 
  custom:container-muxer-webm: aa71ff27fc2769a1b78a27578f13a17b -> 
  custom:scripting/monoscript/fileName/ReadmeEditor.cs: ff7ced1e41c1b99ddf5dfefc88f6bd50 -> 
  custom:video-decoder-webm-vp8: 9c59270c3fd7afecdb556c50c9e8de78 -> 
  custom:SearchIndexIgnoredProperties: e643bd26f0fe6173181afceb89e7c659 -> 
  custom:AudioImporter_EditorPlatform: d09bf68614088b80899f8185d706f6e7 -> 
  custom:scripting/monoscript/fileName/LumberMill.cs: c2d45524fbd0d6e9a670d983de5f81d7 -> 
  custom:scripting/monoscript/fileName/Slime.cs: e872c3a4bc36777cb1cc31d8379690c8 -> 05272bae05f111c6b0609e32e93d89d5
  custom:scripting/monoscript/fileName/Bar.cs: 890822e7dfd0f89892a6fd3ee944f62e -> 71c40e549b4fade8bed144aaff5a79ac
  custom:scripting/monoscript/fileName/TooltipManager.cs: 902a800de15a4facdbc6dbb1be6c1339 -> bc11dd805cb64c1c2f88cd7ae96fba24
  custom:video-encoder-webm-vp8: eb34c28f22e8b96e1ab97ce403110664 -> 
  custom:audio-decoder-ogg-vorbis: bf7c407c2cedff20999df2af8eb42d56 -> 
  custom:scripting/monoscript/fileName/Bullet.cs: 48ff13ede6c310cc0acf4a30e818a1de -> a4f5918e799041ba1f6608f13912eb8b
  custom:scripting/monoscript/fileName/TowerBuild.cs: 3807a8e615ef6a49dfd3f6bc5055a7a9 -> 9ea8b859a681512b782b9b3988d2f5f8
  custom:scripting/monoscript/fileName/Wave.cs: c8b913f1d5cb3bff026a08ce26c83aad -> 6e300e3b5d1a1dd15fa0115918e06e83
  custom:audio-encoder-webm-vorbis: bf7c407c2cedff20999df2af8eb42d56 -> 
  custom:scripting/monoscript/fileName/WaterReflection.cs: f1c57f2ce2c094032b710e8e5eb21bd7 -> 
  custom:scripting/monoscript/fileName/Tile.cs: e6480a408e34695897b31a69fad2b871 -> a94101d916c115d73aff3567a86e16d8
